--
-- PostgreSQL database dump
--

-- Dumped from database version 9.6.10
-- Dumped by pg_dump version 9.6.10

SET statement_timeout = 0;
SET lock_timeout = 0;
SET idle_in_transaction_session_timeout = 0;
SET client_encoding = 'UTF8';
SET standard_conforming_strings = on;
SELECT pg_catalog.set_config('search_path', '', false);
SET check_function_bodies = false;
SET client_min_messages = warning;
SET row_security = off;

--
-- Name: plpgsql; Type: EXTENSION; Schema: -; Owner: 
--

CREATE EXTENSION IF NOT EXISTS plpgsql WITH SCHEMA pg_catalog;


--
-- Name: EXTENSION plpgsql; Type: COMMENT; Schema: -; Owner: 
--

COMMENT ON EXTENSION plpgsql IS 'PL/pgSQL procedural language';


SET default_tablespace = '';

SET default_with_oids = false;

--
-- Name: orders; Type: TABLE; Schema: public; Owner: afra
--

CREATE TABLE public.orders (
    order_id integer NOT NULL,
    user_id integer NOT NULL,
    amount numeric(9,2) NOT NULL
);


ALTER TABLE public.orders OWNER TO afra;

--
-- Name: orders_order_id_seq; Type: SEQUENCE; Schema: public; Owner: afra
--

CREATE SEQUENCE public.orders_order_id_seq
    START WITH 1
    INCREMENT BY 1
    NO MINVALUE
    NO MAXVALUE
    CACHE 1;


ALTER TABLE public.orders_order_id_seq OWNER TO afra;

--
-- Name: orders_order_id_seq; Type: SEQUENCE OWNED BY; Schema: public; Owner: afra
--

ALTER SEQUENCE public.orders_order_id_seq OWNED BY public.orders.order_id;


--
-- Name: orders_products; Type: TABLE; Schema: public; Owner: afra
--

CREATE TABLE public.orders_products (
    orders_product_id integer NOT NULL,
    order_id integer NOT NULL,
    product_id integer NOT NULL,
    quantity integer NOT NULL,
    cost numeric(9,2) NOT NULL
);


ALTER TABLE public.orders_products OWNER TO afra;

--
-- Name: orders_products_orders_product_id_seq; Type: SEQUENCE; Schema: public; Owner: afra
--

CREATE SEQUENCE public.orders_products_orders_product_id_seq
    START WITH 1
    INCREMENT BY 1
    NO MINVALUE
    NO MAXVALUE
    CACHE 1;


ALTER TABLE public.orders_products_orders_product_id_seq OWNER TO afra;

--
-- Name: orders_products_orders_product_id_seq; Type: SEQUENCE OWNED BY; Schema: public; Owner: afra
--

ALTER SEQUENCE public.orders_products_orders_product_id_seq OWNED BY public.orders_products.orders_product_id;


--
-- Name: products; Type: TABLE; Schema: public; Owner: afra
--

CREATE TABLE public.products (
    product_id integer NOT NULL,
    name text NOT NULL,
    unit_price numeric(9,2) NOT NULL
);


ALTER TABLE public.products OWNER TO afra;

--
-- Name: products_product_id_seq; Type: SEQUENCE; Schema: public; Owner: afra
--

CREATE SEQUENCE public.products_product_id_seq
    START WITH 1
    INCREMENT BY 1
    NO MINVALUE
    NO MAXVALUE
    CACHE 1;


ALTER TABLE public.products_product_id_seq OWNER TO afra;

--
-- Name: products_product_id_seq; Type: SEQUENCE OWNED BY; Schema: public; Owner: afra
--

ALTER SEQUENCE public.products_product_id_seq OWNED BY public.products.product_id;


--
-- Name: users; Type: TABLE; Schema: public; Owner: afra
--

CREATE TABLE public.users (
    user_id integer NOT NULL,
    first_name text NOT NULL,
    last_name text
);


ALTER TABLE public.users OWNER TO afra;

--
-- Name: users_user_id_seq; Type: SEQUENCE; Schema: public; Owner: afra
--

CREATE SEQUENCE public.users_user_id_seq
    START WITH 1
    INCREMENT BY 1
    NO MINVALUE
    NO MAXVALUE
    CACHE 1;


ALTER TABLE public.users_user_id_seq OWNER TO afra;

--
-- Name: users_user_id_seq; Type: SEQUENCE OWNED BY; Schema: public; Owner: afra
--

ALTER SEQUENCE public.users_user_id_seq OWNED BY public.users.user_id;


--
-- Name: orders order_id; Type: DEFAULT; Schema: public; Owner: afra
--

ALTER TABLE ONLY public.orders ALTER COLUMN order_id SET DEFAULT nextval('public.orders_order_id_seq'::regclass);


--
-- Name: orders_products orders_product_id; Type: DEFAULT; Schema: public; Owner: afra
--

ALTER TABLE ONLY public.orders_products ALTER COLUMN orders_product_id SET DEFAULT nextval('public.orders_products_orders_product_id_seq'::regclass);


--
-- Name: products product_id; Type: DEFAULT; Schema: public; Owner: afra
--

ALTER TABLE ONLY public.products ALTER COLUMN product_id SET DEFAULT nextval('public.products_product_id_seq'::regclass);


--
-- Name: users user_id; Type: DEFAULT; Schema: public; Owner: afra
--

ALTER TABLE ONLY public.users ALTER COLUMN user_id SET DEFAULT nextval('public.users_user_id_seq'::regclass);


--
-- Data for Name: orders; Type: TABLE DATA; Schema: public; Owner: afra
--

COPY public.orders (order_id, user_id, amount) FROM stdin;
1	1	1043.00
2	1	1180.00
3	1	834.00
4	1	1029.00
5	1	848.00
6	1	1463.00
7	1	1296.00
8	1	1124.00
9	1	1222.00
10	1	986.00
11	1	1381.00
12	1	1142.00
13	1	1251.00
14	1	819.00
15	1	1314.00
16	1	1432.00
17	1	1442.00
18	1	980.00
19	1	717.00
20	1	1530.00
21	1	1303.00
22	1	1171.00
23	1	1255.00
24	1	1072.00
25	1	1310.00
26	1	1402.00
27	1	1455.00
28	1	1127.00
29	1	1252.00
30	1	1344.00
31	1	1532.00
32	1	1138.00
33	1	1095.00
34	1	1344.00
35	1	814.00
36	1	1366.00
37	1	734.00
38	1	1283.00
39	1	1263.00
40	1	1549.00
41	1	1115.00
42	1	1279.00
43	1	871.00
44	1	1195.00
45	1	1317.00
46	1	1148.00
47	1	1099.00
48	1	1039.00
49	1	1121.00
50	1	1484.00
51	2	1230.00
52	2	916.00
53	2	726.00
54	2	960.00
55	2	1624.00
56	2	1074.00
57	2	685.00
58	2	1368.00
59	2	1271.00
60	2	1378.00
61	2	1279.00
62	2	1347.00
63	2	1099.00
64	2	1141.00
65	2	1349.00
66	2	1139.00
67	2	1290.00
68	2	1245.00
69	2	1183.00
70	2	1189.00
71	2	884.00
72	2	967.00
73	2	857.00
74	2	1004.00
75	2	1478.00
76	3	1258.00
77	3	1080.00
78	3	1304.00
79	3	1248.00
80	3	803.00
81	3	1097.00
82	3	1241.00
83	3	1061.00
84	3	1310.00
85	3	1245.00
86	3	1551.00
87	3	1463.00
88	3	737.00
89	3	817.00
90	3	1026.00
91	3	694.00
92	3	1275.00
93	3	1137.00
94	3	1317.00
95	3	1024.00
96	3	1346.00
97	3	1050.00
98	3	1095.00
99	3	1008.00
100	3	1349.00
101	3	1474.00
102	3	1000.00
103	4	1260.00
104	4	1341.00
105	4	1310.00
106	4	1370.00
107	4	1326.00
108	4	969.00
109	4	1245.00
110	4	1121.00
111	4	1099.00
112	4	1292.00
113	4	1236.00
114	4	1272.00
115	4	855.00
116	4	1509.00
117	4	691.00
118	4	1168.00
119	4	1192.00
120	4	923.00
121	4	1234.00
122	4	1634.00
123	5	1242.00
124	5	1342.00
125	5	1064.00
126	5	1354.00
127	5	1054.00
128	5	1006.00
129	5	1048.00
130	5	918.00
131	5	1542.00
132	5	862.00
133	5	1144.00
134	5	1140.00
135	5	1200.00
136	5	1244.00
137	5	1362.00
138	5	1081.00
139	5	1148.00
140	5	1370.00
141	5	1183.00
142	5	1129.00
143	5	1224.00
144	5	1562.00
145	5	751.00
146	5	1270.00
147	5	994.00
148	5	1063.00
149	5	1382.00
150	5	1281.00
151	5	1269.00
152	5	1082.00
153	5	1453.00
154	5	939.00
155	5	658.00
156	6	1049.00
157	6	1267.00
158	6	1462.00
159	6	1657.00
160	6	1532.00
161	6	838.00
162	6	1163.00
163	6	1369.00
164	6	1144.00
165	6	1204.00
166	6	1111.00
167	6	981.00
168	6	1121.00
169	6	1117.00
170	6	961.00
171	6	1190.00
172	6	1345.00
173	6	1035.00
174	6	1420.00
175	6	1176.00
176	6	1240.00
177	6	917.00
178	6	1256.00
179	6	1361.00
180	6	1021.00
181	6	1104.00
182	6	1415.00
183	6	1297.00
184	6	1028.00
185	6	1022.00
186	6	1611.00
187	6	809.00
188	7	1292.00
189	7	1483.00
190	7	1212.00
191	7	1247.00
192	7	1272.00
193	7	796.00
194	7	1389.00
195	7	1072.00
196	7	1417.00
197	7	1294.00
198	7	826.00
199	7	900.00
200	7	1544.00
201	7	1277.00
202	7	1597.00
203	7	954.00
204	7	1249.00
205	7	1399.00
206	7	1219.00
207	7	1290.00
208	7	741.00
209	7	842.00
210	7	723.00
211	7	633.00
212	7	1304.00
213	7	1104.00
214	7	1203.00
215	7	1053.00
216	7	1320.00
217	7	1075.00
218	7	1022.00
219	7	1364.00
220	7	1189.00
221	7	1150.00
222	7	1059.00
223	7	1347.00
224	7	1236.00
225	8	731.00
226	8	1279.00
227	8	1240.00
228	8	1669.00
229	8	986.00
230	8	1432.00
231	8	1137.00
232	8	1194.00
233	8	1268.00
234	8	1019.00
235	8	817.00
236	8	1198.00
237	8	1489.00
238	8	1410.00
239	8	722.00
240	8	1300.00
241	8	1275.00
242	8	1343.00
243	8	1065.00
244	8	1061.00
245	8	1277.00
246	8	1265.00
247	8	910.00
248	8	1184.00
249	8	908.00
250	8	920.00
251	9	1134.00
252	9	1113.00
253	9	977.00
254	9	1140.00
255	9	1531.00
256	9	1185.00
257	9	1148.00
258	9	1029.00
259	9	1041.00
260	9	1151.00
261	9	980.00
262	9	1266.00
263	9	964.00
264	9	1409.00
265	9	621.00
266	9	759.00
267	9	908.00
268	9	1354.00
269	9	1226.00
270	9	770.00
271	9	1258.00
272	9	832.00
273	9	1545.00
274	9	958.00
275	9	1105.00
276	9	692.00
277	9	1606.00
278	9	1500.00
279	9	1076.00
280	9	1094.00
281	9	1410.00
282	9	1336.00
283	9	1348.00
284	9	1307.00
285	9	1137.00
286	9	1255.00
287	9	1213.00
288	9	1270.00
289	9	1075.00
290	9	1478.00
291	9	823.00
292	9	670.00
293	9	1265.00
294	9	1046.00
295	10	978.00
296	10	1299.00
297	10	1288.00
298	10	1496.00
299	10	870.00
300	10	1036.00
301	10	1164.00
302	10	1264.00
303	10	1466.00
304	10	982.00
305	10	1045.00
306	10	908.00
307	10	1271.00
308	10	944.00
309	10	634.00
310	10	1206.00
311	10	1338.00
312	10	1688.00
313	10	1353.00
314	10	1096.00
315	10	1155.00
316	10	1187.00
317	10	1446.00
318	10	1219.00
319	10	1191.00
320	10	1361.00
321	10	938.00
322	10	1252.00
323	10	1255.00
324	10	1704.00
325	10	996.00
326	11	1452.00
327	11	697.00
328	11	990.00
329	11	1316.00
330	11	1252.00
331	11	1313.00
332	11	1181.00
333	11	1135.00
334	11	1060.00
335	11	915.00
336	11	1084.00
337	11	1296.00
338	11	1146.00
339	11	1230.00
340	11	1558.00
341	11	1156.00
342	11	1306.00
343	11	1134.00
344	11	1010.00
345	11	933.00
346	11	1257.00
347	11	1175.00
348	11	793.00
349	11	974.00
350	11	1242.00
351	11	1364.00
352	11	752.00
353	11	927.00
354	11	1114.00
355	11	1396.00
356	11	1436.00
357	11	1183.00
358	11	962.00
359	11	1190.00
360	12	740.00
361	12	1035.00
362	12	1586.00
363	12	1639.00
364	12	1061.00
365	12	1079.00
366	13	687.00
367	13	1130.00
368	13	1413.00
369	13	1487.00
370	13	868.00
371	13	983.00
372	13	1068.00
373	13	918.00
374	13	840.00
375	13	1007.00
376	13	890.00
377	13	1367.00
378	13	1074.00
379	13	932.00
380	13	1855.00
381	13	1071.00
382	13	1113.00
383	13	1523.00
384	13	1079.00
385	13	762.00
386	13	1488.00
387	13	1023.00
388	13	1183.00
389	13	892.00
390	13	1173.00
391	13	923.00
392	13	975.00
393	13	1134.00
394	13	1210.00
395	13	1105.00
396	13	1294.00
397	13	1643.00
398	13	1148.00
399	13	1217.00
400	13	930.00
401	13	781.00
402	13	1093.00
403	13	1083.00
404	13	1084.00
405	13	1182.00
406	13	1097.00
407	13	873.00
408	14	1219.00
409	14	906.00
410	14	903.00
411	14	1105.00
412	14	1029.00
413	14	1145.00
414	14	924.00
415	14	1236.00
416	14	1335.00
417	14	1476.00
418	14	953.00
419	14	977.00
420	14	1182.00
421	14	746.00
422	14	899.00
423	14	1256.00
424	14	1051.00
425	14	1353.00
426	14	1562.00
427	14	1443.00
428	14	1448.00
429	14	1273.00
430	14	1378.00
431	14	1479.00
432	14	965.00
433	14	974.00
434	15	1402.00
435	15	1023.00
436	15	1335.00
437	15	1311.00
438	15	1516.00
439	15	846.00
440	15	1296.00
441	15	1242.00
442	15	1041.00
443	15	1196.00
444	15	1514.00
445	15	1146.00
446	15	654.00
447	15	1213.00
448	15	832.00
449	15	798.00
450	15	1251.00
451	15	1283.00
452	15	1364.00
453	15	1265.00
454	15	1540.00
455	16	1140.00
456	16	957.00
457	16	1147.00
458	16	1416.00
459	16	1088.00
460	16	1264.00
461	16	794.00
462	16	1071.00
463	16	1217.00
464	16	1012.00
465	16	1042.00
466	16	1102.00
467	16	1151.00
468	16	1207.00
469	16	699.00
470	16	1475.00
471	16	918.00
472	16	1000.00
473	16	1568.00
474	16	1435.00
475	16	1271.00
476	16	1064.00
477	16	1393.00
478	16	882.00
479	16	1131.00
480	16	811.00
481	16	1156.00
482	16	1165.00
483	16	1378.00
484	16	1174.00
485	16	1343.00
486	16	1388.00
487	16	1402.00
488	16	1125.00
489	16	1204.00
490	16	1019.00
491	16	1499.00
492	16	1156.00
493	16	1128.00
494	16	1300.00
495	16	1227.00
496	16	846.00
497	16	1270.00
498	16	1335.00
499	16	1409.00
500	17	1260.00
501	17	1144.00
502	17	1057.00
503	17	1304.00
504	17	1284.00
505	17	983.00
506	17	1322.00
507	17	952.00
508	17	1375.00
509	17	1362.00
510	17	1123.00
511	17	924.00
512	17	1122.00
513	17	1477.00
514	17	1155.00
515	17	1471.00
516	17	961.00
517	17	1009.00
518	17	834.00
519	17	1195.00
520	17	1197.00
521	17	1500.00
522	17	1382.00
523	17	1463.00
524	17	1506.00
525	17	1406.00
526	17	1247.00
527	17	1083.00
528	17	1265.00
529	17	1373.00
530	17	749.00
531	17	1065.00
532	17	1029.00
533	17	935.00
534	17	1266.00
535	17	961.00
536	17	1057.00
537	17	1699.00
538	18	1141.00
539	18	914.00
540	18	1202.00
541	18	1043.00
542	18	1236.00
543	18	1087.00
544	18	1129.00
545	18	1037.00
546	18	1053.00
547	18	604.00
548	18	861.00
549	18	1253.00
550	18	1470.00
551	18	1060.00
552	18	1182.00
553	18	1079.00
554	18	1253.00
555	18	1318.00
556	18	1046.00
557	18	1419.00
558	18	1359.00
559	18	1484.00
560	18	1186.00
561	18	1280.00
562	18	1232.00
563	18	1151.00
564	18	700.00
565	18	1380.00
566	18	1013.00
567	18	928.00
568	18	1219.00
569	18	1532.00
570	18	785.00
571	18	1305.00
572	18	1012.00
573	18	1207.00
574	18	801.00
575	19	1315.00
576	19	1109.00
577	19	1134.00
578	19	1276.00
579	19	1130.00
580	19	863.00
581	19	1222.00
582	19	1091.00
583	19	1175.00
584	19	1414.00
585	19	811.00
586	19	900.00
587	19	1059.00
588	19	1174.00
589	19	1168.00
590	19	1359.00
591	19	1375.00
592	19	1298.00
593	19	1339.00
594	19	922.00
595	19	1235.00
596	19	1144.00
597	19	1321.00
598	19	1265.00
599	19	1167.00
600	19	1563.00
601	19	1270.00
602	19	1125.00
603	19	983.00
604	19	968.00
605	19	1217.00
606	19	1010.00
607	19	1279.00
608	19	881.00
609	19	1250.00
610	19	683.00
611	19	1287.00
612	19	1014.00
613	19	1147.00
614	19	1097.00
615	19	891.00
616	19	976.00
617	19	1510.00
618	19	998.00
619	19	974.00
620	19	1298.00
621	20	1587.00
622	20	919.00
623	20	1103.00
624	20	1019.00
625	20	929.00
626	20	1352.00
627	20	968.00
628	20	1277.00
629	21	1419.00
630	21	743.00
631	21	830.00
632	21	1265.00
633	21	1075.00
634	21	1294.00
635	21	1132.00
636	21	984.00
637	21	1463.00
638	21	1343.00
639	21	1349.00
640	21	1328.00
641	21	1066.00
642	21	1228.00
643	22	1425.00
644	23	1119.00
645	23	1467.00
646	23	1128.00
647	23	1210.00
648	23	1069.00
649	23	1414.00
650	23	1220.00
651	23	1299.00
652	23	1037.00
653	23	1068.00
654	23	967.00
655	23	1015.00
656	23	1577.00
657	23	1345.00
658	23	1295.00
659	23	1232.00
660	23	1135.00
661	24	892.00
662	24	1556.00
663	24	871.00
664	24	1301.00
665	24	1363.00
666	24	1293.00
667	25	1254.00
668	25	1481.00
669	25	616.00
670	25	911.00
671	25	927.00
672	25	760.00
673	25	979.00
674	25	1710.00
675	25	798.00
676	25	1271.00
677	25	1384.00
678	25	1236.00
679	25	1366.00
680	25	1180.00
681	26	1165.00
682	26	1230.00
683	26	713.00
684	26	1110.00
685	26	1100.00
686	26	1473.00
687	26	1133.00
688	26	1073.00
689	26	1280.00
690	26	1627.00
691	26	1315.00
692	27	1385.00
693	27	1467.00
694	27	858.00
695	27	1006.00
696	27	1084.00
697	27	1018.00
698	27	1424.00
699	27	1160.00
700	27	954.00
701	27	1302.00
702	27	631.00
703	27	975.00
704	27	977.00
705	27	1057.00
706	27	830.00
707	27	727.00
708	27	1458.00
709	27	645.00
710	27	1027.00
711	27	1619.00
712	27	1448.00
713	27	1375.00
714	27	1252.00
715	27	1354.00
716	27	1382.00
717	27	930.00
718	27	1595.00
719	27	1451.00
720	27	1369.00
721	27	453.00
722	27	1230.00
723	27	868.00
724	27	1357.00
725	27	1305.00
726	27	961.00
727	27	1362.00
728	27	865.00
729	27	1341.00
730	27	1025.00
731	27	1341.00
732	27	1431.00
733	27	978.00
734	27	1069.00
735	28	1247.00
736	29	1431.00
737	29	1267.00
738	29	956.00
739	29	1039.00
740	29	1072.00
741	29	1056.00
742	29	1345.00
743	29	1169.00
744	29	1361.00
745	29	894.00
746	29	1318.00
747	29	1095.00
748	29	1352.00
749	29	1314.00
750	29	1319.00
751	29	1278.00
752	29	932.00
753	29	1340.00
754	29	1196.00
755	29	962.00
756	29	1396.00
757	29	1033.00
758	29	1105.00
759	29	1444.00
760	29	1355.00
761	29	913.00
762	30	1282.00
763	30	1101.00
764	30	1136.00
765	30	924.00
766	30	1544.00
767	30	1051.00
768	30	1443.00
769	30	881.00
770	30	1286.00
771	30	1118.00
772	30	1261.00
773	30	1151.00
774	30	899.00
775	30	1366.00
776	30	1486.00
777	30	1055.00
778	30	1383.00
779	30	1083.00
780	30	985.00
781	30	1258.00
782	30	921.00
783	30	1266.00
784	30	1545.00
785	30	1116.00
786	30	1004.00
787	30	1643.00
788	30	1365.00
789	30	1120.00
790	30	787.00
791	30	1140.00
792	30	1243.00
793	30	1565.00
794	30	1168.00
795	30	838.00
796	30	1068.00
797	31	1349.00
798	31	1051.00
799	31	1273.00
800	31	1441.00
801	31	1286.00
802	31	1520.00
803	31	1209.00
804	31	1020.00
805	31	1112.00
806	31	1336.00
807	31	1211.00
808	31	827.00
809	31	1533.00
810	31	1214.00
811	31	1239.00
812	31	1373.00
813	31	1114.00
814	31	464.00
815	31	1305.00
816	31	1319.00
817	31	1287.00
818	31	1147.00
819	31	1026.00
820	31	1451.00
821	31	1509.00
822	32	1022.00
823	32	1015.00
824	32	1073.00
825	32	823.00
826	32	1079.00
827	32	1178.00
828	32	1638.00
829	32	1246.00
830	32	1480.00
831	32	1308.00
832	32	1101.00
833	32	1245.00
834	32	1474.00
835	32	1334.00
836	32	831.00
837	32	962.00
838	32	909.00
839	32	1226.00
840	32	1499.00
841	32	1201.00
842	32	1745.00
843	32	893.00
844	32	1557.00
845	32	1638.00
846	32	1105.00
847	32	1259.00
848	32	1322.00
849	32	941.00
850	32	1307.00
851	32	1259.00
852	32	959.00
853	32	1566.00
854	32	945.00
855	32	1100.00
856	32	1264.00
857	32	1438.00
858	33	1002.00
859	33	1120.00
860	33	1149.00
861	33	832.00
862	33	1001.00
863	33	1089.00
864	33	1374.00
865	33	1215.00
866	33	1347.00
867	33	1150.00
868	33	698.00
869	33	945.00
870	33	1135.00
871	33	1183.00
872	33	760.00
873	33	1458.00
874	33	1225.00
875	33	1147.00
876	33	1081.00
877	34	1144.00
878	34	1206.00
879	34	1348.00
880	34	1010.00
881	34	1120.00
882	34	1084.00
883	34	1368.00
884	34	986.00
885	34	1153.00
886	34	1202.00
887	34	905.00
888	34	935.00
889	34	1139.00
890	34	948.00
891	34	978.00
892	34	832.00
893	34	1124.00
894	34	1209.00
895	34	1419.00
896	34	1008.00
897	34	1474.00
898	34	899.00
899	34	1613.00
900	34	1463.00
901	34	1069.00
902	34	1241.00
903	34	1155.00
904	34	1240.00
905	34	1364.00
906	34	1158.00
907	34	1494.00
908	34	1211.00
909	34	1081.00
910	34	1354.00
911	34	929.00
912	34	1273.00
913	34	1384.00
914	34	793.00
915	34	913.00
916	34	797.00
917	34	1145.00
918	34	1530.00
919	34	1321.00
920	34	839.00
921	34	968.00
922	34	1358.00
923	35	999.00
924	35	1369.00
925	35	1381.00
926	35	1384.00
927	35	1522.00
928	35	828.00
929	36	901.00
930	36	1396.00
931	36	1486.00
932	36	1130.00
933	36	1205.00
934	36	1029.00
935	36	1100.00
936	36	1151.00
937	36	1120.00
938	36	1279.00
939	36	1667.00
940	36	1550.00
941	36	1287.00
942	36	1426.00
943	36	1259.00
944	36	1500.00
945	36	1120.00
946	36	801.00
947	36	1577.00
948	36	1279.00
949	36	1025.00
950	36	1499.00
951	36	1114.00
952	36	1312.00
953	36	1375.00
954	37	728.00
955	37	1066.00
956	37	1637.00
957	37	994.00
958	37	1365.00
959	37	1351.00
960	37	934.00
961	37	1251.00
962	37	1254.00
963	37	976.00
964	37	1057.00
965	37	1658.00
966	37	879.00
967	37	1242.00
968	37	1382.00
969	37	1312.00
970	37	1318.00
971	37	888.00
972	37	1454.00
973	37	1083.00
974	37	1085.00
975	37	1408.00
976	37	943.00
977	37	972.00
978	37	931.00
979	37	1285.00
980	37	1167.00
981	37	875.00
982	37	1774.00
983	37	1001.00
984	37	1120.00
985	37	1466.00
986	37	1232.00
987	38	1457.00
988	38	990.00
989	38	1367.00
990	38	1769.00
991	38	1074.00
992	38	1168.00
993	38	1172.00
994	38	1160.00
995	38	1252.00
996	38	1326.00
997	38	1398.00
998	38	1351.00
999	38	1195.00
1000	38	1336.00
1001	38	748.00
1002	38	1151.00
1003	38	1391.00
1004	38	991.00
1005	38	1151.00
1006	38	566.00
1007	38	848.00
1008	38	1323.00
1009	38	933.00
1010	38	1391.00
1011	38	907.00
1012	38	1599.00
1013	38	1488.00
1014	38	1543.00
1015	38	1243.00
1016	39	1321.00
1017	39	1247.00
1018	39	1512.00
1019	39	1277.00
1020	39	1447.00
1021	39	936.00
1022	39	1272.00
1023	39	873.00
1024	39	1384.00
1025	39	1225.00
1026	39	1387.00
1027	39	1098.00
1028	39	656.00
1029	39	1158.00
1030	39	938.00
1031	39	1176.00
1032	39	713.00
1033	39	1073.00
1034	39	939.00
1035	39	979.00
1036	39	1178.00
1037	39	921.00
1038	39	1233.00
1039	39	1303.00
1040	39	956.00
1041	39	1540.00
1042	39	1374.00
1043	39	859.00
1044	39	990.00
1045	39	1175.00
1046	39	1203.00
1047	39	1441.00
1048	39	1160.00
1049	39	1049.00
1050	39	1184.00
1051	39	1319.00
1052	39	1336.00
1053	39	1134.00
1054	39	1451.00
1055	39	1380.00
1056	39	1085.00
1057	40	1157.00
1058	40	1583.00
1059	40	1133.00
1060	40	1038.00
1061	40	1046.00
1062	40	1042.00
1063	40	1287.00
1064	40	1123.00
1065	40	1255.00
1066	40	1148.00
1067	41	870.00
1068	41	1390.00
1069	41	1128.00
1070	41	860.00
1071	41	1349.00
1072	41	1529.00
1073	41	1603.00
1074	41	1146.00
1075	41	1154.00
1076	41	850.00
1077	41	1179.00
1078	41	1404.00
1079	41	1243.00
1080	41	1339.00
1081	41	1354.00
1082	41	1347.00
1083	41	1356.00
1084	41	1285.00
1085	41	1390.00
1086	41	1064.00
1087	41	999.00
1088	41	1589.00
1089	41	971.00
1090	41	1346.00
1091	41	957.00
1092	41	1029.00
1093	41	1249.00
1094	41	1527.00
1095	41	953.00
1096	41	1247.00
1097	41	1346.00
1098	41	917.00
1099	41	1071.00
1100	41	1124.00
1101	41	1251.00
1102	41	1333.00
1103	41	1337.00
1104	41	1060.00
1105	41	1562.00
1106	41	736.00
1107	41	1378.00
1108	41	1007.00
1109	41	1446.00
1110	41	843.00
1111	41	978.00
1112	41	1346.00
1113	41	973.00
1114	42	1144.00
1115	42	1001.00
1116	42	885.00
1117	42	1076.00
1118	42	1148.00
1119	42	1037.00
1120	42	1503.00
1121	42	1368.00
1122	42	1199.00
1123	42	1377.00
1124	42	1352.00
1125	42	1061.00
1126	42	1076.00
1127	42	1304.00
1128	42	1181.00
1129	42	792.00
1130	42	833.00
1131	42	1435.00
1132	42	1593.00
1133	42	1062.00
1134	42	1052.00
1135	42	1340.00
1136	42	1139.00
1137	42	1278.00
1138	42	1422.00
1139	42	969.00
1140	42	1496.00
1141	42	1318.00
1142	42	1104.00
1143	42	882.00
1144	42	885.00
1145	43	1097.00
1146	43	1043.00
1147	43	1068.00
1148	43	896.00
1149	43	846.00
1150	43	1135.00
1151	43	740.00
1152	43	1193.00
1153	43	1177.00
1154	43	1570.00
1155	43	1027.00
1156	43	1290.00
1157	43	1012.00
1158	43	1279.00
1159	43	743.00
1160	43	1331.00
1161	43	1112.00
1162	43	1281.00
1163	43	1116.00
1164	43	1057.00
1165	43	1759.00
1166	43	1065.00
1167	43	949.00
1168	43	1432.00
1169	43	1577.00
1170	43	947.00
1171	43	1215.00
1172	43	1375.00
1173	43	861.00
1174	43	523.00
1175	43	759.00
1176	44	1643.00
1177	44	887.00
1178	44	1404.00
1179	44	1030.00
1180	44	1280.00
1181	44	1151.00
1182	44	1414.00
1183	44	1383.00
1184	44	989.00
1185	44	1045.00
1186	44	1042.00
1187	44	1694.00
1188	44	1481.00
1189	44	1249.00
1190	45	1319.00
1191	45	1121.00
1192	45	1460.00
1193	45	1412.00
1194	45	1159.00
1195	45	1088.00
1196	45	1356.00
1197	45	807.00
1198	45	910.00
1199	45	777.00
1200	45	957.00
1201	45	1170.00
1202	45	1187.00
1203	45	1033.00
1204	45	1237.00
1205	45	1565.00
1206	45	1070.00
1207	45	1571.00
1208	45	968.00
1209	45	1171.00
1210	45	1423.00
1211	45	1314.00
1212	45	900.00
1213	46	1148.00
1214	46	864.00
1215	46	1128.00
1216	46	1132.00
1217	46	969.00
1218	46	949.00
1219	46	1196.00
1220	46	1147.00
1221	46	1255.00
1222	46	1448.00
1223	46	1030.00
1224	46	1077.00
1225	46	1334.00
1226	46	1255.00
1227	46	655.00
1228	46	883.00
1229	46	1379.00
1230	46	1173.00
1231	46	1222.00
1232	46	967.00
1233	46	1176.00
1234	46	1263.00
1235	46	1580.00
1236	46	970.00
1237	46	916.00
1238	46	1207.00
1239	47	788.00
1240	47	793.00
1241	47	1086.00
1242	47	969.00
1243	47	1341.00
1244	47	1377.00
1245	47	1322.00
1246	47	1196.00
1247	47	1375.00
1248	47	1208.00
1249	47	1060.00
1250	47	1132.00
1251	47	1283.00
1252	47	1391.00
1253	47	1088.00
1254	47	917.00
1255	47	1567.00
1256	47	1415.00
1257	47	1421.00
1258	47	936.00
1259	47	1265.00
1260	47	1279.00
1261	47	1053.00
1262	47	1120.00
1263	47	1541.00
1264	47	1223.00
1265	47	1360.00
1266	47	903.00
1267	47	1295.00
1268	47	1100.00
1269	47	1360.00
1270	47	1327.00
1271	47	1326.00
1272	47	1024.00
1273	47	997.00
1274	47	1361.00
1275	47	1106.00
1276	47	1170.00
1277	47	954.00
1278	47	1259.00
1279	47	947.00
1280	47	1137.00
1281	47	1248.00
1282	47	1076.00
1283	47	1584.00
1284	47	899.00
1285	47	1500.00
1286	47	1233.00
1287	48	1222.00
1288	48	1138.00
1289	48	1350.00
1290	48	1506.00
1291	48	1112.00
1292	48	880.00
1293	48	1042.00
1294	48	1238.00
1295	48	1709.00
1296	48	1129.00
1297	48	1429.00
1298	48	848.00
1299	48	1448.00
1300	48	1722.00
1301	48	692.00
1302	48	1322.00
1303	48	806.00
1304	48	1238.00
1305	48	1301.00
1306	49	1219.00
1307	49	1187.00
1308	50	788.00
1309	50	1139.00
1310	50	1065.00
1311	50	878.00
1312	50	1236.00
1313	50	1354.00
\.


--
-- Name: orders_order_id_seq; Type: SEQUENCE SET; Schema: public; Owner: afra
--

SELECT pg_catalog.setval('public.orders_order_id_seq', 1313, true);


--
-- Data for Name: orders_products; Type: TABLE DATA; Schema: public; Owner: afra
--

COPY public.orders_products (orders_product_id, order_id, product_id, quantity, cost) FROM stdin;
1	1	51	50	250.00
2	1	52	31	155.00
3	1	53	20	80.00
4	1	54	3	3.00
5	1	55	9	72.00
6	1	56	37	148.00
7	1	57	7	42.00
8	1	58	29	145.00
9	1	59	36	36.00
10	1	60	16	112.00
11	2	51	10	50.00
12	2	52	27	135.00
13	2	53	23	92.00
14	2	54	42	42.00
15	2	55	19	152.00
16	2	56	49	196.00
17	2	57	24	144.00
18	2	58	14	70.00
19	2	59	5	5.00
20	2	60	42	294.00
21	3	51	3	15.00
22	3	52	9	45.00
23	3	53	29	116.00
24	3	54	7	7.00
25	3	55	24	192.00
26	3	56	8	32.00
27	3	57	8	48.00
28	3	58	17	85.00
29	3	59	42	42.00
30	3	60	36	252.00
31	4	51	45	225.00
32	4	52	32	160.00
33	4	53	27	108.00
34	4	54	22	22.00
35	4	55	31	248.00
36	4	56	13	52.00
37	4	57	13	78.00
38	4	58	6	30.00
39	4	59	29	29.00
40	4	60	11	77.00
41	5	51	32	160.00
42	5	52	25	125.00
43	5	53	12	48.00
44	5	54	23	23.00
45	5	55	7	56.00
46	5	56	7	28.00
47	5	57	20	120.00
48	5	58	50	250.00
49	5	59	31	31.00
50	5	60	1	7.00
51	6	51	45	225.00
52	6	52	17	85.00
53	6	53	11	44.00
54	6	54	46	46.00
55	6	55	41	328.00
56	6	56	31	124.00
57	6	57	30	180.00
58	6	58	40	200.00
59	6	59	14	14.00
60	6	60	31	217.00
61	7	51	29	145.00
62	7	52	32	160.00
63	7	53	40	160.00
64	7	54	25	25.00
65	7	55	41	328.00
66	7	56	8	32.00
67	7	57	5	30.00
68	7	58	48	240.00
69	7	59	15	15.00
70	7	60	23	161.00
71	8	51	6	30.00
72	8	52	15	75.00
73	8	53	40	160.00
74	8	54	2	2.00
75	8	55	15	120.00
76	8	56	30	120.00
77	8	57	28	168.00
78	8	58	20	100.00
79	8	59	27	27.00
80	8	60	46	322.00
81	9	51	32	160.00
82	9	52	30	150.00
83	9	53	13	52.00
84	9	54	40	40.00
85	9	55	38	304.00
86	9	56	15	60.00
87	9	57	11	66.00
88	9	58	21	105.00
89	9	59	19	19.00
90	9	60	38	266.00
91	10	51	28	140.00
92	10	52	6	30.00
93	10	53	36	144.00
94	10	54	24	24.00
95	10	55	24	192.00
96	10	56	29	116.00
97	10	57	49	294.00
98	10	58	2	10.00
99	10	59	22	22.00
100	10	60	2	14.00
101	11	51	25	125.00
102	11	52	8	40.00
103	11	53	14	56.00
104	11	54	43	43.00
105	11	55	37	296.00
106	11	56	48	192.00
107	11	57	38	228.00
108	11	58	41	205.00
109	11	59	14	14.00
110	11	60	26	182.00
111	12	51	43	215.00
112	12	52	47	235.00
113	12	53	1	4.00
114	12	54	26	26.00
115	12	55	5	40.00
116	12	56	13	52.00
117	12	57	35	210.00
118	12	58	28	140.00
119	12	59	10	10.00
120	12	60	30	210.00
121	13	51	8	40.00
122	13	52	48	240.00
123	13	53	5	20.00
124	13	54	36	36.00
125	13	55	39	312.00
126	13	56	36	144.00
127	13	57	14	84.00
128	13	58	44	220.00
129	13	59	50	50.00
130	13	60	15	105.00
131	14	51	5	25.00
132	14	52	10	50.00
133	14	53	13	52.00
134	14	54	14	14.00
135	14	55	7	56.00
136	14	56	25	100.00
137	14	57	25	150.00
138	14	58	47	235.00
139	14	59	11	11.00
140	14	60	18	126.00
141	15	51	20	100.00
142	15	52	25	125.00
143	15	53	46	184.00
144	15	54	44	44.00
145	15	55	36	288.00
146	15	56	25	100.00
147	15	57	21	126.00
148	15	58	9	45.00
149	15	59	50	50.00
150	15	60	36	252.00
151	16	51	32	160.00
152	16	52	5	25.00
153	16	53	32	128.00
154	16	54	3	3.00
155	16	55	46	368.00
156	16	56	36	144.00
157	16	57	25	150.00
158	16	58	25	125.00
159	16	59	42	42.00
160	16	60	41	287.00
161	17	51	36	180.00
162	17	52	29	145.00
163	17	53	38	152.00
164	17	54	24	24.00
165	17	55	46	368.00
166	17	56	16	64.00
167	17	57	14	84.00
168	17	58	16	80.00
169	17	59	30	30.00
170	17	60	45	315.00
171	18	51	19	95.00
172	18	52	38	190.00
173	18	53	1	4.00
174	18	54	4	4.00
175	18	55	3	24.00
176	18	56	7	28.00
177	18	57	33	198.00
178	18	58	34	170.00
179	18	59	50	50.00
180	18	60	31	217.00
181	19	51	38	190.00
182	19	52	28	140.00
183	19	53	1	4.00
184	19	54	44	44.00
185	19	55	6	48.00
186	19	56	18	72.00
187	19	57	14	84.00
188	19	58	12	60.00
189	19	59	47	47.00
190	19	60	4	28.00
191	20	51	20	100.00
192	20	52	29	145.00
193	20	53	45	180.00
194	20	54	40	40.00
195	20	55	21	168.00
196	20	56	12	48.00
197	20	57	46	276.00
198	20	58	37	185.00
199	20	59	38	38.00
200	20	60	50	350.00
201	21	51	47	235.00
202	21	52	43	215.00
203	21	53	46	184.00
204	21	54	25	25.00
205	21	55	31	248.00
206	21	56	9	36.00
207	21	57	9	54.00
208	21	58	6	30.00
209	21	59	3	3.00
210	21	60	39	273.00
211	22	51	34	170.00
212	22	52	3	15.00
213	22	53	29	116.00
214	22	54	35	35.00
215	22	55	1	8.00
216	22	56	37	148.00
217	22	57	21	126.00
218	22	58	43	215.00
219	22	59	16	16.00
220	22	60	46	322.00
221	23	51	8	40.00
222	23	52	19	95.00
223	23	53	43	172.00
224	23	54	42	42.00
225	23	55	12	96.00
226	23	56	19	76.00
227	23	57	47	282.00
228	23	58	27	135.00
229	23	59	9	9.00
230	23	60	44	308.00
231	24	51	13	65.00
232	24	52	28	140.00
233	24	53	4	16.00
234	24	54	50	50.00
235	24	55	31	248.00
236	24	56	17	68.00
237	24	57	28	168.00
238	24	58	22	110.00
239	24	59	25	25.00
240	24	60	26	182.00
241	25	51	48	240.00
242	25	52	26	130.00
243	25	53	37	148.00
244	25	54	36	36.00
245	25	55	31	248.00
246	25	56	28	112.00
247	25	57	4	24.00
248	25	58	13	65.00
249	25	59	6	6.00
250	25	60	43	301.00
251	26	51	44	220.00
252	26	52	15	75.00
253	26	53	47	188.00
254	26	54	39	39.00
255	26	55	19	152.00
256	26	56	31	124.00
257	26	57	49	294.00
258	26	58	18	90.00
259	26	59	45	45.00
260	26	60	25	175.00
261	27	51	13	65.00
262	27	52	44	220.00
263	27	53	31	124.00
264	27	54	33	33.00
265	27	55	33	264.00
266	27	56	20	80.00
267	27	57	30	180.00
268	27	58	31	155.00
269	27	59	40	40.00
270	27	60	42	294.00
271	28	51	1	5.00
272	28	52	31	155.00
273	28	53	21	84.00
274	28	54	10	10.00
275	28	55	42	336.00
276	28	56	11	44.00
277	28	57	39	234.00
278	28	58	36	180.00
279	28	59	30	30.00
280	28	60	7	49.00
281	29	51	31	155.00
282	29	52	8	40.00
283	29	53	37	148.00
284	29	54	37	37.00
285	29	55	40	320.00
286	29	56	17	68.00
287	29	57	7	42.00
288	29	58	38	190.00
289	29	59	28	28.00
290	29	60	32	224.00
291	30	51	10	50.00
292	30	52	36	180.00
293	30	53	28	112.00
294	30	54	25	25.00
295	30	55	41	328.00
296	30	56	8	32.00
297	30	57	27	162.00
298	30	58	36	180.00
299	30	59	37	37.00
300	30	60	34	238.00
301	31	51	43	215.00
302	31	52	10	50.00
303	31	53	17	68.00
304	31	54	37	37.00
305	31	55	47	376.00
306	31	56	42	168.00
307	31	57	47	282.00
308	31	58	24	120.00
309	31	59	34	34.00
310	31	60	26	182.00
311	32	51	7	35.00
312	32	52	45	225.00
313	32	53	2	8.00
314	32	54	8	8.00
315	32	55	34	272.00
316	32	56	41	164.00
317	32	57	4	24.00
318	32	58	16	80.00
319	32	59	42	42.00
320	32	60	40	280.00
321	33	51	28	140.00
322	33	52	33	165.00
323	33	53	21	84.00
324	33	54	5	5.00
325	33	55	30	240.00
326	33	56	45	180.00
327	33	57	17	102.00
328	33	58	20	100.00
329	33	59	23	23.00
330	33	60	8	56.00
331	34	51	14	70.00
332	34	52	37	185.00
333	34	53	26	104.00
334	34	54	13	13.00
335	34	55	34	272.00
336	34	56	22	88.00
337	34	57	35	210.00
338	34	58	35	175.00
339	34	59	3	3.00
340	34	60	32	224.00
341	35	51	29	145.00
342	35	52	47	235.00
343	35	53	4	16.00
344	35	54	50	50.00
345	35	55	3	24.00
346	35	56	5	20.00
347	35	57	4	24.00
348	35	58	32	160.00
349	35	59	35	35.00
350	35	60	15	105.00
351	36	51	32	160.00
352	36	52	32	160.00
353	36	53	2	8.00
354	36	54	21	21.00
355	36	55	36	288.00
356	36	56	6	24.00
357	36	57	31	186.00
358	36	58	48	240.00
359	36	59	13	13.00
360	36	60	38	266.00
361	37	51	11	55.00
362	37	52	3	15.00
363	37	53	37	148.00
364	37	54	26	26.00
365	37	55	18	144.00
366	37	56	18	72.00
367	37	57	2	12.00
368	37	58	28	140.00
369	37	59	17	17.00
370	37	60	15	105.00
371	38	51	42	210.00
372	38	52	27	135.00
373	38	53	48	192.00
374	38	54	9	9.00
375	38	55	4	32.00
376	38	56	12	48.00
377	38	57	21	126.00
378	38	58	46	230.00
379	38	59	35	35.00
380	38	60	38	266.00
381	39	51	19	95.00
382	39	52	45	225.00
383	39	53	44	176.00
384	39	54	23	23.00
385	39	55	26	208.00
386	39	56	17	68.00
387	39	57	31	186.00
388	39	58	1	5.00
389	39	59	18	18.00
390	39	60	37	259.00
391	40	51	11	55.00
392	40	52	49	245.00
393	40	53	36	144.00
394	40	54	29	29.00
395	40	55	39	312.00
396	40	56	35	140.00
397	40	57	18	108.00
398	40	58	42	210.00
399	40	59	19	19.00
400	40	60	41	287.00
401	41	51	34	170.00
402	41	52	12	60.00
403	41	53	37	148.00
404	41	54	37	37.00
405	41	55	11	88.00
406	41	56	50	200.00
407	41	57	24	144.00
408	41	58	32	160.00
409	41	59	45	45.00
410	41	60	9	63.00
411	42	51	28	140.00
412	42	52	9	45.00
413	42	53	38	152.00
414	42	54	13	13.00
415	42	55	29	232.00
416	42	56	47	188.00
417	42	57	1	6.00
418	42	58	48	240.00
419	42	59	39	39.00
420	42	60	32	224.00
421	43	51	31	155.00
422	43	52	3	15.00
423	43	53	47	188.00
424	43	54	10	10.00
425	43	55	8	64.00
426	43	56	16	64.00
427	43	57	35	210.00
428	43	58	31	155.00
429	43	59	3	3.00
430	43	60	1	7.00
431	44	51	12	60.00
432	44	52	31	155.00
433	44	53	41	164.00
434	44	54	22	22.00
435	44	55	34	272.00
436	44	56	7	28.00
437	44	57	45	270.00
438	44	58	26	130.00
439	44	59	38	38.00
440	44	60	8	56.00
441	45	51	36	180.00
442	45	52	10	50.00
443	45	53	4	16.00
444	45	54	38	38.00
445	45	55	23	184.00
446	45	56	11	44.00
447	45	57	49	294.00
448	45	58	49	245.00
449	45	59	21	21.00
450	45	60	35	245.00
451	46	51	1	5.00
452	46	52	32	160.00
453	46	53	46	184.00
454	46	54	34	34.00
455	46	55	34	272.00
456	46	56	10	40.00
457	46	57	38	228.00
458	46	58	4	20.00
459	46	59	30	30.00
460	46	60	25	175.00
461	47	51	50	250.00
462	47	52	13	65.00
463	47	53	7	28.00
464	47	54	44	44.00
465	47	55	20	160.00
466	47	56	3	12.00
467	47	57	24	144.00
468	47	58	18	90.00
469	47	59	33	33.00
470	47	60	39	273.00
471	48	51	10	50.00
472	48	52	1	5.00
473	48	53	26	104.00
474	48	54	31	31.00
475	48	55	47	376.00
476	48	56	11	44.00
477	48	57	3	18.00
478	48	58	25	125.00
479	48	59	48	48.00
480	48	60	34	238.00
481	49	51	24	120.00
482	49	52	43	215.00
483	49	53	6	24.00
484	49	54	27	27.00
485	49	55	41	328.00
486	49	56	20	80.00
487	49	57	22	132.00
488	49	58	15	75.00
489	49	59	29	29.00
490	49	60	13	91.00
491	50	51	18	90.00
492	50	52	47	235.00
493	50	53	27	108.00
494	50	54	16	16.00
495	50	55	30	240.00
496	50	56	26	104.00
497	50	57	47	282.00
498	50	58	24	120.00
499	50	59	16	16.00
500	50	60	39	273.00
501	51	51	47	235.00
502	51	52	7	35.00
503	51	53	38	152.00
504	51	54	46	46.00
505	51	55	24	192.00
506	51	56	48	192.00
507	51	57	20	120.00
508	51	58	10	50.00
509	51	59	12	12.00
510	51	60	28	196.00
511	52	51	2	10.00
512	52	52	28	140.00
513	52	53	38	152.00
514	52	54	4	4.00
515	52	55	5	40.00
516	52	56	4	16.00
517	52	57	33	198.00
518	52	58	18	90.00
519	52	59	28	28.00
520	52	60	34	238.00
521	53	51	22	110.00
522	53	52	8	40.00
523	53	53	41	164.00
524	53	54	31	31.00
525	53	55	5	40.00
526	53	56	11	44.00
527	53	57	11	66.00
528	53	58	23	115.00
529	53	59	46	46.00
530	53	60	10	70.00
531	54	51	3	15.00
532	54	52	18	90.00
533	54	53	44	176.00
534	54	54	40	40.00
535	54	55	20	160.00
536	54	56	36	144.00
537	54	57	3	18.00
538	54	58	50	250.00
539	54	59	11	11.00
540	54	60	8	56.00
541	55	51	38	190.00
542	55	52	39	195.00
543	55	53	2	8.00
544	55	54	46	46.00
545	55	55	50	400.00
546	55	56	43	172.00
547	55	57	32	192.00
548	55	58	13	65.00
549	55	59	20	20.00
550	55	60	48	336.00
551	56	51	6	30.00
552	56	52	22	110.00
553	56	53	7	28.00
554	56	54	3	3.00
555	56	55	33	264.00
556	56	56	6	24.00
557	56	57	15	90.00
558	56	58	30	150.00
559	56	59	25	25.00
560	56	60	50	350.00
561	57	51	26	130.00
562	57	52	15	75.00
563	57	53	16	64.00
564	57	54	41	41.00
565	57	55	4	32.00
566	57	56	3	12.00
567	57	57	23	138.00
568	57	58	14	70.00
569	57	59	11	11.00
570	57	60	16	112.00
571	58	51	35	175.00
572	58	52	37	185.00
573	58	53	24	96.00
574	58	54	14	14.00
575	58	55	43	344.00
576	58	56	50	200.00
577	58	57	4	24.00
578	58	58	45	225.00
579	58	59	42	42.00
580	58	60	9	63.00
581	59	51	37	185.00
582	59	52	28	140.00
583	59	53	27	108.00
584	59	54	1	1.00
585	59	55	38	304.00
586	59	56	10	40.00
587	59	57	22	132.00
588	59	58	50	250.00
589	59	59	27	27.00
590	59	60	12	84.00
591	60	51	42	210.00
592	60	52	44	220.00
593	60	53	39	156.00
594	60	54	17	17.00
595	60	55	12	96.00
596	60	56	31	124.00
597	60	57	30	180.00
598	60	58	48	240.00
599	60	59	2	2.00
600	60	60	19	133.00
601	61	51	22	110.00
602	61	52	48	240.00
603	61	53	33	132.00
604	61	54	50	50.00
605	61	55	8	64.00
606	61	56	33	132.00
607	61	57	21	126.00
608	61	58	38	190.00
609	61	59	4	4.00
610	61	60	33	231.00
611	62	51	37	185.00
612	62	52	50	250.00
613	62	53	28	112.00
614	62	54	39	39.00
615	62	55	15	120.00
616	62	56	36	144.00
617	62	57	23	138.00
618	62	58	25	125.00
619	62	59	38	38.00
620	62	60	28	196.00
621	63	51	38	190.00
622	63	52	22	110.00
623	63	53	16	64.00
624	63	54	12	12.00
625	63	55	29	232.00
626	63	56	39	156.00
627	63	57	26	156.00
628	63	58	23	115.00
629	63	59	29	29.00
630	63	60	5	35.00
631	64	51	25	125.00
632	64	52	14	70.00
633	64	53	27	108.00
634	64	54	27	27.00
635	64	55	9	72.00
636	64	56	34	136.00
637	64	57	50	300.00
638	64	58	23	115.00
639	64	59	20	20.00
640	64	60	24	168.00
641	65	51	16	80.00
642	65	52	25	125.00
643	65	53	34	136.00
644	65	54	50	50.00
645	65	55	43	344.00
646	65	56	14	56.00
647	65	57	19	114.00
648	65	58	43	215.00
649	65	59	12	12.00
650	65	60	31	217.00
651	66	51	29	145.00
652	66	52	8	40.00
653	66	53	26	104.00
654	66	54	17	17.00
655	66	55	34	272.00
656	66	56	25	100.00
657	66	57	10	60.00
658	66	58	20	100.00
659	66	59	7	7.00
660	66	60	42	294.00
661	67	51	47	235.00
662	67	52	10	50.00
663	67	53	47	188.00
664	67	54	29	29.00
665	67	55	24	192.00
666	67	56	26	104.00
667	67	57	41	246.00
668	67	58	7	35.00
669	67	59	15	15.00
670	67	60	28	196.00
671	68	51	45	225.00
672	68	52	23	115.00
673	68	53	47	188.00
674	68	54	8	8.00
675	68	55	19	152.00
676	68	56	42	168.00
677	68	57	14	84.00
678	68	58	18	90.00
679	68	59	12	12.00
680	68	60	29	203.00
681	69	51	14	70.00
682	69	52	32	160.00
683	69	53	47	188.00
684	69	54	5	5.00
685	69	55	26	208.00
686	69	56	19	76.00
687	69	57	7	42.00
688	69	58	50	250.00
689	69	59	16	16.00
690	69	60	24	168.00
691	70	51	47	235.00
692	70	52	18	90.00
693	70	53	5	20.00
694	70	54	38	38.00
695	70	55	7	56.00
696	70	56	32	128.00
697	70	57	31	186.00
698	70	58	22	110.00
699	70	59	32	32.00
700	70	60	42	294.00
701	71	51	15	75.00
702	71	52	10	50.00
703	71	53	14	56.00
704	71	54	23	23.00
705	71	55	29	232.00
706	71	56	44	176.00
707	71	57	8	48.00
708	71	58	17	85.00
709	71	59	20	20.00
710	71	60	17	119.00
711	72	51	15	75.00
712	72	52	37	185.00
713	72	53	11	44.00
714	72	54	24	24.00
715	72	55	49	392.00
716	72	56	8	32.00
717	72	57	17	102.00
718	72	58	5	25.00
719	72	59	46	46.00
720	72	60	6	42.00
721	73	51	16	80.00
722	73	52	13	65.00
723	73	53	40	160.00
724	73	54	8	8.00
725	73	55	15	120.00
726	73	56	4	16.00
727	73	57	27	162.00
728	73	58	19	95.00
729	73	59	11	11.00
730	73	60	20	140.00
731	74	51	17	85.00
732	74	52	50	250.00
733	74	53	42	168.00
734	74	54	30	30.00
735	74	55	1	8.00
736	74	56	12	48.00
737	74	57	30	180.00
738	74	58	28	140.00
739	74	59	39	39.00
740	74	60	8	56.00
741	75	51	37	185.00
742	75	52	44	220.00
743	75	53	34	136.00
744	75	54	28	28.00
745	75	55	15	120.00
746	75	56	50	200.00
747	75	57	44	264.00
748	75	58	28	140.00
749	75	59	38	38.00
750	75	60	21	147.00
751	76	51	19	95.00
752	76	52	27	135.00
753	76	53	28	112.00
754	76	54	32	32.00
755	76	55	41	328.00
756	76	56	7	28.00
757	76	57	31	186.00
758	76	58	6	30.00
759	76	59	25	25.00
760	76	60	41	287.00
761	77	51	24	120.00
762	77	52	18	90.00
763	77	53	18	72.00
764	77	54	34	34.00
765	77	55	26	208.00
766	77	56	45	180.00
767	77	57	7	42.00
768	77	58	37	185.00
769	77	59	44	44.00
770	77	60	15	105.00
771	78	51	36	180.00
772	78	52	11	55.00
773	78	53	4	16.00
774	78	54	27	27.00
775	78	55	32	256.00
776	78	56	32	128.00
777	78	57	50	300.00
778	78	58	30	150.00
779	78	59	31	31.00
780	78	60	23	161.00
781	79	51	27	135.00
782	79	52	30	150.00
783	79	53	19	76.00
784	79	54	13	13.00
785	79	55	21	168.00
786	79	56	11	44.00
787	79	57	49	294.00
788	79	58	29	145.00
789	79	59	6	6.00
790	79	60	31	217.00
791	80	51	13	65.00
792	80	52	14	70.00
793	80	53	15	60.00
794	80	54	25	25.00
795	80	55	32	256.00
796	80	56	3	12.00
797	80	57	13	78.00
798	80	58	41	205.00
799	80	59	11	11.00
800	80	60	3	21.00
801	81	51	8	40.00
802	81	52	41	205.00
803	81	53	25	100.00
804	81	54	39	39.00
805	81	55	9	72.00
806	81	56	13	52.00
807	81	57	47	282.00
808	81	58	10	50.00
809	81	59	12	12.00
810	81	60	35	245.00
811	82	51	21	105.00
812	82	52	19	95.00
813	82	53	47	188.00
814	82	54	18	18.00
815	82	55	5	40.00
816	82	56	18	72.00
817	82	57	24	144.00
818	82	58	45	225.00
819	82	59	32	32.00
820	82	60	46	322.00
821	83	51	13	65.00
822	83	52	40	200.00
823	83	53	49	196.00
824	83	54	2	2.00
825	83	55	6	48.00
826	83	56	49	196.00
827	83	57	11	66.00
828	83	58	18	90.00
829	83	59	9	9.00
830	83	60	27	189.00
831	84	51	42	210.00
832	84	52	19	95.00
833	84	53	4	16.00
834	84	54	41	41.00
835	84	55	23	184.00
836	84	56	8	32.00
837	84	57	42	252.00
838	84	58	44	220.00
839	84	59	36	36.00
840	84	60	32	224.00
841	85	51	34	170.00
842	85	52	37	185.00
843	85	53	38	152.00
844	85	54	34	34.00
845	85	55	33	264.00
846	85	56	9	36.00
847	85	57	15	90.00
848	85	58	20	100.00
849	85	59	4	4.00
850	85	60	30	210.00
851	86	51	44	220.00
852	86	52	26	130.00
853	86	53	48	192.00
854	86	54	33	33.00
855	86	55	47	376.00
856	86	56	33	132.00
857	86	57	38	228.00
858	86	58	15	75.00
859	86	59	39	39.00
860	86	60	18	126.00
861	87	51	22	110.00
862	87	52	20	100.00
863	87	53	49	196.00
864	87	54	34	34.00
865	87	55	40	320.00
866	87	56	49	196.00
867	87	57	31	186.00
868	87	58	15	75.00
869	87	59	1	1.00
870	87	60	35	245.00
871	88	51	28	140.00
872	88	52	12	60.00
873	88	53	10	40.00
874	88	54	13	13.00
875	88	55	6	48.00
876	88	56	9	36.00
877	88	57	19	114.00
878	88	58	41	205.00
879	88	59	32	32.00
880	88	60	7	49.00
881	89	51	11	55.00
882	89	52	34	170.00
883	89	53	31	124.00
884	89	54	32	32.00
885	89	55	20	160.00
886	89	56	3	12.00
887	89	57	10	60.00
888	89	58	31	155.00
889	89	59	28	28.00
890	89	60	3	21.00
891	90	51	48	240.00
892	90	52	38	190.00
893	90	53	19	76.00
894	90	54	16	16.00
895	90	55	29	232.00
896	90	56	17	68.00
897	90	57	12	72.00
898	90	58	7	35.00
899	90	59	6	6.00
900	90	60	13	91.00
901	91	51	14	70.00
902	91	52	38	190.00
903	91	53	16	64.00
904	91	54	36	36.00
905	91	55	5	40.00
906	91	56	13	52.00
907	91	57	2	12.00
908	91	58	21	105.00
909	91	59	48	48.00
910	91	60	11	77.00
911	92	51	18	90.00
912	92	52	43	215.00
913	92	53	45	180.00
914	92	54	18	18.00
915	92	55	36	288.00
916	92	56	47	188.00
917	92	57	16	96.00
918	92	58	24	120.00
919	92	59	3	3.00
920	92	60	11	77.00
921	93	51	33	165.00
922	93	52	41	205.00
923	93	53	36	144.00
924	93	54	14	14.00
925	93	55	26	208.00
926	93	56	6	24.00
927	93	57	9	54.00
928	93	58	38	190.00
929	93	59	14	14.00
930	93	60	17	119.00
931	94	51	39	195.00
932	94	52	49	245.00
933	94	53	41	164.00
934	94	54	8	8.00
935	94	55	18	144.00
936	94	56	25	100.00
937	94	57	15	90.00
938	94	58	3	15.00
939	94	59	41	41.00
940	94	60	45	315.00
941	95	51	37	185.00
942	95	52	10	50.00
943	95	53	33	132.00
944	95	54	24	24.00
945	95	55	13	104.00
946	95	56	41	164.00
947	95	57	4	24.00
948	95	58	20	100.00
949	95	59	31	31.00
950	95	60	30	210.00
951	96	51	2	10.00
952	96	52	48	240.00
953	96	53	41	164.00
954	96	54	8	8.00
955	96	55	36	288.00
956	96	56	50	200.00
957	96	57	30	180.00
958	96	58	2	10.00
959	96	59	43	43.00
960	96	60	29	203.00
961	97	51	21	105.00
962	97	52	1	5.00
963	97	53	25	100.00
964	97	54	24	24.00
965	97	55	29	232.00
966	97	56	3	12.00
967	97	57	37	222.00
968	97	58	28	140.00
969	97	59	7	7.00
970	97	60	29	203.00
971	98	51	12	60.00
972	98	52	47	235.00
973	98	53	44	176.00
974	98	54	23	23.00
975	98	55	18	144.00
976	98	56	37	148.00
977	98	57	11	66.00
978	98	58	33	165.00
979	98	59	43	43.00
980	98	60	5	35.00
981	99	51	4	20.00
982	99	52	1	5.00
983	99	53	28	112.00
984	99	54	31	31.00
985	99	55	8	64.00
986	99	56	43	172.00
987	99	57	20	120.00
988	99	58	34	170.00
989	99	59	34	34.00
990	99	60	40	280.00
991	100	51	8	40.00
992	100	52	20	100.00
993	100	53	34	136.00
994	100	54	37	37.00
995	100	55	29	232.00
996	100	56	35	140.00
997	100	57	36	216.00
998	100	58	28	140.00
999	100	59	35	35.00
1000	100	60	39	273.00
1001	101	51	12	60.00
1002	101	52	45	225.00
1003	101	53	39	156.00
1004	101	54	16	16.00
1005	101	55	29	232.00
1006	101	56	25	100.00
1007	101	57	32	192.00
1008	101	58	38	190.00
1009	101	59	2	2.00
1010	101	60	43	301.00
1011	102	51	11	55.00
1012	102	52	7	35.00
1013	102	53	3	12.00
1014	102	54	27	27.00
1015	102	55	1	8.00
1016	102	56	33	132.00
1017	102	57	50	300.00
1018	102	58	45	225.00
1019	102	59	45	45.00
1020	102	60	23	161.00
1021	103	51	39	195.00
1022	103	52	2	10.00
1023	103	53	19	76.00
1024	103	54	17	17.00
1025	103	55	43	344.00
1026	103	56	13	52.00
1027	103	57	5	30.00
1028	103	58	32	160.00
1029	103	59	47	47.00
1030	103	60	47	329.00
1031	104	51	27	135.00
1032	104	52	33	165.00
1033	104	53	46	184.00
1034	104	54	39	39.00
1035	104	55	6	48.00
1036	104	56	35	140.00
1037	104	57	35	210.00
1038	104	58	44	220.00
1039	104	59	39	39.00
1040	104	60	23	161.00
1041	105	51	26	130.00
1042	105	52	19	95.00
1043	105	53	42	168.00
1044	105	54	8	8.00
1045	105	55	25	200.00
1046	105	56	20	80.00
1047	105	57	39	234.00
1048	105	58	34	170.00
1049	105	59	8	8.00
1050	105	60	31	217.00
1051	106	51	27	135.00
1052	106	52	37	185.00
1053	106	53	18	72.00
1054	106	54	21	21.00
1055	106	55	38	304.00
1056	106	56	16	64.00
1057	106	57	22	132.00
1058	106	58	24	120.00
1059	106	59	22	22.00
1060	106	60	45	315.00
1061	107	51	18	90.00
1062	107	52	7	35.00
1063	107	53	39	156.00
1064	107	54	11	11.00
1065	107	55	33	264.00
1066	107	56	26	104.00
1067	107	57	46	276.00
1068	107	58	19	95.00
1069	107	59	8	8.00
1070	107	60	41	287.00
1071	108	51	50	250.00
1072	108	52	16	80.00
1073	108	53	6	24.00
1074	108	54	16	16.00
1075	108	55	3	24.00
1076	108	56	25	100.00
1077	108	57	11	66.00
1078	108	58	47	235.00
1079	108	59	6	6.00
1080	108	60	24	168.00
1081	109	51	40	200.00
1082	109	52	36	180.00
1083	109	53	24	96.00
1084	109	54	28	28.00
1085	109	55	22	176.00
1086	109	56	5	20.00
1087	109	57	48	288.00
1088	109	58	22	110.00
1089	109	59	14	14.00
1090	109	60	19	133.00
1091	110	51	6	30.00
1092	110	52	8	40.00
1093	110	53	50	200.00
1094	110	54	17	17.00
1095	110	55	14	112.00
1096	110	56	39	156.00
1097	110	57	19	114.00
1098	110	58	33	165.00
1099	110	59	35	35.00
1100	110	60	36	252.00
1101	111	51	14	70.00
1102	111	52	10	50.00
1103	111	53	49	196.00
1104	111	54	41	41.00
1105	111	55	30	240.00
1106	111	56	18	72.00
1107	111	57	35	210.00
1108	111	58	29	145.00
1109	111	59	12	12.00
1110	111	60	9	63.00
1111	112	51	10	50.00
1112	112	52	19	95.00
1113	112	53	8	32.00
1114	112	54	49	49.00
1115	112	55	31	248.00
1116	112	56	42	168.00
1117	112	57	22	132.00
1118	112	58	27	135.00
1119	112	59	33	33.00
1120	112	60	50	350.00
1121	113	51	14	70.00
1122	113	52	41	205.00
1123	113	53	43	172.00
1124	113	54	1	1.00
1125	113	55	35	280.00
1126	113	56	3	12.00
1127	113	57	50	300.00
1128	113	58	6	30.00
1129	113	59	33	33.00
1130	113	60	19	133.00
1131	114	51	17	85.00
1132	114	52	19	95.00
1133	114	53	20	80.00
1134	114	54	25	25.00
1135	114	55	3	24.00
1136	114	56	46	184.00
1137	114	57	45	270.00
1138	114	58	45	225.00
1139	114	59	4	4.00
1140	114	60	40	280.00
1141	115	51	8	40.00
1142	115	52	32	160.00
1143	115	53	10	40.00
1144	115	54	21	21.00
1145	115	55	9	72.00
1146	115	56	5	20.00
1147	115	57	35	210.00
1148	115	58	27	135.00
1149	115	59	3	3.00
1150	115	60	22	154.00
1151	116	51	29	145.00
1152	116	52	36	180.00
1153	116	53	4	16.00
1154	116	54	48	48.00
1155	116	55	22	176.00
1156	116	56	43	172.00
1157	116	57	46	276.00
1158	116	58	41	205.00
1159	116	59	46	46.00
1160	116	60	35	245.00
1161	117	51	4	20.00
1162	117	52	3	15.00
1163	117	53	11	44.00
1164	117	54	5	5.00
1165	117	55	12	96.00
1166	117	56	46	184.00
1167	117	57	15	90.00
1168	117	58	16	80.00
1169	117	59	45	45.00
1170	117	60	16	112.00
1171	118	51	46	230.00
1172	118	52	22	110.00
1173	118	53	5	20.00
1174	118	54	19	19.00
1175	118	55	37	296.00
1176	118	56	15	60.00
1177	118	57	40	240.00
1178	118	58	4	20.00
1179	118	59	19	19.00
1180	118	60	22	154.00
1181	119	51	13	65.00
1182	119	52	19	95.00
1183	119	53	37	148.00
1184	119	54	16	16.00
1185	119	55	28	224.00
1186	119	56	30	120.00
1187	119	57	11	66.00
1188	119	58	44	220.00
1189	119	59	49	49.00
1190	119	60	27	189.00
1191	120	51	39	195.00
1192	120	52	22	110.00
1193	120	53	15	60.00
1194	120	54	31	31.00
1195	120	55	27	216.00
1196	120	56	6	24.00
1197	120	57	9	54.00
1198	120	58	5	25.00
1199	120	59	40	40.00
1200	120	60	24	168.00
1201	121	51	5	25.00
1202	121	52	16	80.00
1203	121	53	4	16.00
1204	121	54	29	29.00
1205	121	55	11	88.00
1206	121	56	39	156.00
1207	121	57	44	264.00
1208	121	58	37	185.00
1209	121	59	48	48.00
1210	121	60	49	343.00
1211	122	51	7	35.00
1212	122	52	38	190.00
1213	122	53	44	176.00
1214	122	54	13	13.00
1215	122	55	42	336.00
1216	122	56	17	68.00
1217	122	57	48	288.00
1218	122	58	41	205.00
1219	122	59	36	36.00
1220	122	60	41	287.00
1221	123	51	7	35.00
1222	123	52	38	190.00
1223	123	53	48	192.00
1224	123	54	46	46.00
1225	123	55	10	80.00
1226	123	56	41	164.00
1227	123	57	30	180.00
1228	123	58	18	90.00
1229	123	59	34	34.00
1230	123	60	33	231.00
1231	124	51	38	190.00
1232	124	52	35	175.00
1233	124	53	20	80.00
1234	124	54	35	35.00
1235	124	55	24	192.00
1236	124	56	18	72.00
1237	124	57	27	162.00
1238	124	58	15	75.00
1239	124	59	25	25.00
1240	124	60	48	336.00
1241	125	51	35	175.00
1242	125	52	6	30.00
1243	125	53	17	68.00
1244	125	54	27	27.00
1245	125	55	41	328.00
1246	125	56	16	64.00
1247	125	57	12	72.00
1248	125	58	33	165.00
1249	125	59	37	37.00
1250	125	60	14	98.00
1251	126	51	48	240.00
1252	126	52	50	250.00
1253	126	53	13	52.00
1254	126	54	15	15.00
1255	126	55	2	16.00
1256	126	56	43	172.00
1257	126	57	36	216.00
1258	126	58	50	250.00
1259	126	59	38	38.00
1260	126	60	15	105.00
1261	127	51	35	175.00
1262	127	52	31	155.00
1263	127	53	12	48.00
1264	127	54	7	7.00
1265	127	55	30	240.00
1266	127	56	24	96.00
1267	127	57	31	186.00
1268	127	58	20	100.00
1269	127	59	33	33.00
1270	127	60	2	14.00
1271	128	51	44	220.00
1272	128	52	9	45.00
1273	128	53	17	68.00
1274	128	54	10	10.00
1275	128	55	14	112.00
1276	128	56	45	180.00
1277	128	57	27	162.00
1278	128	58	21	105.00
1279	128	59	27	27.00
1280	128	60	11	77.00
1281	129	51	26	130.00
1282	129	52	31	155.00
1283	129	53	48	192.00
1284	129	54	3	3.00
1285	129	55	10	80.00
1286	129	56	11	44.00
1287	129	57	20	120.00
1288	129	58	20	100.00
1289	129	59	21	21.00
1290	129	60	29	203.00
1291	130	51	32	160.00
1292	130	52	26	130.00
1293	130	53	28	112.00
1294	130	54	27	27.00
1295	130	55	18	144.00
1296	130	56	35	140.00
1297	130	57	12	72.00
1298	130	58	9	45.00
1299	130	59	39	39.00
1300	130	60	7	49.00
1301	131	51	41	205.00
1302	131	52	46	230.00
1303	131	53	30	120.00
1304	131	54	42	42.00
1305	131	55	50	400.00
1306	131	56	1	4.00
1307	131	57	28	168.00
1308	131	58	41	205.00
1309	131	59	14	14.00
1310	131	60	22	154.00
1311	132	51	2	10.00
1312	132	52	1	5.00
1313	132	53	22	88.00
1314	132	54	13	13.00
1315	132	55	24	192.00
1316	132	56	18	72.00
1317	132	57	17	102.00
1318	132	58	33	165.00
1319	132	59	5	5.00
1320	132	60	30	210.00
1321	133	51	28	140.00
1322	133	52	27	135.00
1323	133	53	40	160.00
1324	133	54	6	6.00
1325	133	55	23	184.00
1326	133	56	42	168.00
1327	133	57	11	66.00
1328	133	58	26	130.00
1329	133	59	8	8.00
1330	133	60	21	147.00
1331	134	51	28	140.00
1332	134	52	49	245.00
1333	134	53	4	16.00
1334	134	54	11	11.00
1335	134	55	5	40.00
1336	134	56	28	112.00
1337	134	57	29	174.00
1338	134	58	14	70.00
1339	134	59	3	3.00
1340	134	60	47	329.00
1341	135	51	36	180.00
1342	135	52	25	125.00
1343	135	53	13	52.00
1344	135	54	10	10.00
1345	135	55	36	288.00
1346	135	56	23	92.00
1347	135	57	5	30.00
1348	135	58	30	150.00
1349	135	59	42	42.00
1350	135	60	33	231.00
1351	136	51	32	160.00
1352	136	52	50	250.00
1353	136	53	18	72.00
1354	136	54	37	37.00
1355	136	55	19	152.00
1356	136	56	9	36.00
1357	136	57	37	222.00
1358	136	58	27	135.00
1359	136	59	12	12.00
1360	136	60	24	168.00
1361	137	51	40	200.00
1362	137	52	3	15.00
1363	137	53	38	152.00
1364	137	54	11	11.00
1365	137	55	40	320.00
1366	137	56	27	108.00
1367	137	57	39	234.00
1368	137	58	2	10.00
1369	137	59	11	11.00
1370	137	60	43	301.00
1371	138	51	31	155.00
1372	138	52	27	135.00
1373	138	53	2	8.00
1374	138	54	1	1.00
1375	138	55	38	304.00
1376	138	56	26	104.00
1377	138	57	36	216.00
1378	138	58	10	50.00
1379	138	59	17	17.00
1380	138	60	13	91.00
1381	139	51	41	205.00
1382	139	52	49	245.00
1383	139	53	45	180.00
1384	139	54	47	47.00
1385	139	55	11	88.00
1386	139	56	10	40.00
1387	139	57	16	96.00
1388	139	58	28	140.00
1389	139	59	44	44.00
1390	139	60	9	63.00
1391	140	51	33	165.00
1392	140	52	46	230.00
1393	140	53	50	200.00
1394	140	54	35	35.00
1395	140	55	37	296.00
1396	140	56	20	80.00
1397	140	57	9	54.00
1398	140	58	22	110.00
1399	140	59	39	39.00
1400	140	60	23	161.00
1401	141	51	17	85.00
1402	141	52	38	190.00
1403	141	53	28	112.00
1404	141	54	39	39.00
1405	141	55	30	240.00
1406	141	56	22	88.00
1407	141	57	32	192.00
1408	141	58	5	25.00
1409	141	59	30	30.00
1410	141	60	26	182.00
1411	142	51	50	250.00
1412	142	52	14	70.00
1413	142	53	25	100.00
1414	142	54	3	3.00
1415	142	55	5	40.00
1416	142	56	38	152.00
1417	142	57	26	156.00
1418	142	58	31	155.00
1419	142	59	49	49.00
1420	142	60	22	154.00
1421	143	51	28	140.00
1422	143	52	38	190.00
1423	143	53	19	76.00
1424	143	54	36	36.00
1425	143	55	27	216.00
1426	143	56	16	64.00
1427	143	57	38	228.00
1428	143	58	30	150.00
1429	143	59	33	33.00
1430	143	60	13	91.00
1431	144	51	30	150.00
1432	144	52	19	95.00
1433	144	53	48	192.00
1434	144	54	43	43.00
1435	144	55	33	264.00
1436	144	56	31	124.00
1437	144	57	47	282.00
1438	144	58	47	235.00
1439	144	59	9	9.00
1440	144	60	24	168.00
1441	145	51	5	25.00
1442	145	52	23	115.00
1443	145	53	16	64.00
1444	145	54	38	38.00
1445	145	55	21	168.00
1446	145	56	2	8.00
1447	145	57	2	12.00
1448	145	58	34	170.00
1449	145	59	46	46.00
1450	145	60	15	105.00
1451	146	51	26	130.00
1452	146	52	38	190.00
1453	146	53	38	152.00
1454	146	54	39	39.00
1455	146	55	37	296.00
1456	146	56	5	20.00
1457	146	57	35	210.00
1458	146	58	21	105.00
1459	146	59	37	37.00
1460	146	60	13	91.00
1461	147	51	4	20.00
1462	147	52	15	75.00
1463	147	53	11	44.00
1464	147	54	4	4.00
1465	147	55	12	96.00
1466	147	56	25	100.00
1467	147	57	30	180.00
1468	147	58	40	200.00
1469	147	59	44	44.00
1470	147	60	33	231.00
1471	148	51	24	120.00
1472	148	52	18	90.00
1473	148	53	15	60.00
1474	148	54	13	13.00
1475	148	55	24	192.00
1476	148	56	40	160.00
1477	148	57	18	108.00
1478	148	58	16	80.00
1479	148	59	30	30.00
1480	148	60	30	210.00
1481	149	51	4	20.00
1482	149	52	18	90.00
1483	149	53	42	168.00
1484	149	54	7	7.00
1485	149	55	17	136.00
1486	149	56	40	160.00
1487	149	57	36	216.00
1488	149	58	48	240.00
1489	149	59	37	37.00
1490	149	60	44	308.00
1491	150	51	8	40.00
1492	150	52	1	5.00
1493	150	53	9	36.00
1494	150	54	33	33.00
1495	150	55	29	232.00
1496	150	56	29	116.00
1497	150	57	47	282.00
1498	150	58	32	160.00
1499	150	59	27	27.00
1500	150	60	50	350.00
1501	151	51	31	155.00
1502	151	52	6	30.00
1503	151	53	3	12.00
1504	151	54	40	40.00
1505	151	55	36	288.00
1506	151	56	27	108.00
1507	151	57	44	264.00
1508	151	58	38	190.00
1509	151	59	35	35.00
1510	151	60	21	147.00
1511	152	51	15	75.00
1512	152	52	40	200.00
1513	152	53	4	16.00
1514	152	54	40	40.00
1515	152	55	11	88.00
1516	152	56	34	136.00
1517	152	57	49	294.00
1518	152	58	36	180.00
1519	152	59	32	32.00
1520	152	60	3	21.00
1521	153	51	13	65.00
1522	153	52	44	220.00
1523	153	53	36	144.00
1524	153	54	27	27.00
1525	153	55	42	336.00
1526	153	56	1	4.00
1527	153	57	35	210.00
1528	153	58	42	210.00
1529	153	59	48	48.00
1530	153	60	27	189.00
1531	154	51	36	180.00
1532	154	52	9	45.00
1533	154	53	4	16.00
1534	154	54	45	45.00
1535	154	55	6	48.00
1536	154	56	39	156.00
1537	154	57	39	234.00
1538	154	58	22	110.00
1539	154	59	35	35.00
1540	154	60	10	70.00
1541	155	51	12	60.00
1542	155	52	6	30.00
1543	155	53	20	80.00
1544	155	54	16	16.00
1545	155	55	16	128.00
1546	155	56	7	28.00
1547	155	57	13	78.00
1548	155	58	9	45.00
1549	155	59	46	46.00
1550	155	60	21	147.00
1551	156	51	6	30.00
1552	156	52	6	30.00
1553	156	53	50	200.00
1554	156	54	40	40.00
1555	156	55	2	16.00
1556	156	56	27	108.00
1557	156	57	44	264.00
1558	156	58	14	70.00
1559	156	59	32	32.00
1560	156	60	37	259.00
1561	157	51	29	145.00
1562	157	52	8	40.00
1563	157	53	31	124.00
1564	157	54	10	10.00
1565	157	55	48	384.00
1566	157	56	18	72.00
1567	157	57	43	258.00
1568	157	58	8	40.00
1569	157	59	47	47.00
1570	157	60	21	147.00
1571	158	51	9	45.00
1572	158	52	44	220.00
1573	158	53	37	148.00
1574	158	54	5	5.00
1575	158	55	46	368.00
1576	158	56	19	76.00
1577	158	57	43	258.00
1578	158	58	20	100.00
1579	158	59	46	46.00
1580	158	60	28	196.00
1581	159	51	17	85.00
1582	159	52	29	145.00
1583	159	53	7	28.00
1584	159	54	43	43.00
1585	159	55	47	376.00
1586	159	56	38	152.00
1587	159	57	41	246.00
1588	159	58	47	235.00
1589	159	59	11	11.00
1590	159	60	48	336.00
1591	160	51	23	115.00
1592	160	52	26	130.00
1593	160	53	34	136.00
1594	160	54	31	31.00
1595	160	55	43	344.00
1596	160	56	35	140.00
1597	160	57	21	126.00
1598	160	58	34	170.00
1599	160	59	32	32.00
1600	160	60	44	308.00
1601	161	51	25	125.00
1602	161	52	7	35.00
1603	161	53	18	72.00
1604	161	54	48	48.00
1605	161	55	10	80.00
1606	161	56	5	20.00
1607	161	57	18	108.00
1608	161	58	23	115.00
1609	161	59	25	25.00
1610	161	60	30	210.00
1611	162	51	21	105.00
1612	162	52	46	230.00
1613	162	53	25	100.00
1614	162	54	32	32.00
1615	162	55	26	208.00
1616	162	56	39	156.00
1617	162	57	19	114.00
1618	162	58	4	20.00
1619	162	59	37	37.00
1620	162	60	23	161.00
1621	163	51	48	240.00
1622	163	52	47	235.00
1623	163	53	50	200.00
1624	163	54	40	40.00
1625	163	55	25	200.00
1626	163	56	48	192.00
1627	163	57	22	132.00
1628	163	58	22	110.00
1629	163	59	6	6.00
1630	163	60	2	14.00
1631	164	51	20	100.00
1632	164	52	6	30.00
1633	164	53	44	176.00
1634	164	54	1	1.00
1635	164	55	28	224.00
1636	164	56	36	144.00
1637	164	57	35	210.00
1638	164	58	18	90.00
1639	164	59	50	50.00
1640	164	60	17	119.00
1641	165	51	33	165.00
1642	165	52	7	35.00
1643	165	53	2	8.00
1644	165	54	14	14.00
1645	165	55	28	224.00
1646	165	56	31	124.00
1647	165	57	48	288.00
1648	165	58	35	175.00
1649	165	59	45	45.00
1650	165	60	18	126.00
1651	166	51	16	80.00
1652	166	52	35	175.00
1653	166	53	11	44.00
1654	166	54	48	48.00
1655	166	55	40	320.00
1656	166	56	47	188.00
1657	166	57	9	54.00
1658	166	58	8	40.00
1659	166	59	8	8.00
1660	166	60	22	154.00
1661	167	51	13	65.00
1662	167	52	46	230.00
1663	167	53	11	44.00
1664	167	54	39	39.00
1665	167	55	24	192.00
1666	167	56	42	168.00
1667	167	57	25	150.00
1668	167	58	11	55.00
1669	167	59	3	3.00
1670	167	60	5	35.00
1671	168	51	45	225.00
1672	168	52	41	205.00
1673	168	53	18	72.00
1674	168	54	13	13.00
1675	168	55	7	56.00
1676	168	56	12	48.00
1677	168	57	42	252.00
1678	168	58	2	10.00
1679	168	59	44	44.00
1680	168	60	28	196.00
1681	169	51	44	220.00
1682	169	52	1	5.00
1683	169	53	4	16.00
1684	169	54	13	13.00
1685	169	55	18	144.00
1686	169	56	38	152.00
1687	169	57	48	288.00
1688	169	58	31	155.00
1689	169	59	40	40.00
1690	169	60	12	84.00
1691	170	51	8	40.00
1692	170	52	1	5.00
1693	170	53	11	44.00
1694	170	54	49	49.00
1695	170	55	34	272.00
1696	170	56	24	96.00
1697	170	57	4	24.00
1698	170	58	21	105.00
1699	170	59	39	39.00
1700	170	60	41	287.00
1701	171	51	10	50.00
1702	171	52	23	115.00
1703	171	53	46	184.00
1704	171	54	33	33.00
1705	171	55	39	312.00
1706	171	56	23	92.00
1707	171	57	1	6.00
1708	171	58	42	210.00
1709	171	59	34	34.00
1710	171	60	22	154.00
1711	172	51	37	185.00
1712	172	52	39	195.00
1713	172	53	28	112.00
1714	172	54	1	1.00
1715	172	55	40	320.00
1716	172	56	4	16.00
1717	172	57	21	126.00
1718	172	58	35	175.00
1719	172	59	5	5.00
1720	172	60	30	210.00
1721	173	51	3	15.00
1722	173	52	43	215.00
1723	173	53	22	88.00
1724	173	54	18	18.00
1725	173	55	16	128.00
1726	173	56	30	120.00
1727	173	57	47	282.00
1728	173	58	15	75.00
1729	173	59	10	10.00
1730	173	60	12	84.00
1731	174	51	24	120.00
1732	174	52	44	220.00
1733	174	53	28	112.00
1734	174	54	41	41.00
1735	174	55	41	328.00
1736	174	56	13	52.00
1737	174	57	32	192.00
1738	174	58	43	215.00
1739	174	59	14	14.00
1740	174	60	18	126.00
1741	175	51	21	105.00
1742	175	52	30	150.00
1743	175	53	13	52.00
1744	175	54	45	45.00
1745	175	55	12	96.00
1746	175	56	45	180.00
1747	175	57	18	108.00
1748	175	58	41	205.00
1749	175	59	32	32.00
1750	175	60	29	203.00
1751	176	51	15	75.00
1752	176	52	49	245.00
1753	176	53	19	76.00
1754	176	54	2	2.00
1755	176	55	45	360.00
1756	176	56	50	200.00
1757	176	57	3	18.00
1758	176	58	33	165.00
1759	176	59	43	43.00
1760	176	60	8	56.00
1761	177	51	33	165.00
1762	177	52	17	85.00
1763	177	53	2	8.00
1764	177	54	50	50.00
1765	177	55	42	336.00
1766	177	56	11	44.00
1767	177	57	4	24.00
1768	177	58	13	65.00
1769	177	59	49	49.00
1770	177	60	13	91.00
1771	178	51	17	85.00
1772	178	52	15	75.00
1773	178	53	47	188.00
1774	178	54	21	21.00
1775	178	55	21	168.00
1776	178	56	4	16.00
1777	178	57	26	156.00
1778	178	58	40	200.00
1779	178	59	11	11.00
1780	178	60	48	336.00
1781	179	51	27	135.00
1782	179	52	26	130.00
1783	179	53	28	112.00
1784	179	54	31	31.00
1785	179	55	41	328.00
1786	179	56	43	172.00
1787	179	57	2	12.00
1788	179	58	14	70.00
1789	179	59	42	42.00
1790	179	60	47	329.00
1791	180	51	15	75.00
1792	180	52	11	55.00
1793	180	53	9	36.00
1794	180	54	27	27.00
1795	180	55	42	336.00
1796	180	56	1	4.00
1797	180	57	21	126.00
1798	180	58	17	85.00
1799	180	59	11	11.00
1800	180	60	38	266.00
1801	181	51	30	150.00
1802	181	52	36	180.00
1803	181	53	20	80.00
1804	181	54	7	7.00
1805	181	55	28	224.00
1806	181	56	21	84.00
1807	181	57	44	264.00
1808	181	58	4	20.00
1809	181	59	46	46.00
1810	181	60	7	49.00
1811	182	51	24	120.00
1812	182	52	15	75.00
1813	182	53	50	200.00
1814	182	54	18	18.00
1815	182	55	37	296.00
1816	182	56	30	120.00
1817	182	57	46	276.00
1818	182	58	5	25.00
1819	182	59	40	40.00
1820	182	60	35	245.00
1821	183	51	2	10.00
1822	183	52	43	215.00
1823	183	53	14	56.00
1824	183	54	13	13.00
1825	183	55	31	248.00
1826	183	56	45	180.00
1827	183	57	40	240.00
1828	183	58	16	80.00
1829	183	59	45	45.00
1830	183	60	30	210.00
1831	184	51	14	70.00
1832	184	52	11	55.00
1833	184	53	16	64.00
1834	184	54	42	42.00
1835	184	55	25	200.00
1836	184	56	44	176.00
1837	184	57	14	84.00
1838	184	58	44	220.00
1839	184	59	26	26.00
1840	184	60	13	91.00
1841	185	51	37	185.00
1842	185	52	21	105.00
1843	185	53	47	188.00
1844	185	54	40	40.00
1845	185	55	3	24.00
1846	185	56	24	96.00
1847	185	57	22	132.00
1848	185	58	30	150.00
1849	185	59	18	18.00
1850	185	60	12	84.00
1851	186	51	36	180.00
1852	186	52	47	235.00
1853	186	53	41	164.00
1854	186	54	50	50.00
1855	186	55	47	376.00
1856	186	56	48	192.00
1857	186	57	20	120.00
1858	186	58	30	150.00
1859	186	59	11	11.00
1860	186	60	19	133.00
1861	187	51	47	235.00
1862	187	52	2	10.00
1863	187	53	18	72.00
1864	187	54	26	26.00
1865	187	55	7	56.00
1866	187	56	8	32.00
1867	187	57	6	36.00
1868	187	58	22	110.00
1869	187	59	8	8.00
1870	187	60	32	224.00
1871	188	51	35	175.00
1872	188	52	3	15.00
1873	188	53	12	48.00
1874	188	54	29	29.00
1875	188	55	36	288.00
1876	188	56	47	188.00
1877	188	57	29	174.00
1878	188	58	18	90.00
1879	188	59	33	33.00
1880	188	60	36	252.00
1881	189	51	8	40.00
1882	189	52	17	85.00
1883	189	53	30	120.00
1884	189	54	4	4.00
1885	189	55	44	352.00
1886	189	56	27	108.00
1887	189	57	33	198.00
1888	189	58	47	235.00
1889	189	59	47	47.00
1890	189	60	42	294.00
1891	190	51	5	25.00
1892	190	52	22	110.00
1893	190	53	34	136.00
1894	190	54	24	24.00
1895	190	55	28	224.00
1896	190	56	41	164.00
1897	190	57	31	186.00
1898	190	58	40	200.00
1899	190	59	45	45.00
1900	190	60	14	98.00
1901	191	51	3	15.00
1902	191	52	25	125.00
1903	191	53	12	48.00
1904	191	54	26	26.00
1905	191	55	21	168.00
1906	191	56	45	180.00
1907	191	57	42	252.00
1908	191	58	10	50.00
1909	191	59	33	33.00
1910	191	60	50	350.00
1911	192	51	45	225.00
1912	192	52	18	90.00
1913	192	53	24	96.00
1914	192	54	27	27.00
1915	192	55	33	264.00
1916	192	56	49	196.00
1917	192	57	15	90.00
1918	192	58	10	50.00
1919	192	59	24	24.00
1920	192	60	30	210.00
1921	193	51	30	150.00
1922	193	52	25	125.00
1923	193	53	4	16.00
1924	193	54	20	20.00
1925	193	55	14	112.00
1926	193	56	41	164.00
1927	193	57	3	18.00
1928	193	58	24	120.00
1929	193	59	8	8.00
1930	193	60	9	63.00
1931	194	51	31	155.00
1932	194	52	34	170.00
1933	194	53	29	116.00
1934	194	54	13	13.00
1935	194	55	36	288.00
1936	194	56	39	156.00
1937	194	57	22	132.00
1938	194	58	6	30.00
1939	194	59	28	28.00
1940	194	60	43	301.00
1941	195	51	25	125.00
1942	195	52	12	60.00
1943	195	53	45	180.00
1944	195	54	43	43.00
1945	195	55	7	56.00
1946	195	56	39	156.00
1947	195	57	12	72.00
1948	195	58	28	140.00
1949	195	59	2	2.00
1950	195	60	34	238.00
1951	196	51	13	65.00
1952	196	52	11	55.00
1953	196	53	48	192.00
1954	196	54	14	14.00
1955	196	55	39	312.00
1956	196	56	41	164.00
1957	196	57	44	264.00
1958	196	58	1	5.00
1959	196	59	31	31.00
1960	196	60	45	315.00
1961	197	51	39	195.00
1962	197	52	36	180.00
1963	197	53	43	172.00
1964	197	54	29	29.00
1965	197	55	23	184.00
1966	197	56	17	68.00
1967	197	57	38	228.00
1968	197	58	28	140.00
1969	197	59	14	14.00
1970	197	60	12	84.00
1971	198	51	34	170.00
1972	198	52	40	200.00
1973	198	53	35	140.00
1974	198	54	48	48.00
1975	198	55	5	40.00
1976	198	56	27	108.00
1977	198	57	2	12.00
1978	198	58	1	5.00
1979	198	59	5	5.00
1980	198	60	14	98.00
1981	199	51	6	30.00
1982	199	52	16	80.00
1983	199	53	45	180.00
1984	199	54	8	8.00
1985	199	55	11	88.00
1986	199	56	49	196.00
1987	199	57	11	66.00
1988	199	58	5	25.00
1989	199	59	10	10.00
1990	199	60	31	217.00
1991	200	51	44	220.00
1992	200	52	43	215.00
1993	200	53	30	120.00
1994	200	54	16	16.00
1995	200	55	47	376.00
1996	200	56	12	48.00
1997	200	57	39	234.00
1998	200	58	2	10.00
1999	200	59	18	18.00
2000	200	60	41	287.00
2001	201	51	13	65.00
2002	201	52	37	185.00
2003	201	53	40	160.00
2004	201	54	12	12.00
2005	201	55	47	376.00
2006	201	56	20	80.00
2007	201	57	10	60.00
2008	201	58	22	110.00
2009	201	59	33	33.00
2010	201	60	28	196.00
2011	202	51	41	205.00
2012	202	52	32	160.00
2013	202	53	44	176.00
2014	202	54	12	12.00
2015	202	55	7	56.00
2016	202	56	37	148.00
2017	202	57	42	252.00
2018	202	58	50	250.00
2019	202	59	9	9.00
2020	202	60	47	329.00
2021	203	51	29	145.00
2022	203	52	21	105.00
2023	203	53	2	8.00
2024	203	54	9	9.00
2025	203	55	22	176.00
2026	203	56	7	28.00
2027	203	57	8	48.00
2028	203	58	46	230.00
2029	203	59	16	16.00
2030	203	60	27	189.00
2031	204	51	49	245.00
2032	204	52	22	110.00
2033	204	53	2	8.00
2034	204	54	28	28.00
2035	204	55	49	392.00
2036	204	56	1	4.00
2037	204	57	9	54.00
2038	204	58	21	105.00
2039	204	59	9	9.00
2040	204	60	42	294.00
2041	205	51	46	230.00
2042	205	52	20	100.00
2043	205	53	40	160.00
2044	205	54	19	19.00
2045	205	55	7	56.00
2046	205	56	32	128.00
2047	205	57	23	138.00
2048	205	58	47	235.00
2049	205	59	46	46.00
2050	205	60	41	287.00
2051	206	51	4	20.00
2052	206	52	27	135.00
2053	206	53	26	104.00
2054	206	54	24	24.00
2055	206	55	26	208.00
2056	206	56	34	136.00
2057	206	57	2	12.00
2058	206	58	42	210.00
2059	206	59	34	34.00
2060	206	60	48	336.00
2061	207	51	21	105.00
2062	207	52	27	135.00
2063	207	53	43	172.00
2064	207	54	48	48.00
2065	207	55	45	360.00
2066	207	56	42	168.00
2067	207	57	37	222.00
2068	207	58	8	40.00
2069	207	59	5	5.00
2070	207	60	5	35.00
2071	208	51	45	225.00
2072	208	52	8	40.00
2073	208	53	2	8.00
2074	208	54	46	46.00
2075	208	55	17	136.00
2076	208	56	2	8.00
2077	208	57	6	36.00
2078	208	58	7	35.00
2079	208	59	25	25.00
2080	208	60	26	182.00
2081	209	51	40	200.00
2082	209	52	3	15.00
2083	209	53	4	16.00
2084	209	54	40	40.00
2085	209	55	2	16.00
2086	209	56	14	56.00
2087	209	57	25	150.00
2088	209	58	16	80.00
2089	209	59	45	45.00
2090	209	60	32	224.00
2091	210	51	3	15.00
2092	210	52	20	100.00
2093	210	53	9	36.00
2094	210	54	15	15.00
2095	210	55	19	152.00
2096	210	56	26	104.00
2097	210	57	3	18.00
2098	210	58	6	30.00
2099	210	59	50	50.00
2100	210	60	29	203.00
2101	211	51	1	5.00
2102	211	52	18	90.00
2103	211	53	24	96.00
2104	211	54	17	17.00
2105	211	55	3	24.00
2106	211	56	14	56.00
2107	211	57	42	252.00
2108	211	58	4	20.00
2109	211	59	3	3.00
2110	211	60	10	70.00
2111	212	51	47	235.00
2112	212	52	44	220.00
2113	212	53	2	8.00
2114	212	54	10	10.00
2115	212	55	18	144.00
2116	212	56	37	148.00
2117	212	57	49	294.00
2118	212	58	34	170.00
2119	212	59	26	26.00
2120	212	60	7	49.00
2121	213	51	8	40.00
2122	213	52	19	95.00
2123	213	53	8	32.00
2124	213	54	15	15.00
2125	213	55	49	392.00
2126	213	56	42	168.00
2127	213	57	22	132.00
2128	213	58	28	140.00
2129	213	59	48	48.00
2130	213	60	6	42.00
2131	214	51	32	160.00
2132	214	52	43	215.00
2133	214	53	6	24.00
2134	214	54	44	44.00
2135	214	55	25	200.00
2136	214	56	22	88.00
2137	214	57	30	180.00
2138	214	58	27	135.00
2139	214	59	45	45.00
2140	214	60	16	112.00
2141	215	51	36	180.00
2142	215	52	13	65.00
2143	215	53	35	140.00
2144	215	54	7	7.00
2145	215	55	4	32.00
2146	215	56	45	180.00
2147	215	57	16	96.00
2148	215	58	34	170.00
2149	215	59	22	22.00
2150	215	60	23	161.00
2151	216	51	33	165.00
2152	216	52	11	55.00
2153	216	53	45	180.00
2154	216	54	39	39.00
2155	216	55	26	208.00
2156	216	56	47	188.00
2157	216	57	38	228.00
2158	216	58	8	40.00
2159	216	59	14	14.00
2160	216	60	29	203.00
2161	217	51	16	80.00
2162	217	52	23	115.00
2163	217	53	38	152.00
2164	217	54	43	43.00
2165	217	55	37	296.00
2166	217	56	9	36.00
2167	217	57	11	66.00
2168	217	58	26	130.00
2169	217	59	24	24.00
2170	217	60	19	133.00
2171	218	51	40	200.00
2172	218	52	29	145.00
2173	218	53	25	100.00
2174	218	54	5	5.00
2175	218	55	4	32.00
2176	218	56	39	156.00
2177	218	57	34	204.00
2178	218	58	29	145.00
2179	218	59	28	28.00
2180	218	60	1	7.00
2181	219	51	48	240.00
2182	219	52	30	150.00
2183	219	53	35	140.00
2184	219	54	21	21.00
2185	219	55	10	80.00
2186	219	56	8	32.00
2187	219	57	50	300.00
2188	219	58	9	45.00
2189	219	59	6	6.00
2190	219	60	50	350.00
2191	220	51	20	100.00
2192	220	52	9	45.00
2193	220	53	17	68.00
2194	220	54	31	31.00
2195	220	55	34	272.00
2196	220	56	31	124.00
2197	220	57	26	156.00
2198	220	58	37	185.00
2199	220	59	33	33.00
2200	220	60	25	175.00
2201	221	51	15	75.00
2202	221	52	5	25.00
2203	221	53	18	72.00
2204	221	54	15	15.00
2205	221	55	48	384.00
2206	221	56	29	116.00
2207	221	57	34	204.00
2208	221	58	42	210.00
2209	221	59	7	7.00
2210	221	60	6	42.00
2211	222	51	1	5.00
2212	222	52	19	95.00
2213	222	53	7	28.00
2214	222	54	45	45.00
2215	222	55	34	272.00
2216	222	56	45	180.00
2217	222	57	5	30.00
2218	222	58	27	135.00
2219	222	59	45	45.00
2220	222	60	32	224.00
2221	223	51	26	130.00
2222	223	52	35	175.00
2223	223	53	19	76.00
2224	223	54	28	28.00
2225	223	55	33	264.00
2226	223	56	46	184.00
2227	223	57	11	66.00
2228	223	58	10	50.00
2229	223	59	45	45.00
2230	223	60	47	329.00
2231	224	51	39	195.00
2232	224	52	46	230.00
2233	224	53	9	36.00
2234	224	54	15	15.00
2235	224	55	42	336.00
2236	224	56	19	76.00
2237	224	57	7	42.00
2238	224	58	43	215.00
2239	224	59	35	35.00
2240	224	60	8	56.00
2241	225	51	4	20.00
2242	225	52	3	15.00
2243	225	53	42	168.00
2244	225	54	37	37.00
2245	225	55	30	240.00
2246	225	56	22	88.00
2247	225	57	4	24.00
2248	225	58	20	100.00
2249	225	59	11	11.00
2250	225	60	4	28.00
2251	226	51	29	145.00
2252	226	52	36	180.00
2253	226	53	34	136.00
2254	226	54	22	22.00
2255	226	55	9	72.00
2256	226	56	31	124.00
2257	226	57	45	270.00
2258	226	58	23	115.00
2259	226	59	5	5.00
2260	226	60	30	210.00
2261	227	51	22	110.00
2262	227	52	7	35.00
2263	227	53	13	52.00
2264	227	54	15	15.00
2265	227	55	50	400.00
2266	227	56	45	180.00
2267	227	57	14	84.00
2268	227	58	26	130.00
2269	227	59	17	17.00
2270	227	60	31	217.00
2271	228	51	48	240.00
2272	228	52	24	120.00
2273	228	53	11	44.00
2274	228	54	38	38.00
2275	228	55	45	360.00
2276	228	56	40	160.00
2277	228	57	50	300.00
2278	228	58	7	35.00
2279	228	59	29	29.00
2280	228	60	49	343.00
2281	229	51	34	170.00
2282	229	52	1	5.00
2283	229	53	7	28.00
2284	229	54	11	11.00
2285	229	55	7	56.00
2286	229	56	41	164.00
2287	229	57	37	222.00
2288	229	58	26	130.00
2289	229	59	46	46.00
2290	229	60	22	154.00
2291	230	51	13	65.00
2292	230	52	11	55.00
2293	230	53	46	184.00
2294	230	54	35	35.00
2295	230	55	47	376.00
2296	230	56	17	68.00
2297	230	57	26	156.00
2298	230	58	40	200.00
2299	230	59	27	27.00
2300	230	60	38	266.00
2301	231	51	7	35.00
2302	231	52	16	80.00
2303	231	53	21	84.00
2304	231	54	39	39.00
2305	231	55	29	232.00
2306	231	56	29	116.00
2307	231	57	3	18.00
2308	231	58	49	245.00
2309	231	59	29	29.00
2310	231	60	37	259.00
2311	232	51	38	190.00
2312	232	52	32	160.00
2313	232	53	36	144.00
2314	232	54	30	30.00
2315	232	55	5	40.00
2316	232	56	39	156.00
2317	232	57	17	102.00
2318	232	58	40	200.00
2319	232	59	32	32.00
2320	232	60	20	140.00
2321	233	51	29	145.00
2322	233	52	47	235.00
2323	233	53	20	80.00
2324	233	54	19	19.00
2325	233	55	36	288.00
2326	233	56	22	88.00
2327	233	57	6	36.00
2328	233	58	38	190.00
2329	233	59	12	12.00
2330	233	60	25	175.00
2331	234	51	12	60.00
2332	234	52	16	80.00
2333	234	53	23	92.00
2334	234	54	42	42.00
2335	234	55	4	32.00
2336	234	56	22	88.00
2337	234	57	49	294.00
2338	234	58	13	65.00
2339	234	59	7	7.00
2340	234	60	37	259.00
2341	235	51	2	10.00
2342	235	52	50	250.00
2343	235	53	5	20.00
2344	235	54	17	17.00
2345	235	55	19	152.00
2346	235	56	32	128.00
2347	235	57	9	54.00
2348	235	58	11	55.00
2349	235	59	19	19.00
2350	235	60	16	112.00
2351	236	51	14	70.00
2352	236	52	22	110.00
2353	236	53	22	88.00
2354	236	54	31	31.00
2355	236	55	24	192.00
2356	236	56	46	184.00
2357	236	57	16	96.00
2358	236	58	10	50.00
2359	236	59	34	34.00
2360	236	60	49	343.00
2361	237	51	45	225.00
2362	237	52	16	80.00
2363	237	53	23	92.00
2364	237	54	48	48.00
2365	237	55	50	400.00
2366	237	56	13	52.00
2367	237	57	50	300.00
2368	237	58	16	80.00
2369	237	59	2	2.00
2370	237	60	30	210.00
2371	238	51	48	240.00
2372	238	52	48	240.00
2373	238	53	12	48.00
2374	238	54	2	2.00
2375	238	55	25	200.00
2376	238	56	43	172.00
2377	238	57	46	276.00
2378	238	58	5	25.00
2379	238	59	11	11.00
2380	238	60	28	196.00
2381	239	51	19	95.00
2382	239	52	42	210.00
2383	239	53	8	32.00
2384	239	54	29	29.00
2385	239	55	10	80.00
2386	239	56	3	12.00
2387	239	57	2	12.00
2388	239	58	11	55.00
2389	239	59	22	22.00
2390	239	60	25	175.00
2391	240	51	50	250.00
2392	240	52	11	55.00
2393	240	53	49	196.00
2394	240	54	24	24.00
2395	240	55	3	24.00
2396	240	56	45	180.00
2397	240	57	20	120.00
2398	240	58	48	240.00
2399	240	59	29	29.00
2400	240	60	26	182.00
2401	241	51	34	170.00
2402	241	52	37	185.00
2403	241	53	37	148.00
2404	241	54	2	2.00
2405	241	55	11	88.00
2406	241	56	27	108.00
2407	241	57	16	96.00
2408	241	58	20	100.00
2409	241	59	35	35.00
2410	241	60	49	343.00
2411	242	51	21	105.00
2412	242	52	41	205.00
2413	242	53	25	100.00
2414	242	54	41	41.00
2415	242	55	41	328.00
2416	242	56	49	196.00
2417	242	57	21	126.00
2418	242	58	31	155.00
2419	242	59	10	10.00
2420	242	60	11	77.00
2421	243	51	42	210.00
2422	243	52	37	185.00
2423	243	53	25	100.00
2424	243	54	43	43.00
2425	243	55	18	144.00
2426	243	56	33	132.00
2427	243	57	19	114.00
2428	243	58	2	10.00
2429	243	59	8	8.00
2430	243	60	17	119.00
2431	244	51	16	80.00
2432	244	52	41	205.00
2433	244	53	24	96.00
2434	244	54	39	39.00
2435	244	55	24	192.00
2436	244	56	10	40.00
2437	244	57	13	78.00
2438	244	58	14	70.00
2439	244	59	9	9.00
2440	244	60	36	252.00
2441	245	51	22	110.00
2442	245	52	48	240.00
2443	245	53	25	100.00
2444	245	54	36	36.00
2445	245	55	7	56.00
2446	245	56	20	80.00
2447	245	57	34	204.00
2448	245	58	47	235.00
2449	245	59	6	6.00
2450	245	60	30	210.00
2451	246	51	2	10.00
2452	246	52	24	120.00
2453	246	53	38	152.00
2454	246	54	36	36.00
2455	246	55	36	288.00
2456	246	56	18	72.00
2457	246	57	45	270.00
2458	246	58	3	15.00
2459	246	59	15	15.00
2460	246	60	41	287.00
2461	247	51	47	235.00
2462	247	52	4	20.00
2463	247	53	31	124.00
2464	247	54	2	2.00
2465	247	55	8	64.00
2466	247	56	43	172.00
2467	247	57	22	132.00
2468	247	58	14	70.00
2469	247	59	42	42.00
2470	247	60	7	49.00
2471	248	51	12	60.00
2472	248	52	4	20.00
2473	248	53	22	88.00
2474	248	54	14	14.00
2475	248	55	43	344.00
2476	248	56	38	152.00
2477	248	57	22	132.00
2478	248	58	1	5.00
2479	248	59	47	47.00
2480	248	60	46	322.00
2481	249	51	1	5.00
2482	249	52	43	215.00
2483	249	53	25	100.00
2484	249	54	11	11.00
2485	249	55	30	240.00
2486	249	56	4	16.00
2487	249	57	18	108.00
2488	249	58	9	45.00
2489	249	59	14	14.00
2490	249	60	22	154.00
2491	250	51	20	100.00
2492	250	52	29	145.00
2493	250	53	9	36.00
2494	250	54	40	40.00
2495	250	55	24	192.00
2496	250	56	35	140.00
2497	250	57	21	126.00
2498	250	58	1	5.00
2499	250	59	45	45.00
2500	250	60	13	91.00
2501	251	51	34	170.00
2502	251	52	30	150.00
2503	251	53	30	120.00
2504	251	54	42	42.00
2505	251	55	11	88.00
2506	251	56	11	44.00
2507	251	57	6	36.00
2508	251	58	22	110.00
2509	251	59	31	31.00
2510	251	60	49	343.00
2511	252	51	18	90.00
2512	252	52	15	75.00
2513	252	53	49	196.00
2514	252	54	46	46.00
2515	252	55	14	112.00
2516	252	56	44	176.00
2517	252	57	32	192.00
2518	252	58	33	165.00
2519	252	59	40	40.00
2520	252	60	3	21.00
2521	253	51	1	5.00
2522	253	52	13	65.00
2523	253	53	42	168.00
2524	253	54	25	25.00
2525	253	55	40	320.00
2526	253	56	2	8.00
2527	253	57	21	126.00
2528	253	58	16	80.00
2529	253	59	47	47.00
2530	253	60	19	133.00
2531	254	51	14	70.00
2532	254	52	14	70.00
2533	254	53	14	56.00
2534	254	54	12	12.00
2535	254	55	38	304.00
2536	254	56	40	160.00
2537	254	57	23	138.00
2538	254	58	10	50.00
2539	254	59	21	21.00
2540	254	60	37	259.00
2541	255	51	7	35.00
2542	255	52	26	130.00
2543	255	53	43	172.00
2544	255	54	46	46.00
2545	255	55	39	312.00
2546	255	56	38	152.00
2547	255	57	31	186.00
2548	255	58	45	225.00
2549	255	59	7	7.00
2550	255	60	38	266.00
2551	256	51	27	135.00
2552	256	52	8	40.00
2553	256	53	12	48.00
2554	256	54	15	15.00
2555	256	55	17	136.00
2556	256	56	37	148.00
2557	256	57	27	162.00
2558	256	58	35	175.00
2559	256	59	4	4.00
2560	256	60	46	322.00
2561	257	51	40	200.00
2562	257	52	32	160.00
2563	257	53	36	144.00
2564	257	54	7	7.00
2565	257	55	40	320.00
2566	257	56	13	52.00
2567	257	57	1	6.00
2568	257	58	25	125.00
2569	257	59	1	1.00
2570	257	60	19	133.00
2571	258	51	7	35.00
2572	258	52	29	145.00
2573	258	53	10	40.00
2574	258	54	20	20.00
2575	258	55	38	304.00
2576	258	56	39	156.00
2577	258	57	2	12.00
2578	258	58	10	50.00
2579	258	59	15	15.00
2580	258	60	36	252.00
2581	259	51	14	70.00
2582	259	52	26	130.00
2583	259	53	20	80.00
2584	259	54	31	31.00
2585	259	55	45	360.00
2586	259	56	2	8.00
2587	259	57	49	294.00
2588	259	58	9	45.00
2589	259	59	16	16.00
2590	259	60	1	7.00
2591	260	51	11	55.00
2592	260	52	24	120.00
2593	260	53	35	140.00
2594	260	54	5	5.00
2595	260	55	30	240.00
2596	260	56	48	192.00
2597	260	57	7	42.00
2598	260	58	10	50.00
2599	260	59	13	13.00
2600	260	60	42	294.00
2601	261	51	29	145.00
2602	261	52	29	145.00
2603	261	53	21	84.00
2604	261	54	15	15.00
2605	261	55	2	16.00
2606	261	56	2	8.00
2607	261	57	37	222.00
2608	261	58	1	5.00
2609	261	59	25	25.00
2610	261	60	45	315.00
2611	262	51	47	235.00
2612	262	52	34	170.00
2613	262	53	11	44.00
2614	262	54	40	40.00
2615	262	55	19	152.00
2616	262	56	33	132.00
2617	262	57	9	54.00
2618	262	58	16	80.00
2619	262	59	30	30.00
2620	262	60	47	329.00
2621	263	51	8	40.00
2622	263	52	3	15.00
2623	263	53	23	92.00
2624	263	54	24	24.00
2625	263	55	37	296.00
2626	263	56	49	196.00
2627	263	57	8	48.00
2628	263	58	34	170.00
2629	263	59	41	41.00
2630	263	60	6	42.00
2631	264	51	11	55.00
2632	264	52	27	135.00
2633	264	53	39	156.00
2634	264	54	32	32.00
2635	264	55	47	376.00
2636	264	56	43	172.00
2637	264	57	13	78.00
2638	264	58	12	60.00
2639	264	59	23	23.00
2640	264	60	46	322.00
2641	265	51	1	5.00
2642	265	52	5	25.00
2643	265	53	3	12.00
2644	265	54	10	10.00
2645	265	55	1	8.00
2646	265	56	28	112.00
2647	265	57	42	252.00
2648	265	58	26	130.00
2649	265	59	4	4.00
2650	265	60	9	63.00
2651	266	51	5	25.00
2652	266	52	14	70.00
2653	266	53	29	116.00
2654	266	54	42	42.00
2655	266	55	5	40.00
2656	266	56	41	164.00
2657	266	57	3	18.00
2658	266	58	27	135.00
2659	266	59	2	2.00
2660	266	60	21	147.00
2661	267	51	26	130.00
2662	267	52	14	70.00
2663	267	53	1	4.00
2664	267	54	12	12.00
2665	267	55	27	216.00
2666	267	56	20	80.00
2667	267	57	41	246.00
2668	267	58	7	35.00
2669	267	59	24	24.00
2670	267	60	13	91.00
2671	268	51	6	30.00
2672	268	52	37	185.00
2673	268	53	30	120.00
2674	268	54	14	14.00
2675	268	55	43	344.00
2676	268	56	8	32.00
2677	268	57	37	222.00
2678	268	58	20	100.00
2679	268	59	27	27.00
2680	268	60	40	280.00
2681	269	51	10	50.00
2682	269	52	39	195.00
2683	269	53	4	16.00
2684	269	54	36	36.00
2685	269	55	22	176.00
2686	269	56	46	184.00
2687	269	57	50	300.00
2688	269	58	7	35.00
2689	269	59	45	45.00
2690	269	60	27	189.00
2691	270	51	17	85.00
2692	270	52	1	5.00
2693	270	53	15	60.00
2694	270	54	25	25.00
2695	270	55	29	232.00
2696	270	56	44	176.00
2697	270	57	2	12.00
2698	270	58	6	30.00
2699	270	59	12	12.00
2700	270	60	19	133.00
2701	271	51	37	185.00
2702	271	52	11	55.00
2703	271	53	38	152.00
2704	271	54	7	7.00
2705	271	55	11	88.00
2706	271	56	34	136.00
2707	271	57	50	300.00
2708	271	58	16	80.00
2709	271	59	3	3.00
2710	271	60	36	252.00
2711	272	51	4	20.00
2712	272	52	3	15.00
2713	272	53	9	36.00
2714	272	54	1	1.00
2715	272	55	2	16.00
2716	272	56	39	156.00
2717	272	57	30	180.00
2718	272	58	34	170.00
2719	272	59	42	42.00
2720	272	60	28	196.00
2721	273	51	45	225.00
2722	273	52	26	130.00
2723	273	53	30	120.00
2724	273	54	40	40.00
2725	273	55	32	256.00
2726	273	56	46	184.00
2727	273	57	29	174.00
2728	273	58	28	140.00
2729	273	59	17	17.00
2730	273	60	37	259.00
2731	274	51	36	180.00
2732	274	52	6	30.00
2733	274	53	4	16.00
2734	274	54	36	36.00
2735	274	55	30	240.00
2736	274	56	5	20.00
2737	274	57	12	72.00
2738	274	58	47	235.00
2739	274	59	45	45.00
2740	274	60	12	84.00
2741	275	51	20	100.00
2742	275	52	30	150.00
2743	275	53	11	44.00
2744	275	54	31	31.00
2745	275	55	37	296.00
2746	275	56	45	180.00
2747	275	57	9	54.00
2748	275	58	29	145.00
2749	275	59	35	35.00
2750	275	60	10	70.00
2751	276	51	13	65.00
2752	276	52	25	125.00
2753	276	53	12	48.00
2754	276	54	19	19.00
2755	276	55	7	56.00
2756	276	56	31	124.00
2757	276	57	4	24.00
2758	276	58	14	70.00
2759	276	59	14	14.00
2760	276	60	21	147.00
2761	277	51	33	165.00
2762	277	52	45	225.00
2763	277	53	18	72.00
2764	277	54	17	17.00
2765	277	55	40	320.00
2766	277	56	28	112.00
2767	277	57	45	270.00
2768	277	58	19	95.00
2769	277	59	15	15.00
2770	277	60	45	315.00
2771	278	51	19	95.00
2772	278	52	37	185.00
2773	278	53	27	108.00
2774	278	54	19	19.00
2775	278	55	43	344.00
2776	278	56	1	4.00
2777	278	57	40	240.00
2778	278	58	43	215.00
2779	278	59	3	3.00
2780	278	60	41	287.00
2781	279	51	5	25.00
2782	279	52	7	35.00
2783	279	53	26	104.00
2784	279	54	26	26.00
2785	279	55	10	80.00
2786	279	56	34	136.00
2787	279	57	33	198.00
2788	279	58	29	145.00
2789	279	59	5	5.00
2790	279	60	46	322.00
2791	280	51	30	150.00
2792	280	52	2	10.00
2793	280	53	7	28.00
2794	280	54	15	15.00
2795	280	55	5	40.00
2796	280	56	47	188.00
2797	280	57	28	168.00
2798	280	58	50	250.00
2799	280	59	28	28.00
2800	280	60	31	217.00
2801	281	51	16	80.00
2802	281	52	25	125.00
2803	281	53	9	36.00
2804	281	54	20	20.00
2805	281	55	49	392.00
2806	281	56	49	196.00
2807	281	57	11	66.00
2808	281	58	34	170.00
2809	281	59	31	31.00
2810	281	60	42	294.00
2811	282	51	37	185.00
2812	282	52	39	195.00
2813	282	53	15	60.00
2814	282	54	12	12.00
2815	282	55	47	376.00
2816	282	56	14	56.00
2817	282	57	32	192.00
2818	282	58	17	85.00
2819	282	59	14	14.00
2820	282	60	23	161.00
2821	283	51	6	30.00
2822	283	52	39	195.00
2823	283	53	38	152.00
2824	283	54	49	49.00
2825	283	55	43	344.00
2826	283	56	40	160.00
2827	283	57	22	132.00
2828	283	58	20	100.00
2829	283	59	18	18.00
2830	283	60	24	168.00
2831	284	51	32	160.00
2832	284	52	31	155.00
2833	284	53	27	108.00
2834	284	54	28	28.00
2835	284	55	25	200.00
2836	284	56	13	52.00
2837	284	57	19	114.00
2838	284	58	41	205.00
2839	284	59	33	33.00
2840	284	60	36	252.00
2841	285	51	18	90.00
2842	285	52	13	65.00
2843	285	53	50	200.00
2844	285	54	46	46.00
2845	285	55	17	136.00
2846	285	56	4	16.00
2847	285	57	24	144.00
2848	285	58	20	100.00
2849	285	59	32	32.00
2850	285	60	44	308.00
2851	286	51	6	30.00
2852	286	52	26	130.00
2853	286	53	47	188.00
2854	286	54	44	44.00
2855	286	55	47	376.00
2856	286	56	22	88.00
2857	286	57	43	258.00
2858	286	58	17	85.00
2859	286	59	42	42.00
2860	286	60	2	14.00
2861	287	51	43	215.00
2862	287	52	31	155.00
2863	287	53	44	176.00
2864	287	54	30	30.00
2865	287	55	3	24.00
2866	287	56	5	20.00
2867	287	57	20	120.00
2868	287	58	48	240.00
2869	287	59	30	30.00
2870	287	60	29	203.00
2871	288	51	5	25.00
2872	288	52	43	215.00
2873	288	53	14	56.00
2874	288	54	10	10.00
2875	288	55	30	240.00
2876	288	56	40	160.00
2877	288	57	36	216.00
2878	288	58	32	160.00
2879	288	59	27	27.00
2880	288	60	23	161.00
2881	289	51	21	105.00
2882	289	52	4	20.00
2883	289	53	29	116.00
2884	289	54	38	38.00
2885	289	55	34	272.00
2886	289	56	33	132.00
2887	289	57	35	210.00
2888	289	58	29	145.00
2889	289	59	23	23.00
2890	289	60	2	14.00
2891	290	51	43	215.00
2892	290	52	30	150.00
2893	290	53	34	136.00
2894	290	54	40	40.00
2895	290	55	36	288.00
2896	290	56	33	132.00
2897	290	57	31	186.00
2898	290	58	26	130.00
2899	290	59	40	40.00
2900	290	60	23	161.00
2901	291	51	1	5.00
2902	291	52	2	10.00
2903	291	53	39	156.00
2904	291	54	38	38.00
2905	291	55	15	120.00
2906	291	56	43	172.00
2907	291	57	24	144.00
2908	291	58	21	105.00
2909	291	59	31	31.00
2910	291	60	6	42.00
2911	292	51	11	55.00
2912	292	52	1	5.00
2913	292	53	26	104.00
2914	292	54	40	40.00
2915	292	55	1	8.00
2916	292	56	50	200.00
2917	292	57	19	114.00
2918	292	58	17	85.00
2919	292	59	10	10.00
2920	292	60	7	49.00
2921	293	51	8	40.00
2922	293	52	30	150.00
2923	293	53	20	80.00
2924	293	54	17	17.00
2925	293	55	11	88.00
2926	293	56	47	188.00
2927	293	57	50	300.00
2928	293	58	32	160.00
2929	293	59	11	11.00
2930	293	60	33	231.00
2931	294	51	23	115.00
2932	294	52	9	45.00
2933	294	53	10	40.00
2934	294	54	25	25.00
2935	294	55	29	232.00
2936	294	56	37	148.00
2937	294	57	17	102.00
2938	294	58	37	185.00
2939	294	59	35	35.00
2940	294	60	17	119.00
2941	295	51	10	50.00
2942	295	52	47	235.00
2943	295	53	4	16.00
2944	295	54	43	43.00
2945	295	55	11	88.00
2946	295	56	46	184.00
2947	295	57	21	126.00
2948	295	58	3	15.00
2949	295	59	18	18.00
2950	295	60	29	203.00
2951	296	51	26	130.00
2952	296	52	23	115.00
2953	296	53	24	96.00
2954	296	54	7	7.00
2955	296	55	48	384.00
2956	296	56	13	52.00
2957	296	57	39	234.00
2958	296	58	14	70.00
2959	296	59	43	43.00
2960	296	60	24	168.00
2961	297	51	49	245.00
2962	297	52	44	220.00
2963	297	53	50	200.00
2964	297	54	50	50.00
2965	297	55	1	8.00
2966	297	56	31	124.00
2967	297	57	21	126.00
2968	297	58	17	85.00
2969	297	59	41	41.00
2970	297	60	27	189.00
2971	298	51	34	170.00
2972	298	52	45	225.00
2973	298	53	7	28.00
2974	298	54	43	43.00
2975	298	55	21	168.00
2976	298	56	37	148.00
2977	298	57	41	246.00
2978	298	58	21	105.00
2979	298	59	34	34.00
2980	298	60	47	329.00
2981	299	51	9	45.00
2982	299	52	15	75.00
2983	299	53	44	176.00
2984	299	54	33	33.00
2985	299	55	12	96.00
2986	299	56	37	148.00
2987	299	57	28	168.00
2988	299	58	17	85.00
2989	299	59	2	2.00
2990	299	60	6	42.00
2991	300	51	1	5.00
2992	300	52	4	20.00
2993	300	53	41	164.00
2994	300	54	4	4.00
2995	300	55	31	248.00
2996	300	56	3	12.00
2997	300	57	50	300.00
2998	300	58	39	195.00
2999	300	59	11	11.00
3000	300	60	11	77.00
3001	301	51	19	95.00
3002	301	52	23	115.00
3003	301	53	16	64.00
3004	301	54	36	36.00
3005	301	55	44	352.00
3006	301	56	23	92.00
3007	301	57	7	42.00
3008	301	58	4	20.00
3009	301	59	5	5.00
3010	301	60	49	343.00
3011	302	51	14	70.00
3012	302	52	46	230.00
3013	302	53	9	36.00
3014	302	54	24	24.00
3015	302	55	22	176.00
3016	302	56	44	176.00
3017	302	57	20	120.00
3018	302	58	47	235.00
3019	302	59	1	1.00
3020	302	60	28	196.00
3021	303	51	45	225.00
3022	303	52	32	160.00
3023	303	53	31	124.00
3024	303	54	5	5.00
3025	303	55	33	264.00
3026	303	56	48	192.00
3027	303	57	26	156.00
3028	303	58	2	10.00
3029	303	59	1	1.00
3030	303	60	47	329.00
3031	304	51	8	40.00
3032	304	52	40	200.00
3033	304	53	16	64.00
3034	304	54	4	4.00
3035	304	55	1	8.00
3036	304	56	48	192.00
3037	304	57	27	162.00
3038	304	58	1	5.00
3039	304	59	48	48.00
3040	304	60	37	259.00
3041	305	51	27	135.00
3042	305	52	2	10.00
3043	305	53	32	128.00
3044	305	54	32	32.00
3045	305	55	32	256.00
3046	305	56	6	24.00
3047	305	57	45	270.00
3048	305	58	33	165.00
3049	305	59	11	11.00
3050	305	60	2	14.00
3051	306	51	29	145.00
3052	306	52	8	40.00
3053	306	53	24	96.00
3054	306	54	30	30.00
3055	306	55	6	48.00
3056	306	56	18	72.00
3057	306	57	3	18.00
3058	306	58	26	130.00
3059	306	59	7	7.00
3060	306	60	46	322.00
3061	307	51	14	70.00
3062	307	52	20	100.00
3063	307	53	41	164.00
3064	307	54	10	10.00
3065	307	55	43	344.00
3066	307	56	7	28.00
3067	307	57	41	246.00
3068	307	58	9	45.00
3069	307	59	19	19.00
3070	307	60	35	245.00
3071	308	51	33	165.00
3072	308	52	12	60.00
3073	308	53	12	48.00
3074	308	54	16	16.00
3075	308	55	5	40.00
3076	308	56	28	112.00
3077	308	57	28	168.00
3078	308	58	29	145.00
3079	308	59	8	8.00
3080	308	60	26	182.00
3081	309	51	17	85.00
3082	309	52	17	85.00
3083	309	53	9	36.00
3084	309	54	48	48.00
3085	309	55	2	16.00
3086	309	56	40	160.00
3087	309	57	20	120.00
3088	309	58	7	35.00
3089	309	59	28	28.00
3090	309	60	3	21.00
3091	310	51	5	25.00
3092	310	52	49	245.00
3093	310	53	50	200.00
3094	310	54	4	4.00
3095	310	55	30	240.00
3096	310	56	3	12.00
3097	310	57	16	96.00
3098	310	58	39	195.00
3099	310	59	7	7.00
3100	310	60	26	182.00
3101	311	51	28	140.00
3102	311	52	48	240.00
3103	311	53	9	36.00
3104	311	54	35	35.00
3105	311	55	41	328.00
3106	311	56	15	60.00
3107	311	57	21	126.00
3108	311	58	10	50.00
3109	311	59	15	15.00
3110	311	60	44	308.00
3111	312	51	32	160.00
3112	312	52	28	140.00
3113	312	53	47	188.00
3114	312	54	27	27.00
3115	312	55	45	360.00
3116	312	56	46	184.00
3117	312	57	41	246.00
3118	312	58	8	40.00
3119	312	59	7	7.00
3120	312	60	48	336.00
3121	313	51	36	180.00
3122	313	52	14	70.00
3123	313	53	45	180.00
3124	313	54	49	49.00
3125	313	55	50	400.00
3126	313	56	34	136.00
3127	313	57	1	6.00
3128	313	58	40	200.00
3129	313	59	27	27.00
3130	313	60	15	105.00
3131	314	51	10	50.00
3132	314	52	32	160.00
3133	314	53	29	116.00
3134	314	54	44	44.00
3135	314	55	26	208.00
3136	314	56	33	132.00
3137	314	57	23	138.00
3138	314	58	6	30.00
3139	314	59	15	15.00
3140	314	60	29	203.00
3141	315	51	45	225.00
3142	315	52	10	50.00
3143	315	53	12	48.00
3144	315	54	39	39.00
3145	315	55	31	248.00
3146	315	56	12	48.00
3147	315	57	16	96.00
3148	315	58	27	135.00
3149	315	59	14	14.00
3150	315	60	36	252.00
3151	316	51	50	250.00
3152	316	52	24	120.00
3153	316	53	7	28.00
3154	316	54	30	30.00
3155	316	55	13	104.00
3156	316	56	38	152.00
3157	316	57	36	216.00
3158	316	58	37	185.00
3159	316	59	11	11.00
3160	316	60	13	91.00
3161	317	51	41	205.00
3162	317	52	33	165.00
3163	317	53	46	184.00
3164	317	54	30	30.00
3165	317	55	22	176.00
3166	317	56	20	80.00
3167	317	57	48	288.00
3168	317	58	17	85.00
3169	317	59	9	9.00
3170	317	60	32	224.00
3171	318	51	1	5.00
3172	318	52	40	200.00
3173	318	53	35	140.00
3174	318	54	37	37.00
3175	318	55	4	32.00
3176	318	56	42	168.00
3177	318	57	45	270.00
3178	318	58	29	145.00
3179	318	59	47	47.00
3180	318	60	25	175.00
3181	319	51	4	20.00
3182	319	52	45	225.00
3183	319	53	47	188.00
3184	319	54	25	25.00
3185	319	55	18	144.00
3186	319	56	13	52.00
3187	319	57	41	246.00
3188	319	58	16	80.00
3189	319	59	15	15.00
3190	319	60	28	196.00
3191	320	51	31	155.00
3192	320	52	43	215.00
3193	320	53	43	172.00
3194	320	54	2	2.00
3195	320	55	30	240.00
3196	320	56	10	40.00
3197	320	57	28	168.00
3198	320	58	39	195.00
3199	320	59	20	20.00
3200	320	60	22	154.00
3201	321	51	17	85.00
3202	321	52	49	245.00
3203	321	53	11	44.00
3204	321	54	48	48.00
3205	321	55	18	144.00
3206	321	56	2	8.00
3207	321	57	23	138.00
3208	321	58	14	70.00
3209	321	59	44	44.00
3210	321	60	16	112.00
3211	322	51	41	205.00
3212	322	52	28	140.00
3213	322	53	14	56.00
3214	322	54	2	2.00
3215	322	55	5	40.00
3216	322	56	26	104.00
3217	322	57	24	144.00
3218	322	58	34	170.00
3219	322	59	41	41.00
3220	322	60	50	350.00
3221	323	51	37	185.00
3222	323	52	5	25.00
3223	323	53	42	168.00
3224	323	54	26	26.00
3225	323	55	9	72.00
3226	323	56	37	148.00
3227	323	57	27	162.00
3228	323	58	44	220.00
3229	323	59	46	46.00
3230	323	60	29	203.00
3231	324	51	33	165.00
3232	324	52	39	195.00
3233	324	53	25	100.00
3234	324	54	22	22.00
3235	324	55	49	392.00
3236	324	56	41	164.00
3237	324	57	48	288.00
3238	324	58	44	220.00
3239	324	59	11	11.00
3240	324	60	21	147.00
3241	325	51	35	175.00
3242	325	52	1	5.00
3243	325	53	9	36.00
3244	325	54	24	24.00
3245	325	55	24	192.00
3246	325	56	10	40.00
3247	325	57	46	276.00
3248	325	58	34	170.00
3249	325	59	50	50.00
3250	325	60	4	28.00
3251	326	51	31	155.00
3252	326	52	37	185.00
3253	326	53	4	16.00
3254	326	54	24	24.00
3255	326	55	49	392.00
3256	326	56	29	116.00
3257	326	57	46	276.00
3258	326	58	19	95.00
3259	326	59	18	18.00
3260	326	60	25	175.00
3261	327	51	9	45.00
3262	327	52	18	90.00
3263	327	53	3	12.00
3264	327	54	38	38.00
3265	327	55	1	8.00
3266	327	56	32	128.00
3267	327	57	25	150.00
3268	327	58	1	5.00
3269	327	59	32	32.00
3270	327	60	27	189.00
3271	328	51	7	35.00
3272	328	52	18	90.00
3273	328	53	47	188.00
3274	328	54	41	41.00
3275	328	55	25	200.00
3276	328	56	32	128.00
3277	328	57	13	78.00
3278	328	58	35	175.00
3279	328	59	41	41.00
3280	328	60	2	14.00
3281	329	51	28	140.00
3282	329	52	10	50.00
3283	329	53	40	160.00
3284	329	54	22	22.00
3285	329	55	21	168.00
3286	329	56	26	104.00
3287	329	57	28	168.00
3288	329	58	40	200.00
3289	329	59	24	24.00
3290	329	60	40	280.00
3291	330	51	37	185.00
3292	330	52	33	165.00
3293	330	53	19	76.00
3294	330	54	29	29.00
3295	330	55	21	168.00
3296	330	56	31	124.00
3297	330	57	11	66.00
3298	330	58	25	125.00
3299	330	59	27	27.00
3300	330	60	41	287.00
3301	331	51	38	190.00
3302	331	52	21	105.00
3303	331	53	41	164.00
3304	331	54	25	25.00
3305	331	55	11	88.00
3306	331	56	23	92.00
3307	331	57	17	102.00
3308	331	58	42	210.00
3309	331	59	50	50.00
3310	331	60	41	287.00
3311	332	51	28	140.00
3312	332	52	13	65.00
3313	332	53	26	104.00
3314	332	54	24	24.00
3315	332	55	23	184.00
3316	332	56	13	52.00
3317	332	57	46	276.00
3318	332	58	6	30.00
3319	332	59	33	33.00
3320	332	60	39	273.00
3321	333	51	12	60.00
3322	333	52	20	100.00
3323	333	53	8	32.00
3324	333	54	14	14.00
3325	333	55	49	392.00
3326	333	56	46	184.00
3327	333	57	12	72.00
3328	333	58	5	25.00
3329	333	59	39	39.00
3330	333	60	31	217.00
3331	334	51	38	190.00
3332	334	52	33	165.00
3333	334	53	33	132.00
3334	334	54	50	50.00
3335	334	55	36	288.00
3336	334	56	21	84.00
3337	334	57	3	18.00
3338	334	58	21	105.00
3339	334	59	14	14.00
3340	334	60	2	14.00
3341	335	51	42	210.00
3342	335	52	21	105.00
3343	335	53	19	76.00
3344	335	54	47	47.00
3345	335	55	14	112.00
3346	335	56	33	132.00
3347	335	57	7	42.00
3348	335	58	10	50.00
3349	335	59	15	15.00
3350	335	60	18	126.00
3351	336	51	16	80.00
3352	336	52	32	160.00
3353	336	53	50	200.00
3354	336	54	13	13.00
3355	336	55	19	152.00
3356	336	56	45	180.00
3357	336	57	10	60.00
3358	336	58	37	185.00
3359	336	59	12	12.00
3360	336	60	6	42.00
3361	337	51	22	110.00
3362	337	52	44	220.00
3363	337	53	21	84.00
3364	337	54	12	12.00
3365	337	55	35	280.00
3366	337	56	33	132.00
3367	337	57	20	120.00
3368	337	58	45	225.00
3369	337	59	22	22.00
3370	337	60	13	91.00
3371	338	51	35	175.00
3372	338	52	36	180.00
3373	338	53	11	44.00
3374	338	54	39	39.00
3375	338	55	33	264.00
3376	338	56	47	188.00
3377	338	57	20	120.00
3378	338	58	18	90.00
3379	338	59	25	25.00
3380	338	60	3	21.00
3381	339	51	11	55.00
3382	339	52	33	165.00
3383	339	53	36	144.00
3384	339	54	7	7.00
3385	339	55	21	168.00
3386	339	56	35	140.00
3387	339	57	26	156.00
3388	339	58	17	85.00
3389	339	59	44	44.00
3390	339	60	38	266.00
3391	340	51	47	235.00
3392	340	52	48	240.00
3393	340	53	22	88.00
3394	340	54	19	19.00
3395	340	55	32	256.00
3396	340	56	32	128.00
3397	340	57	50	300.00
3398	340	58	47	235.00
3399	340	59	22	22.00
3400	340	60	5	35.00
3401	341	51	46	230.00
3402	341	52	31	155.00
3403	341	53	18	72.00
3404	341	54	45	45.00
3405	341	55	12	96.00
3406	341	56	27	108.00
3407	341	57	20	120.00
3408	341	58	48	240.00
3409	341	59	6	6.00
3410	341	60	12	84.00
3411	342	51	7	35.00
3412	342	52	38	190.00
3413	342	53	36	144.00
3414	342	54	40	40.00
3415	342	55	36	288.00
3416	342	56	50	200.00
3417	342	57	4	24.00
3418	342	58	18	90.00
3419	342	59	29	29.00
3420	342	60	38	266.00
3421	343	51	49	245.00
3422	343	52	10	50.00
3423	343	53	26	104.00
3424	343	54	12	12.00
3425	343	55	50	400.00
3426	343	56	12	48.00
3427	343	57	16	96.00
3428	343	58	25	125.00
3429	343	59	19	19.00
3430	343	60	5	35.00
3431	344	51	16	80.00
3432	344	52	19	95.00
3433	344	53	25	100.00
3434	344	54	9	9.00
3435	344	55	6	48.00
3436	344	56	4	16.00
3437	344	57	47	282.00
3438	344	58	30	150.00
3439	344	59	41	41.00
3440	344	60	27	189.00
3441	345	51	31	155.00
3442	345	52	15	75.00
3443	345	53	28	112.00
3444	345	54	24	24.00
3445	345	55	35	280.00
3446	345	56	12	48.00
3447	345	57	3	18.00
3448	345	58	22	110.00
3449	345	59	41	41.00
3450	345	60	10	70.00
3451	346	51	11	55.00
3452	346	52	21	105.00
3453	346	53	40	160.00
3454	346	54	42	42.00
3455	346	55	23	184.00
3456	346	56	44	176.00
3457	346	57	14	84.00
3458	346	58	45	225.00
3459	346	59	23	23.00
3460	346	60	29	203.00
3461	347	51	21	105.00
3462	347	52	20	100.00
3463	347	53	18	72.00
3464	347	54	15	15.00
3465	347	55	19	152.00
3466	347	56	38	152.00
3467	347	57	11	66.00
3468	347	58	38	190.00
3469	347	59	36	36.00
3470	347	60	41	287.00
3471	348	51	15	75.00
3472	348	52	16	80.00
3473	348	53	26	104.00
3474	348	54	38	38.00
3475	348	55	18	144.00
3476	348	56	29	116.00
3477	348	57	6	36.00
3478	348	58	16	80.00
3479	348	59	15	15.00
3480	348	60	15	105.00
3481	349	51	30	150.00
3482	349	52	11	55.00
3483	349	53	3	12.00
3484	349	54	45	45.00
3485	349	55	14	112.00
3486	349	56	28	112.00
3487	349	57	15	90.00
3488	349	58	28	140.00
3489	349	59	20	20.00
3490	349	60	34	238.00
3491	350	51	27	135.00
3492	350	52	9	45.00
3493	350	53	9	36.00
3494	350	54	31	31.00
3495	350	55	11	88.00
3496	350	56	26	104.00
3497	350	57	45	270.00
3498	350	58	45	225.00
3499	350	59	7	7.00
3500	350	60	43	301.00
3501	351	51	22	110.00
3502	351	52	38	190.00
3503	351	53	50	200.00
3504	351	54	44	44.00
3505	351	55	23	184.00
3506	351	56	12	48.00
3507	351	57	24	144.00
3508	351	58	28	140.00
3509	351	59	10	10.00
3510	351	60	42	294.00
3511	352	51	22	110.00
3512	352	52	12	60.00
3513	352	53	14	56.00
3514	352	54	40	40.00
3515	352	55	16	128.00
3516	352	56	39	156.00
3517	352	57	5	30.00
3518	352	58	3	15.00
3519	352	59	38	38.00
3520	352	60	17	119.00
3521	353	51	14	70.00
3522	353	52	21	105.00
3523	353	53	40	160.00
3524	353	54	6	6.00
3525	353	55	12	96.00
3526	353	56	25	100.00
3527	353	57	17	102.00
3528	353	58	5	25.00
3529	353	59	46	46.00
3530	353	60	31	217.00
3531	354	51	15	75.00
3532	354	52	11	55.00
3533	354	53	31	124.00
3534	354	54	21	21.00
3535	354	55	11	88.00
3536	354	56	23	92.00
3537	354	57	42	252.00
3538	354	58	24	120.00
3539	354	59	42	42.00
3540	354	60	35	245.00
3541	355	51	50	250.00
3542	355	52	39	195.00
3543	355	53	38	152.00
3544	355	54	43	43.00
3545	355	55	20	160.00
3546	355	56	28	112.00
3547	355	57	15	90.00
3548	355	58	11	55.00
3549	355	59	38	38.00
3550	355	60	43	301.00
3551	356	51	46	230.00
3552	356	52	50	250.00
3553	356	53	24	96.00
3554	356	54	21	21.00
3555	356	55	30	240.00
3556	356	56	10	40.00
3557	356	57	48	288.00
3558	356	58	15	75.00
3559	356	59	42	42.00
3560	356	60	22	154.00
3561	357	51	13	65.00
3562	357	52	48	240.00
3563	357	53	30	120.00
3564	357	54	48	48.00
3565	357	55	32	256.00
3566	357	56	29	116.00
3567	357	57	30	180.00
3568	357	58	2	10.00
3569	357	59	50	50.00
3570	357	60	14	98.00
3571	358	51	43	215.00
3572	358	52	11	55.00
3573	358	53	4	16.00
3574	358	54	39	39.00
3575	358	55	10	80.00
3576	358	56	41	164.00
3577	358	57	2	12.00
3578	358	58	37	185.00
3579	358	59	35	35.00
3580	358	60	23	161.00
3581	359	51	49	245.00
3582	359	52	19	95.00
3583	359	53	32	128.00
3584	359	54	26	26.00
3585	359	55	34	272.00
3586	359	56	41	164.00
3587	359	57	6	36.00
3588	359	58	36	180.00
3589	359	59	23	23.00
3590	359	60	3	21.00
3591	360	51	41	205.00
3592	360	52	8	40.00
3593	360	53	20	80.00
3594	360	54	14	14.00
3595	360	55	6	48.00
3596	360	56	1	4.00
3597	360	57	7	42.00
3598	360	58	18	90.00
3599	360	59	21	21.00
3600	360	60	28	196.00
3601	361	51	5	25.00
3602	361	52	46	230.00
3603	361	53	27	108.00
3604	361	54	16	16.00
3605	361	55	26	208.00
3606	361	56	7	28.00
3607	361	57	35	210.00
3608	361	58	9	45.00
3609	361	59	4	4.00
3610	361	60	23	161.00
3611	362	51	44	220.00
3612	362	52	49	245.00
3613	362	53	43	172.00
3614	362	54	50	50.00
3615	362	55	47	376.00
3616	362	56	4	16.00
3617	362	57	30	180.00
3618	362	58	19	95.00
3619	362	59	22	22.00
3620	362	60	30	210.00
3621	363	51	33	165.00
3622	363	52	48	240.00
3623	363	53	42	168.00
3624	363	54	32	32.00
3625	363	55	31	248.00
3626	363	56	44	176.00
3627	363	57	19	114.00
3628	363	58	41	205.00
3629	363	59	18	18.00
3630	363	60	39	273.00
3631	364	51	7	35.00
3632	364	52	9	45.00
3633	364	53	43	172.00
3634	364	54	46	46.00
3635	364	55	9	72.00
3636	364	56	44	176.00
3637	364	57	3	18.00
3638	364	58	41	205.00
3639	364	59	5	5.00
3640	364	60	41	287.00
3641	365	51	36	180.00
3642	365	52	40	200.00
3643	365	53	8	32.00
3644	365	54	47	47.00
3645	365	55	36	288.00
3646	365	56	1	4.00
3647	365	57	6	36.00
3648	365	58	10	50.00
3649	365	59	39	39.00
3650	365	60	29	203.00
3651	366	51	21	105.00
3652	366	52	15	75.00
3653	366	53	24	96.00
3654	366	54	34	34.00
3655	366	55	10	80.00
3656	366	56	44	176.00
3657	366	57	5	30.00
3658	366	58	1	5.00
3659	366	59	9	9.00
3660	366	60	11	77.00
3661	367	51	20	100.00
3662	367	52	2	10.00
3663	367	53	47	188.00
3664	367	54	39	39.00
3665	367	55	35	280.00
3666	367	56	20	80.00
3667	367	57	39	234.00
3668	367	58	23	115.00
3669	367	59	21	21.00
3670	367	60	9	63.00
3671	368	51	27	135.00
3672	368	52	21	105.00
3673	368	53	48	192.00
3674	368	54	34	34.00
3675	368	55	49	392.00
3676	368	56	24	96.00
3677	368	57	20	120.00
3678	368	58	32	160.00
3679	368	59	25	25.00
3680	368	60	22	154.00
3681	369	51	23	115.00
3682	369	52	21	105.00
3683	369	53	7	28.00
3684	369	54	24	24.00
3685	369	55	40	320.00
3686	369	56	26	104.00
3687	369	57	50	300.00
3688	369	58	38	190.00
3689	369	59	7	7.00
3690	369	60	42	294.00
3691	370	51	47	235.00
3692	370	52	41	205.00
3693	370	53	7	28.00
3694	370	54	14	14.00
3695	370	55	1	8.00
3696	370	56	16	64.00
3697	370	57	20	120.00
3698	370	58	7	35.00
3699	370	59	47	47.00
3700	370	60	16	112.00
3701	371	51	46	230.00
3702	371	52	8	40.00
3703	371	53	27	108.00
3704	371	54	38	38.00
3705	371	55	18	144.00
3706	371	56	50	200.00
3707	371	57	8	48.00
3708	371	58	8	40.00
3709	371	59	30	30.00
3710	371	60	15	105.00
3711	372	51	8	40.00
3712	372	52	42	210.00
3713	372	53	12	48.00
3714	372	54	2	2.00
3715	372	55	4	32.00
3716	372	56	11	44.00
3717	372	57	49	294.00
3718	372	58	43	215.00
3719	372	59	22	22.00
3720	372	60	23	161.00
3721	373	51	22	110.00
3722	373	52	5	25.00
3723	373	53	15	60.00
3724	373	54	34	34.00
3725	373	55	8	64.00
3726	373	56	41	164.00
3727	373	57	26	156.00
3728	373	58	48	240.00
3729	373	59	23	23.00
3730	373	60	6	42.00
3731	374	51	31	155.00
3732	374	52	4	20.00
3733	374	53	18	72.00
3734	374	54	14	14.00
3735	374	55	24	192.00
3736	374	56	8	32.00
3737	374	57	2	12.00
3738	374	58	43	215.00
3739	374	59	44	44.00
3740	374	60	12	84.00
3741	375	51	39	195.00
3742	375	52	25	125.00
3743	375	53	34	136.00
3744	375	54	50	50.00
3745	375	55	14	112.00
3746	375	56	26	104.00
3747	375	57	28	168.00
3748	375	58	9	45.00
3749	375	59	44	44.00
3750	375	60	4	28.00
3751	376	51	9	45.00
3752	376	52	21	105.00
3753	376	53	23	92.00
3754	376	54	7	7.00
3755	376	55	20	160.00
3756	376	56	29	116.00
3757	376	57	46	276.00
3758	376	58	6	30.00
3759	376	59	17	17.00
3760	376	60	6	42.00
3761	377	51	50	250.00
3762	377	52	47	235.00
3763	377	53	5	20.00
3764	377	54	44	44.00
3765	377	55	35	280.00
3766	377	56	22	88.00
3767	377	57	30	180.00
3768	377	58	16	80.00
3769	377	59	8	8.00
3770	377	60	26	182.00
3771	378	51	4	20.00
3772	378	52	38	190.00
3773	378	53	26	104.00
3774	378	54	46	46.00
3775	378	55	31	248.00
3776	378	56	21	84.00
3777	378	57	30	180.00
3778	378	58	16	80.00
3779	378	59	31	31.00
3780	378	60	13	91.00
3781	379	51	11	55.00
3782	379	52	9	45.00
3783	379	53	32	128.00
3784	379	54	50	50.00
3785	379	55	32	256.00
3786	379	56	39	156.00
3787	379	57	16	96.00
3788	379	58	2	10.00
3789	379	59	45	45.00
3790	379	60	13	91.00
3791	380	51	47	235.00
3792	380	52	49	245.00
3793	380	53	29	116.00
3794	380	54	26	26.00
3795	380	55	47	376.00
3796	380	56	37	148.00
3797	380	57	46	276.00
3798	380	58	40	200.00
3799	380	59	16	16.00
3800	380	60	31	217.00
3801	381	51	49	245.00
3802	381	52	44	220.00
3803	381	53	24	96.00
3804	381	54	33	33.00
3805	381	55	5	40.00
3806	381	56	48	192.00
3807	381	57	13	78.00
3808	381	58	1	5.00
3809	381	59	8	8.00
3810	381	60	22	154.00
3811	382	51	6	30.00
3812	382	52	32	160.00
3813	382	53	22	88.00
3814	382	54	21	21.00
3815	382	55	26	208.00
3816	382	56	12	48.00
3817	382	57	41	246.00
3818	382	58	10	50.00
3819	382	59	3	3.00
3820	382	60	37	259.00
3821	383	51	24	120.00
3822	383	52	41	205.00
3823	383	53	25	100.00
3824	383	54	31	31.00
3825	383	55	43	344.00
3826	383	56	39	156.00
3827	383	57	22	132.00
3828	383	58	42	210.00
3829	383	59	22	22.00
3830	383	60	29	203.00
3831	384	51	48	240.00
3832	384	52	32	160.00
3833	384	53	14	56.00
3834	384	54	16	16.00
3835	384	55	26	208.00
3836	384	56	24	96.00
3837	384	57	4	24.00
3838	384	58	2	10.00
3839	384	59	17	17.00
3840	384	60	36	252.00
3841	385	51	1	5.00
3842	385	52	12	60.00
3843	385	53	4	16.00
3844	385	54	7	7.00
3845	385	55	12	96.00
3846	385	56	42	168.00
3847	385	57	7	42.00
3848	385	58	11	55.00
3849	385	59	5	5.00
3850	385	60	44	308.00
3851	386	51	49	245.00
3852	386	52	7	35.00
3853	386	53	34	136.00
3854	386	54	49	49.00
3855	386	55	38	304.00
3856	386	56	42	168.00
3857	386	57	46	276.00
3858	386	58	32	160.00
3859	386	59	3	3.00
3860	386	60	16	112.00
3861	387	51	25	125.00
3862	387	52	3	15.00
3863	387	53	46	184.00
3864	387	54	12	12.00
3865	387	55	10	80.00
3866	387	56	31	124.00
3867	387	57	36	216.00
3868	387	58	1	5.00
3869	387	59	45	45.00
3870	387	60	31	217.00
3871	388	51	36	180.00
3872	388	52	20	100.00
3873	388	53	6	24.00
3874	388	54	23	23.00
3875	388	55	24	192.00
3876	388	56	27	108.00
3877	388	57	36	216.00
3878	388	58	49	245.00
3879	388	59	32	32.00
3880	388	60	9	63.00
3881	389	51	18	90.00
3882	389	52	28	140.00
3883	389	53	6	24.00
3884	389	54	44	44.00
3885	389	55	15	120.00
3886	389	56	7	28.00
3887	389	57	28	168.00
3888	389	58	16	80.00
3889	389	59	2	2.00
3890	389	60	28	196.00
3891	390	51	24	120.00
3892	390	52	23	115.00
3893	390	53	22	88.00
3894	390	54	23	23.00
3895	390	55	8	64.00
3896	390	56	10	40.00
3897	390	57	45	270.00
3898	390	58	20	100.00
3899	390	59	45	45.00
3900	390	60	44	308.00
3901	391	51	37	185.00
3902	391	52	3	15.00
3903	391	53	7	28.00
3904	391	54	32	32.00
3905	391	55	17	136.00
3906	391	56	9	36.00
3907	391	57	3	18.00
3908	391	58	21	105.00
3909	391	59	46	46.00
3910	391	60	46	322.00
3911	392	51	43	215.00
3912	392	52	4	20.00
3913	392	53	24	96.00
3914	392	54	14	14.00
3915	392	55	23	184.00
3916	392	56	48	192.00
3917	392	57	12	72.00
3918	392	58	5	25.00
3919	392	59	45	45.00
3920	392	60	16	112.00
3921	393	51	20	100.00
3922	393	52	37	185.00
3923	393	53	41	164.00
3924	393	54	16	16.00
3925	393	55	25	200.00
3926	393	56	32	128.00
3927	393	57	24	144.00
3928	393	58	14	70.00
3929	393	59	50	50.00
3930	393	60	11	77.00
3931	394	51	42	210.00
3932	394	52	34	170.00
3933	394	53	15	60.00
3934	394	54	50	50.00
3935	394	55	15	120.00
3936	394	56	19	76.00
3937	394	57	37	222.00
3938	394	58	49	245.00
3939	394	59	43	43.00
3940	394	60	2	14.00
3941	395	51	11	55.00
3942	395	52	5	25.00
3943	395	53	23	92.00
3944	395	54	34	34.00
3945	395	55	32	256.00
3946	395	56	21	84.00
3947	395	57	27	162.00
3948	395	58	32	160.00
3949	395	59	13	13.00
3950	395	60	32	224.00
3951	396	51	29	145.00
3952	396	52	32	160.00
3953	396	53	13	52.00
3954	396	54	14	14.00
3955	396	55	11	88.00
3956	396	56	42	168.00
3957	396	57	38	228.00
3958	396	58	36	180.00
3959	396	59	14	14.00
3960	396	60	35	245.00
3961	397	51	26	130.00
3962	397	52	10	50.00
3963	397	53	44	176.00
3964	397	54	30	30.00
3965	397	55	38	304.00
3966	397	56	34	136.00
3967	397	57	46	276.00
3968	397	58	35	175.00
3969	397	59	16	16.00
3970	397	60	50	350.00
3971	398	51	27	135.00
3972	398	52	3	15.00
3973	398	53	27	108.00
3974	398	54	22	22.00
3975	398	55	23	184.00
3976	398	56	25	100.00
3977	398	57	37	222.00
3978	398	58	18	90.00
3979	398	59	20	20.00
3980	398	60	36	252.00
3981	399	51	41	205.00
3982	399	52	44	220.00
3983	399	53	12	48.00
3984	399	54	23	23.00
3985	399	55	13	104.00
3986	399	56	42	168.00
3987	399	57	13	78.00
3988	399	58	44	220.00
3989	399	59	11	11.00
3990	399	60	20	140.00
3991	400	51	5	25.00
3992	400	52	18	90.00
3993	400	53	36	144.00
3994	400	54	7	7.00
3995	400	55	25	200.00
3996	400	56	3	12.00
3997	400	57	22	132.00
3998	400	58	46	230.00
3999	400	59	6	6.00
4000	400	60	12	84.00
4001	401	51	7	35.00
4002	401	52	7	35.00
4003	401	53	10	40.00
4004	401	54	38	38.00
4005	401	55	4	32.00
4006	401	56	30	120.00
4007	401	57	29	174.00
4008	401	58	50	250.00
4009	401	59	36	36.00
4010	401	60	3	21.00
4011	402	51	33	165.00
4012	402	52	11	55.00
4013	402	53	28	112.00
4014	402	54	42	42.00
4015	402	55	10	80.00
4016	402	56	14	56.00
4017	402	57	42	252.00
4018	402	58	28	140.00
4019	402	59	37	37.00
4020	402	60	22	154.00
4021	403	51	37	185.00
4022	403	52	3	15.00
4023	403	53	41	164.00
4024	403	54	6	6.00
4025	403	55	20	160.00
4026	403	56	30	120.00
4027	403	57	33	198.00
4028	403	58	1	5.00
4029	403	59	41	41.00
4030	403	60	27	189.00
4031	404	51	36	180.00
4032	404	52	34	170.00
4033	404	53	32	128.00
4034	404	54	45	45.00
4035	404	55	7	56.00
4036	404	56	21	84.00
4037	404	57	8	48.00
4038	404	58	32	160.00
4039	404	59	24	24.00
4040	404	60	27	189.00
4041	405	51	6	30.00
4042	405	52	20	100.00
4043	405	53	22	88.00
4044	405	54	14	14.00
4045	405	55	37	296.00
4046	405	56	12	48.00
4047	405	57	40	240.00
4048	405	58	45	225.00
4049	405	59	22	22.00
4050	405	60	17	119.00
4051	406	51	44	220.00
4052	406	52	29	145.00
4053	406	53	12	48.00
4054	406	54	20	20.00
4055	406	55	14	112.00
4056	406	56	47	188.00
4057	406	57	11	66.00
4058	406	58	25	125.00
4059	406	59	12	12.00
4060	406	60	23	161.00
4061	407	51	36	180.00
4062	407	52	16	80.00
4063	407	53	15	60.00
4064	407	54	46	46.00
4065	407	55	7	56.00
4066	407	56	13	52.00
4067	407	57	14	84.00
4068	407	58	45	225.00
4069	407	59	41	41.00
4070	407	60	7	49.00
4071	408	51	25	125.00
4072	408	52	47	235.00
4073	408	53	30	120.00
4074	408	54	47	47.00
4075	408	55	1	8.00
4076	408	56	15	60.00
4077	408	57	42	252.00
4078	408	58	12	60.00
4079	408	59	4	4.00
4080	408	60	44	308.00
4081	409	51	31	155.00
4082	409	52	33	165.00
4083	409	53	8	32.00
4084	409	54	8	8.00
4085	409	55	2	16.00
4086	409	56	22	88.00
4087	409	57	9	54.00
4088	409	58	17	85.00
4089	409	59	37	37.00
4090	409	60	38	266.00
4091	410	51	3	15.00
4092	410	52	2	10.00
4093	410	53	13	52.00
4094	410	54	37	37.00
4095	410	55	35	280.00
4096	410	56	34	136.00
4097	410	57	33	198.00
4098	410	58	25	125.00
4099	410	59	1	1.00
4100	410	60	7	49.00
4101	411	51	2	10.00
4102	411	52	3	15.00
4103	411	53	46	184.00
4104	411	54	28	28.00
4105	411	55	31	248.00
4106	411	56	12	48.00
4107	411	57	20	120.00
4108	411	58	20	100.00
4109	411	59	37	37.00
4110	411	60	45	315.00
4111	412	51	5	25.00
4112	412	52	13	65.00
4113	412	53	1	4.00
4114	412	54	2	2.00
4115	412	55	11	88.00
4116	412	56	45	180.00
4117	412	57	41	246.00
4118	412	58	23	115.00
4119	412	59	17	17.00
4120	412	60	41	287.00
4121	413	51	32	160.00
4122	413	52	35	175.00
4123	413	53	29	116.00
4124	413	54	1	1.00
4125	413	55	25	200.00
4126	413	56	26	104.00
4127	413	57	4	24.00
4128	413	58	13	65.00
4129	413	59	20	20.00
4130	413	60	40	280.00
4131	414	51	32	160.00
4132	414	52	4	20.00
4133	414	53	47	188.00
4134	414	54	12	12.00
4135	414	55	9	72.00
4136	414	56	20	80.00
4137	414	57	50	300.00
4138	414	58	6	30.00
4139	414	59	48	48.00
4140	414	60	2	14.00
4141	415	51	23	115.00
4142	415	52	11	55.00
4143	415	53	37	148.00
4144	415	54	11	11.00
4145	415	55	50	400.00
4146	415	56	37	148.00
4147	415	57	11	66.00
4148	415	58	12	60.00
4149	415	59	9	9.00
4150	415	60	32	224.00
4151	416	51	45	225.00
4152	416	52	4	20.00
4153	416	53	7	28.00
4154	416	54	1	1.00
4155	416	55	45	360.00
4156	416	56	34	136.00
4157	416	57	31	186.00
4158	416	58	26	130.00
4159	416	59	39	39.00
4160	416	60	30	210.00
4161	417	51	34	170.00
4162	417	52	45	225.00
4163	417	53	34	136.00
4164	417	54	15	15.00
4165	417	55	43	344.00
4166	417	56	38	152.00
4167	417	57	47	282.00
4168	417	58	18	90.00
4169	417	59	34	34.00
4170	417	60	4	28.00
4171	418	51	9	45.00
4172	418	52	25	125.00
4173	418	53	36	144.00
4174	418	54	41	41.00
4175	418	55	21	168.00
4176	418	56	43	172.00
4177	418	57	19	114.00
4178	418	58	4	20.00
4179	418	59	19	19.00
4180	418	60	15	105.00
4181	419	51	50	250.00
4182	419	52	19	95.00
4183	419	53	7	28.00
4184	419	54	11	11.00
4185	419	55	14	112.00
4186	419	56	29	116.00
4187	419	57	3	18.00
4188	419	58	11	55.00
4189	419	59	33	33.00
4190	419	60	37	259.00
4191	420	51	23	115.00
4192	420	52	21	105.00
4193	420	53	40	160.00
4194	420	54	20	20.00
4195	420	55	34	272.00
4196	420	56	19	76.00
4197	420	57	34	204.00
4198	420	58	33	165.00
4199	420	59	30	30.00
4200	420	60	5	35.00
4201	421	51	21	105.00
4202	421	52	10	50.00
4203	421	53	13	52.00
4204	421	54	29	29.00
4205	421	55	24	192.00
4206	421	56	2	8.00
4207	421	57	25	150.00
4208	421	58	1	5.00
4209	421	59	36	36.00
4210	421	60	17	119.00
4211	422	51	8	40.00
4212	422	52	1	5.00
4213	422	53	12	48.00
4214	422	54	36	36.00
4215	422	55	27	216.00
4216	422	56	22	88.00
4217	422	57	1	6.00
4218	422	58	29	145.00
4219	422	59	42	42.00
4220	422	60	39	273.00
4221	423	51	34	170.00
4222	423	52	42	210.00
4223	423	53	20	80.00
4224	423	54	28	28.00
4225	423	55	9	72.00
4226	423	56	19	76.00
4227	423	57	43	258.00
4228	423	58	9	45.00
4229	423	59	30	30.00
4230	423	60	41	287.00
4231	424	51	19	95.00
4232	424	52	50	250.00
4233	424	53	3	12.00
4234	424	54	14	14.00
4235	424	55	11	88.00
4236	424	56	33	132.00
4237	424	57	4	24.00
4238	424	58	11	55.00
4239	424	59	45	45.00
4240	424	60	48	336.00
4241	425	51	38	190.00
4242	425	52	18	90.00
4243	425	53	39	156.00
4244	425	54	48	48.00
4245	425	55	30	240.00
4246	425	56	35	140.00
4247	425	57	42	252.00
4248	425	58	12	60.00
4249	425	59	2	2.00
4250	425	60	25	175.00
4251	426	51	31	155.00
4252	426	52	47	235.00
4253	426	53	32	128.00
4254	426	54	38	38.00
4255	426	55	26	208.00
4256	426	56	35	140.00
4257	426	57	36	216.00
4258	426	58	32	160.00
4259	426	59	2	2.00
4260	426	60	40	280.00
4261	427	51	31	155.00
4262	427	52	37	185.00
4263	427	53	29	116.00
4264	427	54	18	18.00
4265	427	55	35	280.00
4266	427	56	45	180.00
4267	427	57	37	222.00
4268	427	58	38	190.00
4269	427	59	34	34.00
4270	427	60	9	63.00
4271	428	51	8	40.00
4272	428	52	4	20.00
4273	428	53	29	116.00
4274	428	54	45	45.00
4275	428	55	48	384.00
4276	428	56	36	144.00
4277	428	57	43	258.00
4278	428	58	48	240.00
4279	428	59	26	26.00
4280	428	60	25	175.00
4281	429	51	24	120.00
4282	429	52	25	125.00
4283	429	53	42	168.00
4284	429	54	26	26.00
4285	429	55	4	32.00
4286	429	56	28	112.00
4287	429	57	24	144.00
4288	429	58	33	165.00
4289	429	59	38	38.00
4290	429	60	49	343.00
4291	430	51	13	65.00
4292	430	52	29	145.00
4293	430	53	35	140.00
4294	430	54	3	3.00
4295	430	55	47	376.00
4296	430	56	29	116.00
4297	430	57	41	246.00
4298	430	58	29	145.00
4299	430	59	30	30.00
4300	430	60	16	112.00
4301	431	51	24	120.00
4302	431	52	38	190.00
4303	431	53	44	176.00
4304	431	54	25	25.00
4305	431	55	32	256.00
4306	431	56	29	116.00
4307	431	57	5	30.00
4308	431	58	50	250.00
4309	431	59	50	50.00
4310	431	60	38	266.00
4311	432	51	23	115.00
4312	432	52	25	125.00
4313	432	53	23	92.00
4314	432	54	15	15.00
4315	432	55	14	112.00
4316	432	56	45	180.00
4317	432	57	23	138.00
4318	432	58	29	145.00
4319	432	59	1	1.00
4320	432	60	6	42.00
4321	433	51	11	55.00
4322	433	52	14	70.00
4323	433	53	10	40.00
4324	433	54	3	3.00
4325	433	55	16	128.00
4326	433	56	44	176.00
4327	433	57	5	30.00
4328	433	58	25	125.00
4329	433	59	11	11.00
4330	433	60	48	336.00
4331	434	51	14	70.00
4332	434	52	46	230.00
4333	434	53	18	72.00
4334	434	54	7	7.00
4335	434	55	47	376.00
4336	434	56	9	36.00
4337	434	57	40	240.00
4338	434	58	41	205.00
4339	434	59	26	26.00
4340	434	60	20	140.00
4341	435	51	45	225.00
4342	435	52	34	170.00
4343	435	53	21	84.00
4344	435	54	10	10.00
4345	435	55	26	208.00
4346	435	56	6	24.00
4347	435	57	12	72.00
4348	435	58	34	170.00
4349	435	59	4	4.00
4350	435	60	8	56.00
4351	436	51	26	130.00
4352	436	52	42	210.00
4353	436	53	40	160.00
4354	436	54	13	13.00
4355	436	55	34	272.00
4356	436	56	19	76.00
4357	436	57	22	132.00
4358	436	58	10	50.00
4359	436	59	5	5.00
4360	436	60	41	287.00
4361	437	51	32	160.00
4362	437	52	24	120.00
4363	437	53	12	48.00
4364	437	54	18	18.00
4365	437	55	29	232.00
4366	437	56	25	100.00
4367	437	57	33	198.00
4368	437	58	45	225.00
4369	437	59	49	49.00
4370	437	60	23	161.00
4371	438	51	40	200.00
4372	438	52	41	205.00
4373	438	53	5	20.00
4374	438	54	33	33.00
4375	438	55	20	160.00
4376	438	56	36	144.00
4377	438	57	41	246.00
4378	438	58	45	225.00
4379	438	59	24	24.00
4380	438	60	37	259.00
4381	439	51	40	200.00
4382	439	52	2	10.00
4383	439	53	30	120.00
4384	439	54	47	47.00
4385	439	55	15	120.00
4386	439	56	29	116.00
4387	439	57	12	72.00
4388	439	58	2	10.00
4389	439	59	25	25.00
4390	439	60	18	126.00
4391	440	51	43	215.00
4392	440	52	44	220.00
4393	440	53	26	104.00
4394	440	54	6	6.00
4395	440	55	1	8.00
4396	440	56	4	16.00
4397	440	57	24	144.00
4398	440	58	49	245.00
4399	440	59	23	23.00
4400	440	60	45	315.00
4401	441	51	4	20.00
4402	441	52	29	145.00
4403	441	53	48	192.00
4404	441	54	7	7.00
4405	441	55	28	224.00
4406	441	56	41	164.00
4407	441	57	3	18.00
4408	441	58	26	130.00
4409	441	59	6	6.00
4410	441	60	48	336.00
4411	442	51	13	65.00
4412	442	52	2	10.00
4413	442	53	14	56.00
4414	442	54	41	41.00
4415	442	55	45	360.00
4416	442	56	12	48.00
4417	442	57	26	156.00
4418	442	58	25	125.00
4419	442	59	19	19.00
4420	442	60	23	161.00
4421	443	51	15	75.00
4422	443	52	41	205.00
4423	443	53	21	84.00
4424	443	54	5	5.00
4425	443	55	47	376.00
4426	443	56	29	116.00
4427	443	57	18	108.00
4428	443	58	7	35.00
4429	443	59	24	24.00
4430	443	60	24	168.00
4431	444	51	28	140.00
4432	444	52	46	230.00
4433	444	53	32	128.00
4434	444	54	7	7.00
4435	444	55	15	120.00
4436	444	56	17	68.00
4437	444	57	37	222.00
4438	444	58	47	235.00
4439	444	59	49	49.00
4440	444	60	45	315.00
4441	445	51	6	30.00
4442	445	52	35	175.00
4443	445	53	19	76.00
4444	445	54	39	39.00
4445	445	55	49	392.00
4446	445	56	18	72.00
4447	445	57	20	120.00
4448	445	58	6	30.00
4449	445	59	23	23.00
4450	445	60	27	189.00
4451	446	51	35	175.00
4452	446	52	32	160.00
4453	446	53	5	20.00
4454	446	54	7	7.00
4455	446	55	9	72.00
4456	446	56	9	36.00
4457	446	57	13	78.00
4458	446	58	7	35.00
4459	446	59	1	1.00
4460	446	60	10	70.00
4461	447	51	21	105.00
4462	447	52	45	225.00
4463	447	53	28	112.00
4464	447	54	33	33.00
4465	447	55	44	352.00
4466	447	56	32	128.00
4467	447	57	6	36.00
4468	447	58	30	150.00
4469	447	59	37	37.00
4470	447	60	5	35.00
4471	448	51	11	55.00
4472	448	52	40	200.00
4473	448	53	15	60.00
4474	448	54	21	21.00
4475	448	55	19	152.00
4476	448	56	24	96.00
4477	448	57	26	156.00
4478	448	58	5	25.00
4479	448	59	46	46.00
4480	448	60	3	21.00
4481	449	51	4	20.00
4482	449	52	45	225.00
4483	449	53	20	80.00
4484	449	54	37	37.00
4485	449	55	10	80.00
4486	449	56	1	4.00
4487	449	57	12	72.00
4488	449	58	44	220.00
4489	449	59	46	46.00
4490	449	60	2	14.00
4491	450	51	22	110.00
4492	450	52	6	30.00
4493	450	53	32	128.00
4494	450	54	25	25.00
4495	450	55	12	96.00
4496	450	56	42	168.00
4497	450	57	40	240.00
4498	450	58	27	135.00
4499	450	59	39	39.00
4500	450	60	40	280.00
4501	451	51	26	130.00
4502	451	52	1	5.00
4503	451	53	37	148.00
4504	451	54	37	37.00
4505	451	55	19	152.00
4506	451	56	21	84.00
4507	451	57	23	138.00
4508	451	58	46	230.00
4509	451	59	16	16.00
4510	451	60	49	343.00
4511	452	51	31	155.00
4512	452	52	33	165.00
4513	452	53	34	136.00
4514	452	54	38	38.00
4515	452	55	16	128.00
4516	452	56	43	172.00
4517	452	57	30	180.00
4518	452	58	26	130.00
4519	452	59	29	29.00
4520	452	60	33	231.00
4521	453	51	18	90.00
4522	453	52	3	15.00
4523	453	53	47	188.00
4524	453	54	9	9.00
4525	453	55	30	240.00
4526	453	56	5	20.00
4527	453	57	42	252.00
4528	453	58	38	190.00
4529	453	59	30	30.00
4530	453	60	33	231.00
4531	454	51	19	95.00
4532	454	52	45	225.00
4533	454	53	30	120.00
4534	454	54	38	38.00
4535	454	55	34	272.00
4536	454	56	14	56.00
4537	454	57	43	258.00
4538	454	58	44	220.00
4539	454	59	25	25.00
4540	454	60	33	231.00
4541	455	51	31	155.00
4542	455	52	13	65.00
4543	455	53	25	100.00
4544	455	54	11	11.00
4545	455	55	24	192.00
4546	455	56	5	20.00
4547	455	57	28	168.00
4548	455	58	36	180.00
4549	455	59	25	25.00
4550	455	60	32	224.00
4551	456	51	34	170.00
4552	456	52	1	5.00
4553	456	53	33	132.00
4554	456	54	17	17.00
4555	456	55	18	144.00
4556	456	56	2	8.00
4557	456	57	20	120.00
4558	456	58	17	85.00
4559	456	59	45	45.00
4560	456	60	33	231.00
4561	457	51	17	85.00
4562	457	52	40	200.00
4563	457	53	43	172.00
4564	457	54	44	44.00
4565	457	55	11	88.00
4566	457	56	45	180.00
4567	457	57	26	156.00
4568	457	58	4	20.00
4569	457	59	34	34.00
4570	457	60	24	168.00
4571	458	51	36	180.00
4572	458	52	35	175.00
4573	458	53	26	104.00
4574	458	54	24	24.00
4575	458	55	18	144.00
4576	458	56	27	108.00
4577	458	57	27	162.00
4578	458	58	35	175.00
4579	458	59	15	15.00
4580	458	60	47	329.00
4581	459	51	30	150.00
4582	459	52	1	5.00
4583	459	53	16	64.00
4584	459	54	43	43.00
4585	459	55	11	88.00
4586	459	56	8	32.00
4587	459	57	32	192.00
4588	459	58	41	205.00
4589	459	59	29	29.00
4590	459	60	40	280.00
4591	460	51	40	200.00
4592	460	52	43	215.00
4593	460	53	6	24.00
4594	460	54	7	7.00
4595	460	55	24	192.00
4596	460	56	49	196.00
4597	460	57	23	138.00
4598	460	58	41	205.00
4599	460	59	24	24.00
4600	460	60	9	63.00
4601	461	51	26	130.00
4602	461	52	15	75.00
4603	461	53	10	40.00
4604	461	54	17	17.00
4605	461	55	5	40.00
4606	461	56	21	84.00
4607	461	57	21	126.00
4608	461	58	8	40.00
4609	461	59	4	4.00
4610	461	60	34	238.00
4611	462	51	5	25.00
4612	462	52	19	95.00
4613	462	53	39	156.00
4614	462	54	1	1.00
4615	462	55	46	368.00
4616	462	56	1	4.00
4617	462	57	48	288.00
4618	462	58	8	40.00
4619	462	59	38	38.00
4620	462	60	8	56.00
4621	463	51	49	245.00
4622	463	52	42	210.00
4623	463	53	7	28.00
4624	463	54	9	9.00
4625	463	55	11	88.00
4626	463	56	41	164.00
4627	463	57	25	150.00
4628	463	58	31	155.00
4629	463	59	7	7.00
4630	463	60	23	161.00
4631	464	51	32	160.00
4632	464	52	23	115.00
4633	464	53	39	156.00
4634	464	54	6	6.00
4635	464	55	3	24.00
4636	464	56	34	136.00
4637	464	57	3	18.00
4638	464	58	50	250.00
4639	464	59	28	28.00
4640	464	60	17	119.00
4641	465	51	47	235.00
4642	465	52	10	50.00
4643	465	53	27	108.00
4644	465	54	2	2.00
4645	465	55	20	160.00
4646	465	56	42	168.00
4647	465	57	4	24.00
4648	465	58	34	170.00
4649	465	59	48	48.00
4650	465	60	11	77.00
4651	466	51	43	215.00
4652	466	52	25	125.00
4653	466	53	18	72.00
4654	466	54	7	7.00
4655	466	55	29	232.00
4656	466	56	6	24.00
4657	466	57	21	126.00
4658	466	58	22	110.00
4659	466	59	30	30.00
4660	466	60	23	161.00
4661	467	51	19	95.00
4662	467	52	5	25.00
4663	467	53	46	184.00
4664	467	54	2	2.00
4665	467	55	21	168.00
4666	467	56	26	104.00
4667	467	57	33	198.00
4668	467	58	10	50.00
4669	467	59	38	38.00
4670	467	60	41	287.00
4671	468	51	12	60.00
4672	468	52	10	50.00
4673	468	53	45	180.00
4674	468	54	28	28.00
4675	468	55	41	328.00
4676	468	56	6	24.00
4677	468	57	37	222.00
4678	468	58	39	195.00
4679	468	59	1	1.00
4680	468	60	17	119.00
4681	469	51	17	85.00
4682	469	52	4	20.00
4683	469	53	13	52.00
4684	469	54	16	16.00
4685	469	55	4	32.00
4686	469	56	27	108.00
4687	469	57	31	186.00
4688	469	58	6	30.00
4689	469	59	9	9.00
4690	469	60	23	161.00
4691	470	51	16	80.00
4692	470	52	49	245.00
4693	470	53	48	192.00
4694	470	54	50	50.00
4695	470	55	27	216.00
4696	470	56	33	132.00
4697	470	57	8	48.00
4698	470	58	43	215.00
4699	470	59	3	3.00
4700	470	60	42	294.00
4701	471	51	22	110.00
4702	471	52	30	150.00
4703	471	53	17	68.00
4704	471	54	36	36.00
4705	471	55	21	168.00
4706	471	56	4	16.00
4707	471	57	5	30.00
4708	471	58	32	160.00
4709	471	59	12	12.00
4710	471	60	24	168.00
4711	472	51	6	30.00
4712	472	52	38	190.00
4713	472	53	19	76.00
4714	472	54	25	25.00
4715	472	55	30	240.00
4716	472	56	48	192.00
4717	472	57	15	90.00
4718	472	58	13	65.00
4719	472	59	8	8.00
4720	472	60	12	84.00
4721	473	51	35	175.00
4722	473	52	37	185.00
4723	473	53	18	72.00
4724	473	54	42	42.00
4725	473	55	41	328.00
4726	473	56	14	56.00
4727	473	57	35	210.00
4728	473	58	46	230.00
4729	473	59	39	39.00
4730	473	60	33	231.00
4731	474	51	37	185.00
4732	474	52	37	185.00
4733	474	53	49	196.00
4734	474	54	23	23.00
4735	474	55	37	296.00
4736	474	56	9	36.00
4737	474	57	12	72.00
4738	474	58	20	100.00
4739	474	59	20	20.00
4740	474	60	46	322.00
4741	475	51	31	155.00
4742	475	52	36	180.00
4743	475	53	10	40.00
4744	475	54	16	16.00
4745	475	55	34	272.00
4746	475	56	13	52.00
4747	475	57	44	264.00
4748	475	58	30	150.00
4749	475	59	44	44.00
4750	475	60	14	98.00
4751	476	51	3	15.00
4752	476	52	36	180.00
4753	476	53	45	180.00
4754	476	54	3	3.00
4755	476	55	25	200.00
4756	476	56	17	68.00
4757	476	57	25	150.00
4758	476	58	15	75.00
4759	476	59	11	11.00
4760	476	60	26	182.00
4761	477	51	38	190.00
4762	477	52	49	245.00
4763	477	53	8	32.00
4764	477	54	29	29.00
4765	477	55	49	392.00
4766	477	56	7	28.00
4767	477	57	37	222.00
4768	477	58	17	85.00
4769	477	59	44	44.00
4770	477	60	18	126.00
4771	478	51	27	135.00
4772	478	52	32	160.00
4773	478	53	24	96.00
4774	478	54	49	49.00
4775	478	55	16	128.00
4776	478	56	4	16.00
4777	478	57	33	198.00
4778	478	58	5	25.00
4779	478	59	33	33.00
4780	478	60	6	42.00
4781	479	51	12	60.00
4782	479	52	28	140.00
4783	479	53	10	40.00
4784	479	54	35	35.00
4785	479	55	11	88.00
4786	479	56	1	4.00
4787	479	57	35	210.00
4788	479	58	47	235.00
4789	479	59	32	32.00
4790	479	60	41	287.00
4791	480	51	4	20.00
4792	480	52	49	245.00
4793	480	53	15	60.00
4794	480	54	31	31.00
4795	480	55	10	80.00
4796	480	56	29	116.00
4797	480	57	1	6.00
4798	480	58	27	135.00
4799	480	59	6	6.00
4800	480	60	16	112.00
4801	481	51	41	205.00
4802	481	52	29	145.00
4803	481	53	13	52.00
4804	481	54	26	26.00
4805	481	55	20	160.00
4806	481	56	19	76.00
4807	481	57	21	126.00
4808	481	58	46	230.00
4809	481	59	38	38.00
4810	481	60	14	98.00
4811	482	51	17	85.00
4812	482	52	41	205.00
4813	482	53	27	108.00
4814	482	54	30	30.00
4815	482	55	13	104.00
4816	482	56	44	176.00
4817	482	57	31	186.00
4818	482	58	12	60.00
4819	482	59	36	36.00
4820	482	60	25	175.00
4821	483	51	15	75.00
4822	483	52	16	80.00
4823	483	53	40	160.00
4824	483	54	15	15.00
4825	483	55	39	312.00
4826	483	56	15	60.00
4827	483	57	27	162.00
4828	483	58	48	240.00
4829	483	59	1	1.00
4830	483	60	39	273.00
4831	484	51	17	85.00
4832	484	52	26	130.00
4833	484	53	2	8.00
4834	484	54	15	15.00
4835	484	55	33	264.00
4836	484	56	21	84.00
4837	484	57	48	288.00
4838	484	58	2	10.00
4839	484	59	24	24.00
4840	484	60	38	266.00
4841	485	51	44	220.00
4842	485	52	27	135.00
4843	485	53	10	40.00
4844	485	54	23	23.00
4845	485	55	48	384.00
4846	485	56	26	104.00
4847	485	57	9	54.00
4848	485	58	11	55.00
4849	485	59	48	48.00
4850	485	60	40	280.00
4851	486	51	29	145.00
4852	486	52	28	140.00
4853	486	53	50	200.00
4854	486	54	22	22.00
4855	486	55	30	240.00
4856	486	56	16	64.00
4857	486	57	30	180.00
4858	486	58	5	25.00
4859	486	59	22	22.00
4860	486	60	50	350.00
4861	487	51	24	120.00
4862	487	52	34	170.00
4863	487	53	34	136.00
4864	487	54	45	45.00
4865	487	55	46	368.00
4866	487	56	31	124.00
4867	487	57	10	60.00
4868	487	58	5	25.00
4869	487	59	39	39.00
4870	487	60	45	315.00
4871	488	51	16	80.00
4872	488	52	37	185.00
4873	488	53	12	48.00
4874	488	54	26	26.00
4875	488	55	12	96.00
4876	488	56	34	136.00
4877	488	57	9	54.00
4878	488	58	26	130.00
4879	488	59	34	34.00
4880	488	60	48	336.00
4881	489	51	34	170.00
4882	489	52	43	215.00
4883	489	53	13	52.00
4884	489	54	28	28.00
4885	489	55	26	208.00
4886	489	56	18	72.00
4887	489	57	14	84.00
4888	489	58	34	170.00
4889	489	59	9	9.00
4890	489	60	28	196.00
4891	490	51	32	160.00
4892	490	52	9	45.00
4893	490	53	21	84.00
4894	490	54	8	8.00
4895	490	55	21	168.00
4896	490	56	16	64.00
4897	490	57	38	228.00
4898	490	58	38	190.00
4899	490	59	44	44.00
4900	490	60	4	28.00
4901	491	51	2	10.00
4902	491	52	21	105.00
4903	491	53	24	96.00
4904	491	54	46	46.00
4905	491	55	43	344.00
4906	491	56	35	140.00
4907	491	57	27	162.00
4908	491	58	46	230.00
4909	491	59	23	23.00
4910	491	60	49	343.00
4911	492	51	26	130.00
4912	492	52	23	115.00
4913	492	53	16	64.00
4914	492	54	15	15.00
4915	492	55	26	208.00
4916	492	56	27	108.00
4917	492	57	36	216.00
4918	492	58	29	145.00
4919	492	59	29	29.00
4920	492	60	18	126.00
4921	493	51	8	40.00
4922	493	52	29	145.00
4923	493	53	23	92.00
4924	493	54	50	50.00
4925	493	55	37	296.00
4926	493	56	24	96.00
4927	493	57	22	132.00
4928	493	58	30	150.00
4929	493	59	15	15.00
4930	493	60	16	112.00
4931	494	51	30	150.00
4932	494	52	14	70.00
4933	494	53	39	156.00
4934	494	54	44	44.00
4935	494	55	42	336.00
4936	494	56	41	164.00
4937	494	57	5	30.00
4938	494	58	21	105.00
4939	494	59	49	49.00
4940	494	60	28	196.00
4941	495	51	21	105.00
4942	495	52	50	250.00
4943	495	53	11	44.00
4944	495	54	30	30.00
4945	495	55	37	296.00
4946	495	56	26	104.00
4947	495	57	36	216.00
4948	495	58	14	70.00
4949	495	59	21	21.00
4950	495	60	13	91.00
4951	496	51	17	85.00
4952	496	52	9	45.00
4953	496	53	30	120.00
4954	496	54	45	45.00
4955	496	55	9	72.00
4956	496	56	19	76.00
4957	496	57	18	108.00
4958	496	58	24	120.00
4959	496	59	49	49.00
4960	496	60	18	126.00
4961	497	51	16	80.00
4962	497	52	4	20.00
4963	497	53	19	76.00
4964	497	54	36	36.00
4965	497	55	39	312.00
4966	497	56	48	192.00
4967	497	57	10	60.00
4968	497	58	40	200.00
4969	497	59	42	42.00
4970	497	60	36	252.00
4971	498	51	27	135.00
4972	498	52	22	110.00
4973	498	53	4	16.00
4974	498	54	37	37.00
4975	498	55	32	256.00
4976	498	56	34	136.00
4977	498	57	9	54.00
4978	498	58	46	230.00
4979	498	59	46	46.00
4980	498	60	45	315.00
4981	499	51	44	220.00
4982	499	52	9	45.00
4983	499	53	46	184.00
4984	499	54	46	46.00
4985	499	55	30	240.00
4986	499	56	25	100.00
4987	499	57	31	186.00
4988	499	58	22	110.00
4989	499	59	40	40.00
4990	499	60	34	238.00
4991	500	51	35	175.00
4992	500	52	11	55.00
4993	500	53	14	56.00
4994	500	54	23	23.00
4995	500	55	42	336.00
4996	500	56	30	120.00
4997	500	57	43	258.00
4998	500	58	29	145.00
4999	500	59	50	50.00
5000	500	60	6	42.00
5001	501	51	34	170.00
5002	501	52	50	250.00
5003	501	53	32	128.00
5004	501	54	22	22.00
5005	501	55	12	96.00
5006	501	56	41	164.00
5007	501	57	3	18.00
5008	501	58	34	170.00
5009	501	59	21	21.00
5010	501	60	15	105.00
5011	502	51	15	75.00
5012	502	52	20	100.00
5013	502	53	38	152.00
5014	502	54	40	40.00
5015	502	55	12	96.00
5016	502	56	33	132.00
5017	502	57	12	72.00
5018	502	58	3	15.00
5019	502	59	25	25.00
5020	502	60	50	350.00
5021	503	51	25	125.00
5022	503	52	31	155.00
5023	503	53	19	76.00
5024	503	54	11	11.00
5025	503	55	40	320.00
5026	503	56	40	160.00
5027	503	57	25	150.00
5028	503	58	26	130.00
5029	503	59	2	2.00
5030	503	60	25	175.00
5031	504	51	10	50.00
5032	504	52	9	45.00
5033	504	53	36	144.00
5034	504	54	32	32.00
5035	504	55	48	384.00
5036	504	56	13	52.00
5037	504	57	34	204.00
5038	504	58	42	210.00
5039	504	59	44	44.00
5040	504	60	17	119.00
5041	505	51	10	50.00
5042	505	52	37	185.00
5043	505	53	26	104.00
5044	505	54	29	29.00
5045	505	55	4	32.00
5046	505	56	48	192.00
5047	505	57	16	96.00
5048	505	58	4	20.00
5049	505	59	30	30.00
5050	505	60	35	245.00
5051	506	51	33	165.00
5052	506	52	28	140.00
5053	506	53	19	76.00
5054	506	54	12	12.00
5055	506	55	40	320.00
5056	506	56	18	72.00
5057	506	57	8	48.00
5058	506	58	31	155.00
5059	506	59	5	5.00
5060	506	60	47	329.00
5061	507	51	28	140.00
5062	507	52	10	50.00
5063	507	53	28	112.00
5064	507	54	11	11.00
5065	507	55	19	152.00
5066	507	56	34	136.00
5067	507	57	12	72.00
5068	507	58	10	50.00
5069	507	59	47	47.00
5070	507	60	26	182.00
5071	508	51	40	200.00
5072	508	52	7	35.00
5073	508	53	44	176.00
5074	508	54	4	4.00
5075	508	55	10	80.00
5076	508	56	33	132.00
5077	508	57	35	210.00
5078	508	58	39	195.00
5079	508	59	42	42.00
5080	508	60	43	301.00
5081	509	51	31	155.00
5082	509	52	9	45.00
5083	509	53	47	188.00
5084	509	54	7	7.00
5085	509	55	40	320.00
5086	509	56	40	160.00
5087	509	57	35	210.00
5088	509	58	9	45.00
5089	509	59	8	8.00
5090	509	60	32	224.00
5091	510	51	43	215.00
5092	510	52	34	170.00
5093	510	53	22	88.00
5094	510	54	36	36.00
5095	510	55	31	248.00
5096	510	56	3	12.00
5097	510	57	14	84.00
5098	510	58	28	140.00
5099	510	59	11	11.00
5100	510	60	17	119.00
5101	511	51	29	145.00
5102	511	52	32	160.00
5103	511	53	6	24.00
5104	511	54	32	32.00
5105	511	55	5	40.00
5106	511	56	29	116.00
5107	511	57	1	6.00
5108	511	58	47	235.00
5109	511	59	33	33.00
5110	511	60	19	133.00
5111	512	51	18	90.00
5112	512	52	17	85.00
5113	512	53	6	24.00
5114	512	54	24	24.00
5115	512	55	36	288.00
5116	512	56	28	112.00
5117	512	57	33	198.00
5118	512	58	50	250.00
5119	512	59	37	37.00
5120	512	60	2	14.00
5121	513	51	10	50.00
5122	513	52	7	35.00
5123	513	53	47	188.00
5124	513	54	32	32.00
5125	513	55	25	200.00
5126	513	56	24	96.00
5127	513	57	48	288.00
5128	513	58	50	250.00
5129	513	59	2	2.00
5130	513	60	48	336.00
5131	514	51	1	5.00
5132	514	52	27	135.00
5133	514	53	18	72.00
5134	514	54	15	15.00
5135	514	55	21	168.00
5136	514	56	46	184.00
5137	514	57	27	162.00
5138	514	58	19	95.00
5139	514	59	18	18.00
5140	514	60	43	301.00
5141	515	51	16	80.00
5142	515	52	43	215.00
5143	515	53	6	24.00
5144	515	54	26	26.00
5145	515	55	50	400.00
5146	515	56	30	120.00
5147	515	57	40	240.00
5148	515	58	34	170.00
5149	515	59	49	49.00
5150	515	60	21	147.00
5151	516	51	11	55.00
5152	516	52	46	230.00
5153	516	53	22	88.00
5154	516	54	6	6.00
5155	516	55	10	80.00
5156	516	56	15	60.00
5157	516	57	28	168.00
5158	516	58	2	10.00
5159	516	59	26	26.00
5160	516	60	34	238.00
5161	517	51	10	50.00
5162	517	52	28	140.00
5163	517	53	8	32.00
5164	517	54	29	29.00
5165	517	55	22	176.00
5166	517	56	23	92.00
5167	517	57	25	150.00
5168	517	58	18	90.00
5169	517	59	40	40.00
5170	517	60	30	210.00
5171	518	51	18	90.00
5172	518	52	47	235.00
5173	518	53	1	4.00
5174	518	54	6	6.00
5175	518	55	13	104.00
5176	518	56	10	40.00
5177	518	57	3	18.00
5178	518	58	42	210.00
5179	518	59	22	22.00
5180	518	60	15	105.00
5181	519	51	46	230.00
5182	519	52	11	55.00
5183	519	53	24	96.00
5184	519	54	9	9.00
5185	519	55	34	272.00
5186	519	56	16	64.00
5187	519	57	24	144.00
5188	519	58	46	230.00
5189	519	59	4	4.00
5190	519	60	13	91.00
5191	520	51	16	80.00
5192	520	52	33	165.00
5193	520	53	7	28.00
5194	520	54	25	25.00
5195	520	55	39	312.00
5196	520	56	39	156.00
5197	520	57	20	120.00
5198	520	58	36	180.00
5199	520	59	26	26.00
5200	520	60	15	105.00
5201	521	51	31	155.00
5202	521	52	42	210.00
5203	521	53	43	172.00
5204	521	54	29	29.00
5205	521	55	47	376.00
5206	521	56	23	92.00
5207	521	57	16	96.00
5208	521	58	18	90.00
5209	521	59	35	35.00
5210	521	60	35	245.00
5211	522	51	9	45.00
5212	522	52	37	185.00
5213	522	53	36	144.00
5214	522	54	13	13.00
5215	522	55	37	296.00
5216	522	56	42	168.00
5217	522	57	40	240.00
5218	522	58	19	95.00
5219	522	59	35	35.00
5220	522	60	23	161.00
5221	523	51	36	180.00
5222	523	52	24	120.00
5223	523	53	30	120.00
5224	523	54	45	45.00
5225	523	55	23	184.00
5226	523	56	44	176.00
5227	523	57	50	300.00
5228	523	58	46	230.00
5229	523	59	24	24.00
5230	523	60	12	84.00
5231	524	51	30	150.00
5232	524	52	46	230.00
5233	524	53	47	188.00
5234	524	54	37	37.00
5235	524	55	40	320.00
5236	524	56	14	56.00
5237	524	57	28	168.00
5238	524	58	1	5.00
5239	524	59	16	16.00
5240	524	60	48	336.00
5241	525	51	39	195.00
5242	525	52	24	120.00
5243	525	53	1	4.00
5244	525	54	5	5.00
5245	525	55	30	240.00
5246	525	56	34	136.00
5247	525	57	37	222.00
5248	525	58	21	105.00
5249	525	59	50	50.00
5250	525	60	47	329.00
5251	526	51	28	140.00
5252	526	52	49	245.00
5253	526	53	10	40.00
5254	526	54	24	24.00
5255	526	55	50	400.00
5256	526	56	6	24.00
5257	526	57	20	120.00
5258	526	58	5	25.00
5259	526	59	19	19.00
5260	526	60	30	210.00
5261	527	51	15	75.00
5262	527	52	29	145.00
5263	527	53	20	80.00
5264	527	54	34	34.00
5265	527	55	20	160.00
5266	527	56	43	172.00
5267	527	57	10	60.00
5268	527	58	18	90.00
5269	527	59	50	50.00
5270	527	60	31	217.00
5271	528	51	22	110.00
5272	528	52	39	195.00
5273	528	53	18	72.00
5274	528	54	40	40.00
5275	528	55	48	384.00
5276	528	56	22	88.00
5277	528	57	25	150.00
5278	528	58	38	190.00
5279	528	59	29	29.00
5280	528	60	1	7.00
5281	529	51	18	90.00
5282	529	52	16	80.00
5283	529	53	14	56.00
5284	529	54	49	49.00
5285	529	55	45	360.00
5286	529	56	43	172.00
5287	529	57	48	288.00
5288	529	58	46	230.00
5289	529	59	41	41.00
5290	529	60	1	7.00
5291	530	51	8	40.00
5292	530	52	2	10.00
5293	530	53	8	32.00
5294	530	54	6	6.00
5295	530	55	6	48.00
5296	530	56	41	164.00
5297	530	57	36	216.00
5298	530	58	20	100.00
5299	530	59	49	49.00
5300	530	60	12	84.00
5301	531	51	8	40.00
5302	531	52	36	180.00
5303	531	53	47	188.00
5304	531	54	30	30.00
5305	531	55	6	48.00
5306	531	56	4	16.00
5307	531	57	48	288.00
5308	531	58	35	175.00
5309	531	59	9	9.00
5310	531	60	13	91.00
5311	532	51	31	155.00
5312	532	52	14	70.00
5313	532	53	41	164.00
5314	532	54	41	41.00
5315	532	55	29	232.00
5316	532	56	10	40.00
5317	532	57	31	186.00
5318	532	58	2	10.00
5319	532	59	47	47.00
5320	532	60	12	84.00
5321	533	51	32	160.00
5322	533	52	13	65.00
5323	533	53	36	144.00
5324	533	54	9	9.00
5325	533	55	12	96.00
5326	533	56	17	68.00
5327	533	57	17	102.00
5328	533	58	32	160.00
5329	533	59	47	47.00
5330	533	60	12	84.00
5331	534	51	46	230.00
5332	534	52	30	150.00
5333	534	53	11	44.00
5334	534	54	40	40.00
5335	534	55	12	96.00
5336	534	56	28	112.00
5337	534	57	16	96.00
5338	534	58	42	210.00
5339	534	59	43	43.00
5340	534	60	35	245.00
5341	535	51	28	140.00
5342	535	52	27	135.00
5343	535	53	20	80.00
5344	535	54	13	13.00
5345	535	55	3	24.00
5346	535	56	36	144.00
5347	535	57	16	96.00
5348	535	58	13	65.00
5349	535	59	47	47.00
5350	535	60	31	217.00
5351	536	51	15	75.00
5352	536	52	12	60.00
5353	536	53	38	152.00
5354	536	54	17	17.00
5355	536	55	37	296.00
5356	536	56	5	20.00
5357	536	57	36	216.00
5358	536	58	26	130.00
5359	536	59	35	35.00
5360	536	60	8	56.00
5361	537	51	47	235.00
5362	537	52	21	105.00
5363	537	53	47	188.00
5364	537	54	44	44.00
5365	537	55	35	280.00
5366	537	56	47	188.00
5367	537	57	33	198.00
5368	537	58	33	165.00
5369	537	59	37	37.00
5370	537	60	37	259.00
5371	538	51	8	40.00
5372	538	52	33	165.00
5373	538	53	8	32.00
5374	538	54	11	11.00
5375	538	55	18	144.00
5376	538	56	29	116.00
5377	538	57	47	282.00
5378	538	58	21	105.00
5379	538	59	22	22.00
5380	538	60	32	224.00
5381	539	51	21	105.00
5382	539	52	22	110.00
5383	539	53	26	104.00
5384	539	54	20	20.00
5385	539	55	17	136.00
5386	539	56	4	16.00
5387	539	57	17	102.00
5388	539	58	19	95.00
5389	539	59	30	30.00
5390	539	60	28	196.00
5391	540	51	38	190.00
5392	540	52	42	210.00
5393	540	53	30	120.00
5394	540	54	48	48.00
5395	540	55	4	32.00
5396	540	56	49	196.00
5397	540	57	49	294.00
5398	540	58	6	30.00
5399	540	59	5	5.00
5400	540	60	11	77.00
5401	541	51	9	45.00
5402	541	52	29	145.00
5403	541	53	19	76.00
5404	541	54	27	27.00
5405	541	55	12	96.00
5406	541	56	13	52.00
5407	541	57	10	60.00
5408	541	58	41	205.00
5409	541	59	8	8.00
5410	541	60	47	329.00
5411	542	51	3	15.00
5412	542	52	39	195.00
5413	542	53	18	72.00
5414	542	54	38	38.00
5415	542	55	34	272.00
5416	542	56	4	16.00
5417	542	57	44	264.00
5418	542	58	22	110.00
5419	542	59	30	30.00
5420	542	60	32	224.00
5421	543	51	27	135.00
5422	543	52	3	15.00
5423	543	53	27	108.00
5424	543	54	10	10.00
5425	543	55	11	88.00
5426	543	56	38	152.00
5427	543	57	39	234.00
5428	543	58	19	95.00
5429	543	59	19	19.00
5430	543	60	33	231.00
5431	544	51	7	35.00
5432	544	52	8	40.00
5433	544	53	36	144.00
5434	544	54	35	35.00
5435	544	55	39	312.00
5436	544	56	34	136.00
5437	544	57	21	126.00
5438	544	58	15	75.00
5439	544	59	16	16.00
5440	544	60	30	210.00
5441	545	51	28	140.00
5442	545	52	7	35.00
5443	545	53	48	192.00
5444	545	54	40	40.00
5445	545	55	9	72.00
5446	545	56	39	156.00
5447	545	57	16	96.00
5448	545	58	16	80.00
5449	545	59	30	30.00
5450	545	60	28	196.00
5451	546	51	6	30.00
5452	546	52	37	185.00
5453	546	53	14	56.00
5454	546	54	27	27.00
5455	546	55	16	128.00
5456	546	56	8	32.00
5457	546	57	18	108.00
5458	546	58	28	140.00
5459	546	59	11	11.00
5460	546	60	48	336.00
5461	547	51	12	60.00
5462	547	52	25	125.00
5463	547	53	19	76.00
5464	547	54	8	8.00
5465	547	55	2	16.00
5466	547	56	41	164.00
5467	547	57	8	48.00
5468	547	58	11	55.00
5469	547	59	38	38.00
5470	547	60	2	14.00
5471	548	51	12	60.00
5472	548	52	2	10.00
5473	548	53	12	48.00
5474	548	54	27	27.00
5475	548	55	19	152.00
5476	548	56	13	52.00
5477	548	57	13	78.00
5478	548	58	15	75.00
5479	548	59	9	9.00
5480	548	60	50	350.00
5481	549	51	31	155.00
5482	549	52	20	100.00
5483	549	53	24	96.00
5484	549	54	50	50.00
5485	549	55	13	104.00
5486	549	56	38	152.00
5487	549	57	47	282.00
5488	549	58	43	215.00
5489	549	59	29	29.00
5490	549	60	10	70.00
5491	550	51	49	245.00
5492	550	52	3	15.00
5493	550	53	26	104.00
5494	550	54	4	4.00
5495	550	55	45	360.00
5496	550	56	28	112.00
5497	550	57	18	108.00
5498	550	58	48	240.00
5499	550	59	2	2.00
5500	550	60	40	280.00
5501	551	51	22	110.00
5502	551	52	17	85.00
5503	551	53	47	188.00
5504	551	54	32	32.00
5505	551	55	27	216.00
5506	551	56	28	112.00
5507	551	57	38	228.00
5508	551	58	6	30.00
5509	551	59	10	10.00
5510	551	60	7	49.00
5511	552	51	32	160.00
5512	552	52	25	125.00
5513	552	53	17	68.00
5514	552	54	18	18.00
5515	552	55	2	16.00
5516	552	56	25	100.00
5517	552	57	50	300.00
5518	552	58	13	65.00
5519	552	59	29	29.00
5520	552	60	43	301.00
5521	553	51	35	175.00
5522	553	52	45	225.00
5523	553	53	29	116.00
5524	553	54	3	3.00
5525	553	55	7	56.00
5526	553	56	39	156.00
5527	553	57	42	252.00
5528	553	58	1	5.00
5529	553	59	28	28.00
5530	553	60	9	63.00
5531	554	51	37	185.00
5532	554	52	12	60.00
5533	554	53	9	36.00
5534	554	54	8	8.00
5535	554	55	26	208.00
5536	554	56	22	88.00
5537	554	57	41	246.00
5538	554	58	29	145.00
5539	554	59	25	25.00
5540	554	60	36	252.00
5541	555	51	47	235.00
5542	555	52	46	230.00
5543	555	53	14	56.00
5544	555	54	33	33.00
5545	555	55	10	80.00
5546	555	56	38	152.00
5547	555	57	27	162.00
5548	555	58	36	180.00
5549	555	59	15	15.00
5550	555	60	25	175.00
5551	556	51	11	55.00
5552	556	52	36	180.00
5553	556	53	42	168.00
5554	556	54	14	14.00
5555	556	55	2	16.00
5556	556	56	28	112.00
5557	556	57	23	138.00
5558	556	58	17	85.00
5559	556	59	19	19.00
5560	556	60	37	259.00
5561	557	51	12	60.00
5562	557	52	37	185.00
5563	557	53	38	152.00
5564	557	54	29	29.00
5565	557	55	19	152.00
5566	557	56	38	152.00
5567	557	57	9	54.00
5568	557	58	48	240.00
5569	557	59	45	45.00
5570	557	60	50	350.00
5571	558	51	43	215.00
5572	558	52	47	235.00
5573	558	53	13	52.00
5574	558	54	5	5.00
5575	558	55	24	192.00
5576	558	56	16	64.00
5577	558	57	14	84.00
5578	558	58	33	165.00
5579	558	59	46	46.00
5580	558	60	43	301.00
5581	559	51	31	155.00
5582	559	52	43	215.00
5583	559	53	15	60.00
5584	559	54	2	2.00
5585	559	55	50	400.00
5586	559	56	30	120.00
5587	559	57	11	66.00
5588	559	58	25	125.00
5589	559	59	19	19.00
5590	559	60	46	322.00
5591	560	51	43	215.00
5592	560	52	32	160.00
5593	560	53	1	4.00
5594	560	54	40	40.00
5595	560	55	28	224.00
5596	560	56	1	4.00
5597	560	57	14	84.00
5598	560	58	19	95.00
5599	560	59	31	31.00
5600	560	60	47	329.00
5601	561	51	43	215.00
5602	561	52	29	145.00
5603	561	53	37	148.00
5604	561	54	9	9.00
5605	561	55	4	32.00
5606	561	56	17	68.00
5607	561	57	31	186.00
5608	561	58	41	205.00
5609	561	59	48	48.00
5610	561	60	32	224.00
5611	562	51	33	165.00
5612	562	52	6	30.00
5613	562	53	8	32.00
5614	562	54	37	37.00
5615	562	55	39	312.00
5616	562	56	1	4.00
5617	562	57	38	228.00
5618	562	58	16	80.00
5619	562	59	36	36.00
5620	562	60	44	308.00
5621	563	51	45	225.00
5622	563	52	31	155.00
5623	563	53	36	144.00
5624	563	54	12	12.00
5625	563	55	38	304.00
5626	563	56	4	16.00
5627	563	57	16	96.00
5628	563	58	8	40.00
5629	563	59	40	40.00
5630	563	60	17	119.00
5631	564	51	25	125.00
5632	564	52	13	65.00
5633	564	53	37	148.00
5634	564	54	30	30.00
5635	564	55	3	24.00
5636	564	56	12	48.00
5637	564	57	1	6.00
5638	564	58	12	60.00
5639	564	59	5	5.00
5640	564	60	27	189.00
5641	565	51	8	40.00
5642	565	52	22	110.00
5643	565	53	39	156.00
5644	565	54	35	35.00
5645	565	55	13	104.00
5646	565	56	11	44.00
5647	565	57	46	276.00
5648	565	58	49	245.00
5649	565	59	20	20.00
5650	565	60	50	350.00
5651	566	51	50	250.00
5652	566	52	4	20.00
5653	566	53	27	108.00
5654	566	54	39	39.00
5655	566	55	14	112.00
5656	566	56	38	152.00
5657	566	57	15	90.00
5658	566	58	21	105.00
5659	566	59	11	11.00
5660	566	60	18	126.00
5661	567	51	5	25.00
5662	567	52	19	95.00
5663	567	53	27	108.00
5664	567	54	9	9.00
5665	567	55	11	88.00
5666	567	56	30	120.00
5667	567	57	3	18.00
5668	567	58	24	120.00
5669	567	59	2	2.00
5670	567	60	49	343.00
5671	568	51	33	165.00
5672	568	52	9	45.00
5673	568	53	34	136.00
5674	568	54	48	48.00
5675	568	55	25	200.00
5676	568	56	8	32.00
5677	568	57	44	264.00
5678	568	58	2	10.00
5679	568	59	11	11.00
5680	568	60	44	308.00
5681	569	51	50	250.00
5682	569	52	31	155.00
5683	569	53	2	8.00
5684	569	54	29	29.00
5685	569	55	47	376.00
5686	569	56	46	184.00
5687	569	57	25	150.00
5688	569	58	11	55.00
5689	569	59	38	38.00
5690	569	60	41	287.00
5691	570	51	2	10.00
5692	570	52	31	155.00
5693	570	53	45	180.00
5694	570	54	2	2.00
5695	570	55	16	128.00
5696	570	56	23	92.00
5697	570	57	1	6.00
5698	570	58	2	10.00
5699	570	59	6	6.00
5700	570	60	28	196.00
5701	571	51	23	115.00
5702	571	52	41	205.00
5703	571	53	31	124.00
5704	571	54	20	20.00
5705	571	55	11	88.00
5706	571	56	26	104.00
5707	571	57	40	240.00
5708	571	58	29	145.00
5709	571	59	5	5.00
5710	571	60	37	259.00
5711	572	51	42	210.00
5712	572	52	17	85.00
5713	572	53	41	164.00
5714	572	54	40	40.00
5715	572	55	10	80.00
5716	572	56	32	128.00
5717	572	57	24	144.00
5718	572	58	30	150.00
5719	572	59	4	4.00
5720	572	60	1	7.00
5721	573	51	13	65.00
5722	573	52	27	135.00
5723	573	53	47	188.00
5724	573	54	23	23.00
5725	573	55	43	344.00
5726	573	56	29	116.00
5727	573	57	17	102.00
5728	573	58	34	170.00
5729	573	59	43	43.00
5730	573	60	3	21.00
5731	574	51	25	125.00
5732	574	52	11	55.00
5733	574	53	29	116.00
5734	574	54	4	4.00
5735	574	55	3	24.00
5736	574	56	14	56.00
5737	574	57	6	36.00
5738	574	58	46	230.00
5739	574	59	50	50.00
5740	574	60	15	105.00
5741	575	51	28	140.00
5742	575	52	31	155.00
5743	575	53	23	92.00
5744	575	54	20	20.00
5745	575	55	40	320.00
5746	575	56	45	180.00
5747	575	57	37	222.00
5748	575	58	33	165.00
5749	575	59	7	7.00
5750	575	60	2	14.00
5751	576	51	8	40.00
5752	576	52	27	135.00
5753	576	53	50	200.00
5754	576	54	23	23.00
5755	576	55	47	376.00
5756	576	56	10	40.00
5757	576	57	4	24.00
5758	576	58	47	235.00
5759	576	59	15	15.00
5760	576	60	3	21.00
5761	577	51	36	180.00
5762	577	52	29	145.00
5763	577	53	23	92.00
5764	577	54	25	25.00
5765	577	55	22	176.00
5766	577	56	37	148.00
5767	577	57	43	258.00
5768	577	58	7	35.00
5769	577	59	26	26.00
5770	577	60	7	49.00
5771	578	51	26	130.00
5772	578	52	24	120.00
5773	578	53	14	56.00
5774	578	54	42	42.00
5775	578	55	5	40.00
5776	578	56	35	140.00
5777	578	57	44	264.00
5778	578	58	47	235.00
5779	578	59	39	39.00
5780	578	60	30	210.00
5781	579	51	16	80.00
5782	579	52	1	5.00
5783	579	53	18	72.00
5784	579	54	32	32.00
5785	579	55	9	72.00
5786	579	56	39	156.00
5787	579	57	35	210.00
5788	579	58	32	160.00
5789	579	59	49	49.00
5790	579	60	42	294.00
5791	580	51	14	70.00
5792	580	52	5	25.00
5793	580	53	8	32.00
5794	580	54	34	34.00
5795	580	55	26	208.00
5796	580	56	22	88.00
5797	580	57	16	96.00
5798	580	58	36	180.00
5799	580	59	4	4.00
5800	580	60	18	126.00
5801	581	51	34	170.00
5802	581	52	36	180.00
5803	581	53	31	124.00
5804	581	54	23	23.00
5805	581	55	42	336.00
5806	581	56	36	144.00
5807	581	57	2	12.00
5808	581	58	20	100.00
5809	581	59	42	42.00
5810	581	60	13	91.00
5811	582	51	3	15.00
5812	582	52	27	135.00
5813	582	53	45	180.00
5814	582	54	4	4.00
5815	582	55	23	184.00
5816	582	56	31	124.00
5817	582	57	50	300.00
5818	582	58	15	75.00
5819	582	59	46	46.00
5820	582	60	4	28.00
5821	583	51	18	90.00
5822	583	52	38	190.00
5823	583	53	28	112.00
5824	583	54	33	33.00
5825	583	55	33	264.00
5826	583	56	28	112.00
5827	583	57	8	48.00
5828	583	58	46	230.00
5829	583	59	26	26.00
5830	583	60	10	70.00
5831	584	51	46	230.00
5832	584	52	40	200.00
5833	584	53	29	116.00
5834	584	54	25	25.00
5835	584	55	45	360.00
5836	584	56	46	184.00
5837	584	57	7	42.00
5838	584	58	5	25.00
5839	584	59	8	8.00
5840	584	60	32	224.00
5841	585	51	27	135.00
5842	585	52	8	40.00
5843	585	53	25	100.00
5844	585	54	49	49.00
5845	585	55	9	72.00
5846	585	56	48	192.00
5847	585	57	23	138.00
5848	585	58	14	70.00
5849	585	59	1	1.00
5850	585	60	2	14.00
5851	586	51	19	95.00
5852	586	52	17	85.00
5853	586	53	11	44.00
5854	586	54	25	25.00
5855	586	55	10	80.00
5856	586	56	2	8.00
5857	586	57	40	240.00
5858	586	58	1	5.00
5859	586	59	38	38.00
5860	586	60	40	280.00
5861	587	51	13	65.00
5862	587	52	13	65.00
5863	587	53	35	140.00
5864	587	54	37	37.00
5865	587	55	19	152.00
5866	587	56	12	48.00
5867	587	57	48	288.00
5868	587	58	18	90.00
5869	587	59	48	48.00
5870	587	60	18	126.00
5871	588	51	36	180.00
5872	588	52	42	210.00
5873	588	53	29	116.00
5874	588	54	33	33.00
5875	588	55	10	80.00
5876	588	56	8	32.00
5877	588	57	36	216.00
5878	588	58	46	230.00
5879	588	59	14	14.00
5880	588	60	9	63.00
5881	589	51	31	155.00
5882	589	52	15	75.00
5883	589	53	41	164.00
5884	589	54	19	19.00
5885	589	55	37	296.00
5886	589	56	29	116.00
5887	589	57	43	258.00
5888	589	58	7	35.00
5889	589	59	15	15.00
5890	589	60	5	35.00
5891	590	51	47	235.00
5892	590	52	25	125.00
5893	590	53	49	196.00
5894	590	54	16	16.00
5895	590	55	11	88.00
5896	590	56	48	192.00
5897	590	57	13	78.00
5898	590	58	45	225.00
5899	590	59	50	50.00
5900	590	60	22	154.00
5901	591	51	11	55.00
5902	591	52	43	215.00
5903	591	53	46	184.00
5904	591	54	11	11.00
5905	591	55	19	152.00
5906	591	56	43	172.00
5907	591	57	40	240.00
5908	591	58	1	5.00
5909	591	59	5	5.00
5910	591	60	48	336.00
5911	592	51	29	145.00
5912	592	52	35	175.00
5913	592	53	24	96.00
5914	592	54	14	14.00
5915	592	55	18	144.00
5916	592	56	10	40.00
5917	592	57	36	216.00
5918	592	58	23	115.00
5919	592	59	10	10.00
5920	592	60	49	343.00
5921	593	51	21	105.00
5922	593	52	26	130.00
5923	593	53	34	136.00
5924	593	54	2	2.00
5925	593	55	35	280.00
5926	593	56	37	148.00
5927	593	57	26	156.00
5928	593	58	41	205.00
5929	593	59	9	9.00
5930	593	60	24	168.00
5931	594	51	35	175.00
5932	594	52	29	145.00
5933	594	53	17	68.00
5934	594	54	7	7.00
5935	594	55	27	216.00
5936	594	56	2	8.00
5937	594	57	37	222.00
5938	594	58	5	25.00
5939	594	59	42	42.00
5940	594	60	2	14.00
5941	595	51	21	105.00
5942	595	52	18	90.00
5943	595	53	36	144.00
5944	595	54	35	35.00
5945	595	55	36	288.00
5946	595	56	28	112.00
5947	595	57	46	276.00
5948	595	58	28	140.00
5949	595	59	24	24.00
5950	595	60	3	21.00
5951	596	51	30	150.00
5952	596	52	14	70.00
5953	596	53	42	168.00
5954	596	54	36	36.00
5955	596	55	30	240.00
5956	596	56	40	160.00
5957	596	57	2	12.00
5958	596	58	18	90.00
5959	596	59	15	15.00
5960	596	60	29	203.00
5961	597	51	42	210.00
5962	597	52	19	95.00
5963	597	53	44	176.00
5964	597	54	33	33.00
5965	597	55	6	48.00
5966	597	56	41	164.00
5967	597	57	42	252.00
5968	597	58	49	245.00
5969	597	59	7	7.00
5970	597	60	13	91.00
5971	598	51	44	220.00
5972	598	52	11	55.00
5973	598	53	37	148.00
5974	598	54	46	46.00
5975	598	55	25	200.00
5976	598	56	24	96.00
5977	598	57	10	60.00
5978	598	58	49	245.00
5979	598	59	41	41.00
5980	598	60	22	154.00
5981	599	51	31	155.00
5982	599	52	9	45.00
5983	599	53	7	28.00
5984	599	54	7	7.00
5985	599	55	30	240.00
5986	599	56	47	188.00
5987	599	57	33	198.00
5988	599	58	37	185.00
5989	599	59	44	44.00
5990	599	60	11	77.00
5991	600	51	18	90.00
5992	600	52	29	145.00
5993	600	53	47	188.00
5994	600	54	37	37.00
5995	600	55	46	368.00
5996	600	56	46	184.00
5997	600	57	25	150.00
5998	600	58	40	200.00
5999	600	59	26	26.00
6000	600	60	25	175.00
6001	601	51	44	220.00
6002	601	52	13	65.00
6003	601	53	28	112.00
6004	601	54	38	38.00
6005	601	55	19	152.00
6006	601	56	17	68.00
6007	601	57	47	282.00
6008	601	58	47	235.00
6009	601	59	21	21.00
6010	601	60	11	77.00
6011	602	51	16	80.00
6012	602	52	5	25.00
6013	602	53	25	100.00
6014	602	54	50	50.00
6015	602	55	41	328.00
6016	602	56	49	196.00
6017	602	57	8	48.00
6018	602	58	29	145.00
6019	602	59	20	20.00
6020	602	60	19	133.00
6021	603	51	34	170.00
6022	603	52	7	35.00
6023	603	53	14	56.00
6024	603	54	43	43.00
6025	603	55	29	232.00
6026	603	56	12	48.00
6027	603	57	50	300.00
6028	603	58	2	10.00
6029	603	59	26	26.00
6030	603	60	9	63.00
6031	604	51	22	110.00
6032	604	52	5	25.00
6033	604	53	43	172.00
6034	604	54	20	20.00
6035	604	55	13	104.00
6036	604	56	4	16.00
6037	604	57	38	228.00
6038	604	58	10	50.00
6039	604	59	33	33.00
6040	604	60	30	210.00
6041	605	51	10	50.00
6042	605	52	16	80.00
6043	605	53	38	152.00
6044	605	54	14	14.00
6045	605	55	27	216.00
6046	605	56	47	188.00
6047	605	57	10	60.00
6048	605	58	18	90.00
6049	605	59	31	31.00
6050	605	60	48	336.00
6051	606	51	31	155.00
6052	606	52	20	100.00
6053	606	53	31	124.00
6054	606	54	14	14.00
6055	606	55	1	8.00
6056	606	56	40	160.00
6057	606	57	11	66.00
6058	606	58	20	100.00
6059	606	59	10	10.00
6060	606	60	39	273.00
6061	607	51	50	250.00
6062	607	52	22	110.00
6063	607	53	21	84.00
6064	607	54	24	24.00
6065	607	55	38	304.00
6066	607	56	9	36.00
6067	607	57	5	30.00
6068	607	58	45	225.00
6069	607	59	6	6.00
6070	607	60	30	210.00
6071	608	51	49	245.00
6072	608	52	16	80.00
6073	608	53	1	4.00
6074	608	54	5	5.00
6075	608	55	10	80.00
6076	608	56	17	68.00
6077	608	57	7	42.00
6078	608	58	18	90.00
6079	608	59	22	22.00
6080	608	60	35	245.00
6081	609	51	41	205.00
6082	609	52	32	160.00
6083	609	53	40	160.00
6084	609	54	3	3.00
6085	609	55	7	56.00
6086	609	56	17	68.00
6087	609	57	34	204.00
6088	609	58	47	235.00
6089	609	59	47	47.00
6090	609	60	16	112.00
6091	610	51	15	75.00
6092	610	52	11	55.00
6093	610	53	11	44.00
6094	610	54	2	2.00
6095	610	55	9	72.00
6096	610	56	32	128.00
6097	610	57	3	18.00
6098	610	58	44	220.00
6099	610	59	34	34.00
6100	610	60	5	35.00
6101	611	51	13	65.00
6102	611	52	42	210.00
6103	611	53	34	136.00
6104	611	54	5	5.00
6105	611	55	42	336.00
6106	611	56	24	96.00
6107	611	57	31	186.00
6108	611	58	31	155.00
6109	611	59	35	35.00
6110	611	60	9	63.00
6111	612	51	17	85.00
6112	612	52	42	210.00
6113	612	53	50	200.00
6114	612	54	18	18.00
6115	612	55	22	176.00
6116	612	56	37	148.00
6117	612	57	7	42.00
6118	612	58	14	70.00
6119	612	59	30	30.00
6120	612	60	5	35.00
6121	613	51	25	125.00
6122	613	52	7	35.00
6123	613	53	5	20.00
6124	613	54	10	10.00
6125	613	55	13	104.00
6126	613	56	45	180.00
6127	613	57	42	252.00
6128	613	58	40	200.00
6129	613	59	46	46.00
6130	613	60	25	175.00
6131	614	51	8	40.00
6132	614	52	47	235.00
6133	614	53	13	52.00
6134	614	54	7	7.00
6135	614	55	30	240.00
6136	614	56	37	148.00
6137	614	57	40	240.00
6138	614	58	5	25.00
6139	614	59	5	5.00
6140	614	60	15	105.00
6141	615	51	9	45.00
6142	615	52	27	135.00
6143	615	53	9	36.00
6144	615	54	3	3.00
6145	615	55	18	144.00
6146	615	56	26	104.00
6147	615	57	27	162.00
6148	615	58	36	180.00
6149	615	59	47	47.00
6150	615	60	5	35.00
6151	616	51	18	90.00
6152	616	52	12	60.00
6153	616	53	32	128.00
6154	616	54	10	10.00
6155	616	55	6	48.00
6156	616	56	11	44.00
6157	616	57	39	234.00
6158	616	58	41	205.00
6159	616	59	45	45.00
6160	616	60	16	112.00
6161	617	51	45	225.00
6162	617	52	37	185.00
6163	617	53	6	24.00
6164	617	54	43	43.00
6165	617	55	50	400.00
6166	617	56	30	120.00
6167	617	57	17	102.00
6168	617	58	47	235.00
6169	617	59	50	50.00
6170	617	60	18	126.00
6171	618	51	47	235.00
6172	618	52	33	165.00
6173	618	53	45	180.00
6174	618	54	21	21.00
6175	618	55	2	16.00
6176	618	56	8	32.00
6177	618	57	31	186.00
6178	618	58	8	40.00
6179	618	59	46	46.00
6180	618	60	11	77.00
6181	619	51	40	200.00
6182	619	52	24	120.00
6183	619	53	5	20.00
6184	619	54	34	34.00
6185	619	55	11	88.00
6186	619	56	26	104.00
6187	619	57	2	12.00
6188	619	58	22	110.00
6189	619	59	6	6.00
6190	619	60	40	280.00
6191	620	51	41	205.00
6192	620	52	15	75.00
6193	620	53	12	48.00
6194	620	54	10	10.00
6195	620	55	47	376.00
6196	620	56	28	112.00
6197	620	57	26	156.00
6198	620	58	47	235.00
6199	620	59	46	46.00
6200	620	60	5	35.00
6201	621	51	34	170.00
6202	621	52	25	125.00
6203	621	53	25	100.00
6204	621	54	17	17.00
6205	621	55	46	368.00
6206	621	56	9	36.00
6207	621	57	35	210.00
6208	621	58	39	195.00
6209	621	59	16	16.00
6210	621	60	50	350.00
6211	622	51	6	30.00
6212	622	52	32	160.00
6213	622	53	36	144.00
6214	622	54	1	1.00
6215	622	55	12	96.00
6216	622	56	17	68.00
6217	622	57	18	108.00
6218	622	58	22	110.00
6219	622	59	48	48.00
6220	622	60	22	154.00
6221	623	51	26	130.00
6222	623	52	5	25.00
6223	623	53	34	136.00
6224	623	54	24	24.00
6225	623	55	29	232.00
6226	623	56	11	44.00
6227	623	57	50	300.00
6228	623	58	21	105.00
6229	623	59	30	30.00
6230	623	60	11	77.00
6231	624	51	33	165.00
6232	624	52	30	150.00
6233	624	53	36	144.00
6234	624	54	36	36.00
6235	624	55	9	72.00
6236	624	56	28	112.00
6237	624	57	26	156.00
6238	624	58	5	25.00
6239	624	59	33	33.00
6240	624	60	18	126.00
6241	625	51	12	60.00
6242	625	52	12	60.00
6243	625	53	35	140.00
6244	625	54	5	5.00
6245	625	55	1	8.00
6246	625	56	38	152.00
6247	625	57	17	102.00
6248	625	58	29	145.00
6249	625	59	5	5.00
6250	625	60	36	252.00
6251	626	51	23	115.00
6252	626	52	39	195.00
6253	626	53	44	176.00
6254	626	54	27	27.00
6255	626	55	20	160.00
6256	626	56	42	168.00
6257	626	57	23	138.00
6258	626	58	20	100.00
6259	626	59	49	49.00
6260	626	60	32	224.00
6261	627	51	21	105.00
6262	627	52	47	235.00
6263	627	53	12	48.00
6264	627	54	16	16.00
6265	627	55	6	48.00
6266	627	56	26	104.00
6267	627	57	10	60.00
6268	627	58	34	170.00
6269	627	59	21	21.00
6270	627	60	23	161.00
6271	628	51	38	190.00
6272	628	52	27	135.00
6273	628	53	43	172.00
6274	628	54	29	29.00
6275	628	55	24	192.00
6276	628	56	16	64.00
6277	628	57	7	42.00
6278	628	58	41	205.00
6279	628	59	3	3.00
6280	628	60	35	245.00
6281	629	51	50	250.00
6282	629	52	31	155.00
6283	629	53	27	108.00
6284	629	54	39	39.00
6285	629	55	6	48.00
6286	629	56	29	116.00
6287	629	57	50	300.00
6288	629	58	23	115.00
6289	629	59	22	22.00
6290	629	60	38	266.00
6291	630	51	38	190.00
6292	630	52	5	25.00
6293	630	53	11	44.00
6294	630	54	3	3.00
6295	630	55	30	240.00
6296	630	56	13	52.00
6297	630	57	17	102.00
6298	630	58	6	30.00
6299	630	59	15	15.00
6300	630	60	6	42.00
6301	631	51	12	60.00
6302	631	52	25	125.00
6303	631	53	31	124.00
6304	631	54	28	28.00
6305	631	55	20	160.00
6306	631	56	13	52.00
6307	631	57	8	48.00
6308	631	58	23	115.00
6309	631	59	13	13.00
6310	631	60	15	105.00
6311	632	51	17	85.00
6312	632	52	16	80.00
6313	632	53	32	128.00
6314	632	54	40	40.00
6315	632	55	37	296.00
6316	632	56	33	132.00
6317	632	57	15	90.00
6318	632	58	18	90.00
6319	632	59	37	37.00
6320	632	60	41	287.00
6321	633	51	25	125.00
6322	633	52	18	90.00
6323	633	53	8	32.00
6324	633	54	11	11.00
6325	633	55	45	360.00
6326	633	56	8	32.00
6327	633	57	20	120.00
6328	633	58	14	70.00
6329	633	59	39	39.00
6330	633	60	28	196.00
6331	634	51	17	85.00
6332	634	52	48	240.00
6333	634	53	18	72.00
6334	634	54	49	49.00
6335	634	55	28	224.00
6336	634	56	36	144.00
6337	634	57	21	126.00
6338	634	58	33	165.00
6339	634	59	7	7.00
6340	634	60	26	182.00
6341	635	51	33	165.00
6342	635	52	37	185.00
6343	635	53	34	136.00
6344	635	54	31	31.00
6345	635	55	31	248.00
6346	635	56	46	184.00
6347	635	57	9	54.00
6348	635	58	4	20.00
6349	635	59	25	25.00
6350	635	60	12	84.00
6351	636	51	21	105.00
6352	636	52	30	150.00
6353	636	53	29	116.00
6354	636	54	6	6.00
6355	636	55	11	88.00
6356	636	56	29	116.00
6357	636	57	9	54.00
6358	636	58	27	135.00
6359	636	59	25	25.00
6360	636	60	27	189.00
6361	637	51	42	210.00
6362	637	52	33	165.00
6363	637	53	35	140.00
6364	637	54	41	41.00
6365	637	55	39	312.00
6366	637	56	46	184.00
6367	637	57	42	252.00
6368	637	58	3	15.00
6369	637	59	39	39.00
6370	637	60	15	105.00
6371	638	51	15	75.00
6372	638	52	34	170.00
6373	638	53	28	112.00
6374	638	54	6	6.00
6375	638	55	44	352.00
6376	638	56	45	180.00
6377	638	57	30	180.00
6378	638	58	17	85.00
6379	638	59	29	29.00
6380	638	60	22	154.00
6381	639	51	1	5.00
6382	639	52	34	170.00
6383	639	53	24	96.00
6384	639	54	29	29.00
6385	639	55	34	272.00
6386	639	56	43	172.00
6387	639	57	50	300.00
6388	639	58	16	80.00
6389	639	59	50	50.00
6390	639	60	25	175.00
6391	640	51	3	15.00
6392	640	52	15	75.00
6393	640	53	29	116.00
6394	640	54	16	16.00
6395	640	55	50	400.00
6396	640	56	14	56.00
6397	640	57	41	246.00
6398	640	58	5	25.00
6399	640	59	36	36.00
6400	640	60	49	343.00
6401	641	51	44	220.00
6402	641	52	19	95.00
6403	641	53	39	156.00
6404	641	54	39	39.00
6405	641	55	23	184.00
6406	641	56	12	48.00
6407	641	57	27	162.00
6408	641	58	14	70.00
6409	641	59	29	29.00
6410	641	60	9	63.00
6411	642	51	41	205.00
6412	642	52	47	235.00
6413	642	53	14	56.00
6414	642	54	5	5.00
6415	642	55	38	304.00
6416	642	56	24	96.00
6417	642	57	17	102.00
6418	642	58	1	5.00
6419	642	59	10	10.00
6420	642	60	30	210.00
6421	643	51	25	125.00
6422	643	52	41	205.00
6423	643	53	46	184.00
6424	643	54	49	49.00
6425	643	55	8	64.00
6426	643	56	41	164.00
6427	643	57	40	240.00
6428	643	58	32	160.00
6429	643	59	38	38.00
6430	643	60	28	196.00
6431	644	51	18	90.00
6432	644	52	18	90.00
6433	644	53	42	168.00
6434	644	54	36	36.00
6435	644	55	10	80.00
6436	644	56	7	28.00
6437	644	57	38	228.00
6438	644	58	10	50.00
6439	644	59	34	34.00
6440	644	60	45	315.00
6441	645	51	44	220.00
6442	645	52	16	80.00
6443	645	53	43	172.00
6444	645	54	44	44.00
6445	645	55	41	328.00
6446	645	56	45	180.00
6447	645	57	41	246.00
6448	645	58	25	125.00
6449	645	59	16	16.00
6450	645	60	8	56.00
6451	646	51	21	105.00
6452	646	52	30	150.00
6453	646	53	48	192.00
6454	646	54	49	49.00
6455	646	55	8	64.00
6456	646	56	26	104.00
6457	646	57	47	282.00
6458	646	58	19	95.00
6459	646	59	10	10.00
6460	646	60	11	77.00
6461	647	51	32	160.00
6462	647	52	49	245.00
6463	647	53	16	64.00
6464	647	54	34	34.00
6465	647	55	10	80.00
6466	647	56	10	40.00
6467	647	57	33	198.00
6468	647	58	17	85.00
6469	647	59	38	38.00
6470	647	60	38	266.00
6471	648	51	45	225.00
6472	648	52	14	70.00
6473	648	53	7	28.00
6474	648	54	5	5.00
6475	648	55	19	152.00
6476	648	56	13	52.00
6477	648	57	17	102.00
6478	648	58	23	115.00
6479	648	59	12	12.00
6480	648	60	44	308.00
6481	649	51	21	105.00
6482	649	52	4	20.00
6483	649	53	27	108.00
6484	649	54	28	28.00
6485	649	55	25	200.00
6486	649	56	44	176.00
6487	649	57	28	168.00
6488	649	58	48	240.00
6489	649	59	19	19.00
6490	649	60	50	350.00
6491	650	51	14	70.00
6492	650	52	42	210.00
6493	650	53	12	48.00
6494	650	54	4	4.00
6495	650	55	49	392.00
6496	650	56	11	44.00
6497	650	57	49	294.00
6498	650	58	14	70.00
6499	650	59	46	46.00
6500	650	60	6	42.00
6501	651	51	5	25.00
6502	651	52	40	200.00
6503	651	53	46	184.00
6504	651	54	3	3.00
6505	651	55	32	256.00
6506	651	56	32	128.00
6507	651	57	31	186.00
6508	651	58	41	205.00
6509	651	59	7	7.00
6510	651	60	15	105.00
6511	652	51	24	120.00
6512	652	52	40	200.00
6513	652	53	20	80.00
6514	652	54	16	16.00
6515	652	55	8	64.00
6516	652	56	49	196.00
6517	652	57	15	90.00
6518	652	58	24	120.00
6519	652	59	32	32.00
6520	652	60	17	119.00
6521	653	51	28	140.00
6522	653	52	34	170.00
6523	653	53	36	144.00
6524	653	54	36	36.00
6525	653	55	11	88.00
6526	653	56	27	108.00
6527	653	57	7	42.00
6528	653	58	20	100.00
6529	653	59	9	9.00
6530	653	60	33	231.00
6531	654	51	15	75.00
6532	654	52	35	175.00
6533	654	53	5	20.00
6534	654	54	36	36.00
6535	654	55	15	120.00
6536	654	56	38	152.00
6537	654	57	4	24.00
6538	654	58	31	155.00
6539	654	59	14	14.00
6540	654	60	28	196.00
6541	655	51	50	250.00
6542	655	52	43	215.00
6543	655	53	10	40.00
6544	655	54	4	4.00
6545	655	55	28	224.00
6546	655	56	19	76.00
6547	655	57	5	30.00
6548	655	58	7	35.00
6549	655	59	36	36.00
6550	655	60	15	105.00
6551	656	51	33	165.00
6552	656	52	39	195.00
6553	656	53	42	168.00
6554	656	54	11	11.00
6555	656	55	33	264.00
6556	656	56	31	124.00
6557	656	57	24	144.00
6558	656	58	49	245.00
6559	656	59	30	30.00
6560	656	60	33	231.00
6561	657	51	42	210.00
6562	657	52	49	245.00
6563	657	53	18	72.00
6564	657	54	38	38.00
6565	657	55	50	400.00
6566	657	56	21	84.00
6567	657	57	30	180.00
6568	657	58	8	40.00
6569	657	59	13	13.00
6570	657	60	9	63.00
6571	658	51	8	40.00
6572	658	52	8	40.00
6573	658	53	1	4.00
6574	658	54	17	17.00
6575	658	55	49	392.00
6576	658	56	40	160.00
6577	658	57	45	270.00
6578	658	58	22	110.00
6579	658	59	24	24.00
6580	658	60	34	238.00
6581	659	51	16	80.00
6582	659	52	42	210.00
6583	659	53	19	76.00
6584	659	54	27	27.00
6585	659	55	42	336.00
6586	659	56	4	16.00
6587	659	57	8	48.00
6588	659	58	40	200.00
6589	659	59	15	15.00
6590	659	60	32	224.00
6591	660	51	26	130.00
6592	660	52	34	170.00
6593	660	53	16	64.00
6594	660	54	10	10.00
6595	660	55	5	40.00
6596	660	56	41	164.00
6597	660	57	21	126.00
6598	660	58	41	205.00
6599	660	59	2	2.00
6600	660	60	32	224.00
6601	661	51	6	30.00
6602	661	52	6	30.00
6603	661	53	16	64.00
6604	661	54	37	37.00
6605	661	55	7	56.00
6606	661	56	28	112.00
6607	661	57	35	210.00
6608	661	58	23	115.00
6609	661	59	7	7.00
6610	661	60	33	231.00
6611	662	51	10	50.00
6612	662	52	42	210.00
6613	662	53	45	180.00
6614	662	54	48	48.00
6615	662	55	46	368.00
6616	662	56	29	116.00
6617	662	57	27	162.00
6618	662	58	47	235.00
6619	662	59	26	26.00
6620	662	60	23	161.00
6621	663	51	1	5.00
6622	663	52	36	180.00
6623	663	53	7	28.00
6624	663	54	8	8.00
6625	663	55	14	112.00
6626	663	56	14	56.00
6627	663	57	45	270.00
6628	663	58	14	70.00
6629	663	59	2	2.00
6630	663	60	20	140.00
6631	664	51	29	145.00
6632	664	52	34	170.00
6633	664	53	8	32.00
6634	664	54	16	16.00
6635	664	55	42	336.00
6636	664	56	21	84.00
6637	664	57	48	288.00
6638	664	58	24	120.00
6639	664	59	47	47.00
6640	664	60	9	63.00
6641	665	51	9	45.00
6642	665	52	28	140.00
6643	665	53	29	116.00
6644	665	54	40	40.00
6645	665	55	50	400.00
6646	665	56	49	196.00
6647	665	57	4	24.00
6648	665	58	21	105.00
6649	665	59	45	45.00
6650	665	60	36	252.00
6651	666	51	32	160.00
6652	666	52	33	165.00
6653	666	53	33	132.00
6654	666	54	3	3.00
6655	666	55	11	88.00
6656	666	56	20	80.00
6657	666	57	25	150.00
6658	666	58	45	225.00
6659	666	59	24	24.00
6660	666	60	38	266.00
6661	667	51	49	245.00
6662	667	52	23	115.00
6663	667	53	36	144.00
6664	667	54	44	44.00
6665	667	55	13	104.00
6666	667	56	2	8.00
6667	667	57	28	168.00
6668	667	58	31	155.00
6669	667	59	12	12.00
6670	667	60	37	259.00
6671	668	51	43	215.00
6672	668	52	45	225.00
6673	668	53	7	28.00
6674	668	54	44	44.00
6675	668	55	42	336.00
6676	668	56	47	188.00
6677	668	57	29	174.00
6678	668	58	36	180.00
6679	668	59	28	28.00
6680	668	60	9	63.00
6681	669	51	5	25.00
6682	669	52	3	15.00
6683	669	53	1	4.00
6684	669	54	3	3.00
6685	669	55	6	48.00
6686	669	56	37	148.00
6687	669	57	10	60.00
6688	669	58	32	160.00
6689	669	59	34	34.00
6690	669	60	17	119.00
6691	670	51	24	120.00
6692	670	52	44	220.00
6693	670	53	18	72.00
6694	670	54	15	15.00
6695	670	55	1	8.00
6696	670	56	12	48.00
6697	670	57	12	72.00
6698	670	58	34	170.00
6699	670	59	11	11.00
6700	670	60	25	175.00
6701	671	51	3	15.00
6702	671	52	3	15.00
6703	671	53	10	40.00
6704	671	54	24	24.00
6705	671	55	18	144.00
6706	671	56	32	128.00
6707	671	57	1	6.00
6708	671	58	47	235.00
6709	671	59	40	40.00
6710	671	60	40	280.00
6711	672	51	33	165.00
6712	672	52	19	95.00
6713	672	53	17	68.00
6714	672	54	39	39.00
6715	672	55	6	48.00
6716	672	56	20	80.00
6717	672	57	3	18.00
6718	672	58	40	200.00
6719	672	59	40	40.00
6720	672	60	1	7.00
6721	673	51	12	60.00
6722	673	52	2	10.00
6723	673	53	45	180.00
6724	673	54	25	25.00
6725	673	55	11	88.00
6726	673	56	25	100.00
6727	673	57	14	84.00
6728	673	58	46	230.00
6729	673	59	41	41.00
6730	673	60	23	161.00
6731	674	51	46	230.00
6732	674	52	44	220.00
6733	674	53	49	196.00
6734	674	54	45	45.00
6735	674	55	35	280.00
6736	674	56	5	20.00
6737	674	57	47	282.00
6738	674	58	43	215.00
6739	674	59	19	19.00
6740	674	60	29	203.00
6741	675	51	8	40.00
6742	675	52	47	235.00
6743	675	53	19	76.00
6744	675	54	33	33.00
6745	675	55	18	144.00
6746	675	56	6	24.00
6747	675	57	16	96.00
6748	675	58	13	65.00
6749	675	59	50	50.00
6750	675	60	5	35.00
6751	676	51	41	205.00
6752	676	52	39	195.00
6753	676	53	32	128.00
6754	676	54	38	38.00
6755	676	55	9	72.00
6756	676	56	37	148.00
6757	676	57	1	6.00
6758	676	58	25	125.00
6759	676	59	32	32.00
6760	676	60	46	322.00
6761	677	51	10	50.00
6762	677	52	12	60.00
6763	677	53	28	112.00
6764	677	54	13	13.00
6765	677	55	41	328.00
6766	677	56	48	192.00
6767	677	57	28	168.00
6768	677	58	18	90.00
6769	677	59	21	21.00
6770	677	60	50	350.00
6771	678	51	41	205.00
6772	678	52	25	125.00
6773	678	53	42	168.00
6774	678	54	13	13.00
6775	678	55	1	8.00
6776	678	56	20	80.00
6777	678	57	38	228.00
6778	678	58	18	90.00
6779	678	59	46	46.00
6780	678	60	39	273.00
6781	679	51	36	180.00
6782	679	52	24	120.00
6783	679	53	50	200.00
6784	679	54	22	22.00
6785	679	55	45	360.00
6786	679	56	11	44.00
6787	679	57	23	138.00
6788	679	58	35	175.00
6789	679	59	8	8.00
6790	679	60	17	119.00
6791	680	51	39	195.00
6792	680	52	18	90.00
6793	680	53	22	88.00
6794	680	54	29	29.00
6795	680	55	42	336.00
6796	680	56	10	40.00
6797	680	57	32	192.00
6798	680	58	6	30.00
6799	680	59	47	47.00
6800	680	60	19	133.00
6801	681	51	32	160.00
6802	681	52	44	220.00
6803	681	53	14	56.00
6804	681	54	32	32.00
6805	681	55	20	160.00
6806	681	56	10	40.00
6807	681	57	43	258.00
6808	681	58	32	160.00
6809	681	59	44	44.00
6810	681	60	5	35.00
6811	682	51	2	10.00
6812	682	52	47	235.00
6813	682	53	2	8.00
6814	682	54	1	1.00
6815	682	55	12	96.00
6816	682	56	47	188.00
6817	682	57	37	222.00
6818	682	58	27	135.00
6819	682	59	13	13.00
6820	682	60	46	322.00
6821	683	51	8	40.00
6822	683	52	16	80.00
6823	683	53	12	48.00
6824	683	54	27	27.00
6825	683	55	36	288.00
6826	683	56	2	8.00
6827	683	57	7	42.00
6828	683	58	16	80.00
6829	683	59	30	30.00
6830	683	60	10	70.00
6831	684	51	5	25.00
6832	684	52	14	70.00
6833	684	53	29	116.00
6834	684	54	40	40.00
6835	684	55	11	88.00
6836	684	56	11	44.00
6837	684	57	50	300.00
6838	684	58	29	145.00
6839	684	59	9	9.00
6840	684	60	39	273.00
6841	685	51	14	70.00
6842	685	52	50	250.00
6843	685	53	14	56.00
6844	685	54	4	4.00
6845	685	55	1	8.00
6846	685	56	32	128.00
6847	685	57	3	18.00
6848	685	58	47	235.00
6849	685	59	16	16.00
6850	685	60	45	315.00
6851	686	51	41	205.00
6852	686	52	18	90.00
6853	686	53	9	36.00
6854	686	54	46	46.00
6855	686	55	42	336.00
6856	686	56	22	88.00
6857	686	57	45	270.00
6858	686	58	14	70.00
6859	686	59	10	10.00
6860	686	60	46	322.00
6861	687	51	43	215.00
6862	687	52	5	25.00
6863	687	53	26	104.00
6864	687	54	48	48.00
6865	687	55	8	64.00
6866	687	56	36	144.00
6867	687	57	45	270.00
6868	687	58	26	130.00
6869	687	59	7	7.00
6870	687	60	18	126.00
6871	688	51	7	35.00
6872	688	52	20	100.00
6873	688	53	30	120.00
6874	688	54	13	13.00
6875	688	55	5	40.00
6876	688	56	43	172.00
6877	688	57	40	240.00
6878	688	58	2	10.00
6879	688	59	49	49.00
6880	688	60	42	294.00
6881	689	51	37	185.00
6882	689	52	38	190.00
6883	689	53	44	176.00
6884	689	54	25	25.00
6885	689	55	17	136.00
6886	689	56	42	168.00
6887	689	57	14	84.00
6888	689	58	30	150.00
6889	689	59	12	12.00
6890	689	60	22	154.00
6891	690	51	47	235.00
6892	690	52	18	90.00
6893	690	53	48	192.00
6894	690	54	31	31.00
6895	690	55	30	240.00
6896	690	56	41	164.00
6897	690	57	26	156.00
6898	690	58	29	145.00
6899	690	59	24	24.00
6900	690	60	50	350.00
6901	691	51	26	130.00
6902	691	52	11	55.00
6903	691	53	29	116.00
6904	691	54	47	47.00
6905	691	55	31	248.00
6906	691	56	25	100.00
6907	691	57	40	240.00
6908	691	58	44	220.00
6909	691	59	47	47.00
6910	691	60	16	112.00
6911	692	51	29	145.00
6912	692	52	30	150.00
6913	692	53	40	160.00
6914	692	54	31	31.00
6915	692	55	43	344.00
6916	692	56	5	20.00
6917	692	57	11	66.00
6918	692	58	18	90.00
6919	692	59	43	43.00
6920	692	60	48	336.00
6921	693	51	41	205.00
6922	693	52	3	15.00
6923	693	53	36	144.00
6924	693	54	43	43.00
6925	693	55	50	400.00
6926	693	56	32	128.00
6927	693	57	39	234.00
6928	693	58	48	240.00
6929	693	59	9	9.00
6930	693	60	7	49.00
6931	694	51	15	75.00
6932	694	52	11	55.00
6933	694	53	12	48.00
6934	694	54	3	3.00
6935	694	55	21	168.00
6936	694	56	13	52.00
6937	694	57	20	120.00
6938	694	58	46	230.00
6939	694	59	23	23.00
6940	694	60	12	84.00
6941	695	51	46	230.00
6942	695	52	45	225.00
6943	695	53	21	84.00
6944	695	54	27	27.00
6945	695	55	12	96.00
6946	695	56	13	52.00
6947	695	57	27	162.00
6948	695	58	4	20.00
6949	695	59	19	19.00
6950	695	60	13	91.00
6951	696	51	36	180.00
6952	696	52	31	155.00
6953	696	53	21	84.00
6954	696	54	36	36.00
6955	696	55	3	24.00
6956	696	56	46	184.00
6957	696	57	14	84.00
6958	696	58	35	175.00
6959	696	59	36	36.00
6960	696	60	18	126.00
6961	697	51	10	50.00
6962	697	52	7	35.00
6963	697	53	10	40.00
6964	697	54	6	6.00
6965	697	55	38	304.00
6966	697	56	50	200.00
6967	697	57	6	36.00
6968	697	58	4	20.00
6969	697	59	40	40.00
6970	697	60	41	287.00
6971	698	51	30	150.00
6972	698	52	3	15.00
6973	698	53	46	184.00
6974	698	54	49	49.00
6975	698	55	26	208.00
6976	698	56	38	152.00
6977	698	57	39	234.00
6978	698	58	23	115.00
6979	698	59	37	37.00
6980	698	60	40	280.00
6981	699	51	30	150.00
6982	699	52	18	90.00
6983	699	53	4	16.00
6984	699	54	6	6.00
6985	699	55	22	176.00
6986	699	56	8	32.00
6987	699	57	50	300.00
6988	699	58	31	155.00
6989	699	59	18	18.00
6990	699	60	31	217.00
6991	700	51	24	120.00
6992	700	52	9	45.00
6993	700	53	12	48.00
6994	700	54	47	47.00
6995	700	55	3	24.00
6996	700	56	23	92.00
6997	700	57	38	228.00
6998	700	58	6	30.00
6999	700	59	26	26.00
7000	700	60	42	294.00
7001	701	51	14	70.00
7002	701	52	24	120.00
7003	701	53	49	196.00
7004	701	54	37	37.00
7005	701	55	39	312.00
7006	701	56	27	108.00
7007	701	57	6	36.00
7008	701	58	47	235.00
7009	701	59	6	6.00
7010	701	60	26	182.00
7011	702	51	16	80.00
7012	702	52	25	125.00
7013	702	53	7	28.00
7014	702	54	47	47.00
7015	702	55	11	88.00
7016	702	56	24	96.00
7017	702	57	3	18.00
7018	702	58	16	80.00
7019	702	59	41	41.00
7020	702	60	4	28.00
7021	703	51	14	70.00
7022	703	52	10	50.00
7023	703	53	46	184.00
7024	703	54	45	45.00
7025	703	55	16	128.00
7026	703	56	17	68.00
7027	703	57	35	210.00
7028	703	58	38	190.00
7029	703	59	9	9.00
7030	703	60	3	21.00
7031	704	51	34	170.00
7032	704	52	10	50.00
7033	704	53	13	52.00
7034	704	54	22	22.00
7035	704	55	9	72.00
7036	704	56	36	144.00
7037	704	57	39	234.00
7038	704	58	43	215.00
7039	704	59	11	11.00
7040	704	60	1	7.00
7041	705	51	21	105.00
7042	705	52	46	230.00
7043	705	53	40	160.00
7044	705	54	20	20.00
7045	705	55	23	184.00
7046	705	56	8	32.00
7047	705	57	16	96.00
7048	705	58	22	110.00
7049	705	59	50	50.00
7050	705	60	10	70.00
7051	706	51	30	150.00
7052	706	52	24	120.00
7053	706	53	25	100.00
7054	706	54	6	6.00
7055	706	55	10	80.00
7056	706	56	18	72.00
7057	706	57	7	42.00
7058	706	58	45	225.00
7059	706	59	14	14.00
7060	706	60	3	21.00
7061	707	51	49	245.00
7062	707	52	11	55.00
7063	707	53	10	40.00
7064	707	54	43	43.00
7065	707	55	6	48.00
7066	707	56	36	144.00
7067	707	57	14	84.00
7068	707	58	8	40.00
7069	707	59	21	21.00
7070	707	60	1	7.00
7071	708	51	22	110.00
7072	708	52	9	45.00
7073	708	53	44	176.00
7074	708	54	13	13.00
7075	708	55	48	384.00
7076	708	56	48	192.00
7077	708	57	4	24.00
7078	708	58	47	235.00
7079	708	59	13	13.00
7080	708	60	38	266.00
7081	709	51	21	105.00
7082	709	52	5	25.00
7083	709	53	13	52.00
7084	709	54	45	45.00
7085	709	55	7	56.00
7086	709	56	12	48.00
7087	709	57	6	36.00
7088	709	58	10	50.00
7089	709	59	46	46.00
7090	709	60	26	182.00
7091	710	51	27	135.00
7092	710	52	12	60.00
7093	710	53	36	144.00
7094	710	54	37	37.00
7095	710	55	8	64.00
7096	710	56	17	68.00
7097	710	57	17	102.00
7098	710	58	18	90.00
7099	710	59	5	5.00
7100	710	60	46	322.00
7101	711	51	50	250.00
7102	711	52	32	160.00
7103	711	53	25	100.00
7104	711	54	46	46.00
7105	711	55	45	360.00
7106	711	56	44	176.00
7107	711	57	12	72.00
7108	711	58	48	240.00
7109	711	59	12	12.00
7110	711	60	29	203.00
7111	712	51	42	210.00
7112	712	52	39	195.00
7113	712	53	37	148.00
7114	712	54	44	44.00
7115	712	55	5	40.00
7116	712	56	27	108.00
7117	712	57	43	258.00
7118	712	58	37	185.00
7119	712	59	1	1.00
7120	712	60	37	259.00
7121	713	51	33	165.00
7122	713	52	50	250.00
7123	713	53	42	168.00
7124	713	54	32	32.00
7125	713	55	30	240.00
7126	713	56	25	100.00
7127	713	57	27	162.00
7128	713	58	40	200.00
7129	713	59	16	16.00
7130	713	60	6	42.00
7131	714	51	15	75.00
7132	714	52	30	150.00
7133	714	53	37	148.00
7134	714	54	16	16.00
7135	714	55	38	304.00
7136	714	56	3	12.00
7137	714	57	41	246.00
7138	714	58	39	195.00
7139	714	59	1	1.00
7140	714	60	15	105.00
7141	715	51	2	10.00
7142	715	52	44	220.00
7143	715	53	42	168.00
7144	715	54	43	43.00
7145	715	55	38	304.00
7146	715	56	42	168.00
7147	715	57	35	210.00
7148	715	58	29	145.00
7149	715	59	30	30.00
7150	715	60	8	56.00
7151	716	51	35	175.00
7152	716	52	47	235.00
7153	716	53	33	132.00
7154	716	54	38	38.00
7155	716	55	28	224.00
7156	716	56	1	4.00
7157	716	57	34	204.00
7158	716	58	2	10.00
7159	716	59	38	38.00
7160	716	60	46	322.00
7161	717	51	34	170.00
7162	717	52	26	130.00
7163	717	53	28	112.00
7164	717	54	35	35.00
7165	717	55	2	16.00
7166	717	56	11	44.00
7167	717	57	4	24.00
7168	717	58	37	185.00
7169	717	59	4	4.00
7170	717	60	30	210.00
7171	718	51	46	230.00
7172	718	52	37	185.00
7173	718	53	12	48.00
7174	718	54	21	21.00
7175	718	55	43	344.00
7176	718	56	22	88.00
7177	718	57	47	282.00
7178	718	58	36	180.00
7179	718	59	21	21.00
7180	718	60	28	196.00
7181	719	51	13	65.00
7182	719	52	40	200.00
7183	719	53	37	148.00
7184	719	54	11	11.00
7185	719	55	12	96.00
7186	719	56	49	196.00
7187	719	57	50	300.00
7188	719	58	28	140.00
7189	719	59	8	8.00
7190	719	60	41	287.00
7191	720	51	22	110.00
7192	720	52	35	175.00
7193	720	53	3	12.00
7194	720	54	48	48.00
7195	720	55	28	224.00
7196	720	56	39	156.00
7197	720	57	24	144.00
7198	720	58	28	140.00
7199	720	59	38	38.00
7200	720	60	46	322.00
7201	721	51	1	5.00
7202	721	52	18	90.00
7203	721	53	2	8.00
7204	721	54	19	19.00
7205	721	55	8	64.00
7206	721	56	37	148.00
7207	721	57	10	60.00
7208	721	58	3	15.00
7209	721	59	23	23.00
7210	721	60	3	21.00
7211	722	51	47	235.00
7212	722	52	12	60.00
7213	722	53	1	4.00
7214	722	54	3	3.00
7215	722	55	12	96.00
7216	722	56	46	184.00
7217	722	57	10	60.00
7218	722	58	49	245.00
7219	722	59	21	21.00
7220	722	60	46	322.00
7221	723	51	18	90.00
7222	723	52	22	110.00
7223	723	53	38	152.00
7224	723	54	19	19.00
7225	723	55	17	136.00
7226	723	56	33	132.00
7227	723	57	11	66.00
7228	723	58	26	130.00
7229	723	59	5	5.00
7230	723	60	4	28.00
7231	724	51	24	120.00
7232	724	52	26	130.00
7233	724	53	34	136.00
7234	724	54	10	10.00
7235	724	55	32	256.00
7236	724	56	30	120.00
7237	724	57	44	264.00
7238	724	58	19	95.00
7239	724	59	23	23.00
7240	724	60	29	203.00
7241	725	51	20	100.00
7242	725	52	48	240.00
7243	725	53	3	12.00
7244	725	54	42	42.00
7245	725	55	5	40.00
7246	725	56	39	156.00
7247	725	57	37	222.00
7248	725	58	30	150.00
7249	725	59	35	35.00
7250	725	60	44	308.00
7251	726	51	9	45.00
7252	726	52	17	85.00
7253	726	53	43	172.00
7254	726	54	14	14.00
7255	726	55	13	104.00
7256	726	56	4	16.00
7257	726	57	32	192.00
7258	726	58	16	80.00
7259	726	59	29	29.00
7260	726	60	32	224.00
7261	727	51	36	180.00
7262	727	52	39	195.00
7263	727	53	10	40.00
7264	727	54	1	1.00
7265	727	55	39	312.00
7266	727	56	23	92.00
7267	727	57	32	192.00
7268	727	58	40	200.00
7269	727	59	45	45.00
7270	727	60	15	105.00
7271	728	51	10	50.00
7272	728	52	12	60.00
7273	728	53	1	4.00
7274	728	54	38	38.00
7275	728	55	27	216.00
7276	728	56	17	68.00
7277	728	57	27	162.00
7278	728	58	40	200.00
7279	728	59	11	11.00
7280	728	60	8	56.00
7281	729	51	33	165.00
7282	729	52	9	45.00
7283	729	53	40	160.00
7284	729	54	45	45.00
7285	729	55	8	64.00
7286	729	56	44	176.00
7287	729	57	50	300.00
7288	729	58	42	210.00
7289	729	59	50	50.00
7290	729	60	18	126.00
7291	730	51	50	250.00
7292	730	52	35	175.00
7293	730	53	7	28.00
7294	730	54	29	29.00
7295	730	55	10	80.00
7296	730	56	45	180.00
7297	730	57	32	192.00
7298	730	58	1	5.00
7299	730	59	16	16.00
7300	730	60	10	70.00
7301	731	51	21	105.00
7302	731	52	20	100.00
7303	731	53	41	164.00
7304	731	54	37	37.00
7305	731	55	36	288.00
7306	731	56	49	196.00
7307	731	57	13	78.00
7308	731	58	10	50.00
7309	731	59	22	22.00
7310	731	60	43	301.00
7311	732	51	41	205.00
7312	732	52	26	130.00
7313	732	53	39	156.00
7314	732	54	45	45.00
7315	732	55	41	328.00
7316	732	56	46	184.00
7317	732	57	40	240.00
7318	732	58	19	95.00
7319	732	59	41	41.00
7320	732	60	1	7.00
7321	733	51	25	125.00
7322	733	52	3	15.00
7323	733	53	46	184.00
7324	733	54	38	38.00
7325	733	55	3	24.00
7326	733	56	36	144.00
7327	733	57	8	48.00
7328	733	58	44	220.00
7329	733	59	19	19.00
7330	733	60	23	161.00
7331	734	51	34	170.00
7332	734	52	12	60.00
7333	734	53	10	40.00
7334	734	54	19	19.00
7335	734	55	41	328.00
7336	734	56	2	8.00
7337	734	57	20	120.00
7338	734	58	34	170.00
7339	734	59	42	42.00
7340	734	60	16	112.00
7341	735	51	43	215.00
7342	735	52	34	170.00
7343	735	53	21	84.00
7344	735	54	21	21.00
7345	735	55	48	384.00
7346	735	56	33	132.00
7347	735	57	21	126.00
7348	735	58	12	60.00
7349	735	59	48	48.00
7350	735	60	1	7.00
7351	736	51	10	50.00
7352	736	52	2	10.00
7353	736	53	20	80.00
7354	736	54	24	24.00
7355	736	55	50	400.00
7356	736	56	38	152.00
7357	736	57	15	90.00
7358	736	58	50	250.00
7359	736	59	46	46.00
7360	736	60	47	329.00
7361	737	51	38	190.00
7362	737	52	30	150.00
7363	737	53	49	196.00
7364	737	54	11	11.00
7365	737	55	34	272.00
7366	737	56	1	4.00
7367	737	57	48	288.00
7368	737	58	22	110.00
7369	737	59	11	11.00
7370	737	60	5	35.00
7371	738	51	25	125.00
7372	738	52	22	110.00
7373	738	53	50	200.00
7374	738	54	12	12.00
7375	738	55	24	192.00
7376	738	56	15	60.00
7377	738	57	23	138.00
7378	738	58	4	20.00
7379	738	59	36	36.00
7380	738	60	9	63.00
7381	739	51	22	110.00
7382	739	52	33	165.00
7383	739	53	4	16.00
7384	739	54	28	28.00
7385	739	55	30	240.00
7386	739	56	36	144.00
7387	739	57	4	24.00
7388	739	58	8	40.00
7389	739	59	41	41.00
7390	739	60	33	231.00
7391	740	51	43	215.00
7392	740	52	8	40.00
7393	740	53	33	132.00
7394	740	54	50	50.00
7395	740	55	35	280.00
7396	740	56	15	60.00
7397	740	57	23	138.00
7398	740	58	1	5.00
7399	740	59	40	40.00
7400	740	60	16	112.00
7401	741	51	30	150.00
7402	741	52	28	140.00
7403	741	53	49	196.00
7404	741	54	38	38.00
7405	741	55	13	104.00
7406	741	56	5	20.00
7407	741	57	33	198.00
7408	741	58	8	40.00
7409	741	59	23	23.00
7410	741	60	21	147.00
7411	742	51	38	190.00
7412	742	52	28	140.00
7413	742	53	42	168.00
7414	742	54	3	3.00
7415	742	55	29	232.00
7416	742	56	21	84.00
7417	742	57	40	240.00
7418	742	58	10	50.00
7419	742	59	14	14.00
7420	742	60	32	224.00
7421	743	51	13	65.00
7422	743	52	46	230.00
7423	743	53	21	84.00
7424	743	54	11	11.00
7425	743	55	30	240.00
7426	743	56	22	88.00
7427	743	57	45	270.00
7428	743	58	33	165.00
7429	743	59	2	2.00
7430	743	60	2	14.00
7431	744	51	35	175.00
7432	744	52	36	180.00
7433	744	53	25	100.00
7434	744	54	18	18.00
7435	744	55	12	96.00
7436	744	56	43	172.00
7437	744	57	43	258.00
7438	744	58	18	90.00
7439	744	59	27	27.00
7440	744	60	35	245.00
7441	745	51	5	25.00
7442	745	52	10	50.00
7443	745	53	19	76.00
7444	745	54	44	44.00
7445	745	55	14	112.00
7446	745	56	20	80.00
7447	745	57	28	168.00
7448	745	58	28	140.00
7449	745	59	38	38.00
7450	745	60	23	161.00
7451	746	51	9	45.00
7452	746	52	37	185.00
7453	746	53	47	188.00
7454	746	54	32	32.00
7455	746	55	45	360.00
7456	746	56	7	28.00
7457	746	57	49	294.00
7458	746	58	4	20.00
7459	746	59	40	40.00
7460	746	60	18	126.00
7461	747	51	12	60.00
7462	747	52	16	80.00
7463	747	53	29	116.00
7464	747	54	44	44.00
7465	747	55	37	296.00
7466	747	56	22	88.00
7467	747	57	42	252.00
7468	747	58	7	35.00
7469	747	59	47	47.00
7470	747	60	11	77.00
7471	748	51	40	200.00
7472	748	52	21	105.00
7473	748	53	42	168.00
7474	748	54	41	41.00
7475	748	55	22	176.00
7476	748	56	39	156.00
7477	748	57	41	246.00
7478	748	58	7	35.00
7479	748	59	43	43.00
7480	748	60	26	182.00
7481	749	51	12	60.00
7482	749	52	44	220.00
7483	749	53	36	144.00
7484	749	54	44	44.00
7485	749	55	38	304.00
7486	749	56	14	56.00
7487	749	57	25	150.00
7488	749	58	31	155.00
7489	749	59	34	34.00
7490	749	60	21	147.00
7491	750	51	6	30.00
7492	750	52	48	240.00
7493	750	53	18	72.00
7494	750	54	48	48.00
7495	750	55	23	184.00
7496	750	56	20	80.00
7497	750	57	30	180.00
7498	750	58	48	240.00
7499	750	59	7	7.00
7500	750	60	34	238.00
7501	751	51	41	205.00
7502	751	52	18	90.00
7503	751	53	13	52.00
7504	751	54	31	31.00
7505	751	55	47	376.00
7506	751	56	47	188.00
7507	751	57	24	144.00
7508	751	58	26	130.00
7509	751	59	48	48.00
7510	751	60	2	14.00
7511	752	51	16	80.00
7512	752	52	25	125.00
7513	752	53	12	48.00
7514	752	54	5	5.00
7515	752	55	6	48.00
7516	752	56	15	60.00
7517	752	57	22	132.00
7518	752	58	36	180.00
7519	752	59	23	23.00
7520	752	60	33	231.00
7521	753	51	29	145.00
7522	753	52	14	70.00
7523	753	53	11	44.00
7524	753	54	27	27.00
7525	753	55	48	384.00
7526	753	56	3	12.00
7527	753	57	25	150.00
7528	753	58	34	170.00
7529	753	59	2	2.00
7530	753	60	48	336.00
7531	754	51	31	155.00
7532	754	52	50	250.00
7533	754	53	20	80.00
7534	754	54	9	9.00
7535	754	55	11	88.00
7536	754	56	20	80.00
7537	754	57	43	258.00
7538	754	58	40	200.00
7539	754	59	34	34.00
7540	754	60	6	42.00
7541	755	51	11	55.00
7542	755	52	1	5.00
7543	755	53	1	4.00
7544	755	54	20	20.00
7545	755	55	36	288.00
7546	755	56	12	48.00
7547	755	57	21	126.00
7548	755	58	14	70.00
7549	755	59	10	10.00
7550	755	60	48	336.00
7551	756	51	23	115.00
7552	756	52	50	250.00
7553	756	53	27	108.00
7554	756	54	12	12.00
7555	756	55	37	296.00
7556	756	56	30	120.00
7557	756	57	15	90.00
7558	756	58	19	95.00
7559	756	59	9	9.00
7560	756	60	43	301.00
7561	757	51	48	240.00
7562	757	52	9	45.00
7563	757	53	37	148.00
7564	757	54	18	18.00
7565	757	55	23	184.00
7566	757	56	16	64.00
7567	757	57	22	132.00
7568	757	58	36	180.00
7569	757	59	1	1.00
7570	757	60	3	21.00
7571	758	51	33	165.00
7572	758	52	27	135.00
7573	758	53	17	68.00
7574	758	54	17	17.00
7575	758	55	14	112.00
7576	758	56	40	160.00
7577	758	57	50	300.00
7578	758	58	24	120.00
7579	758	59	14	14.00
7580	758	60	2	14.00
7581	759	51	23	115.00
7582	759	52	40	200.00
7583	759	53	37	148.00
7584	759	54	23	23.00
7585	759	55	43	344.00
7586	759	56	44	176.00
7587	759	57	13	78.00
7588	759	58	15	75.00
7589	759	59	5	5.00
7590	759	60	40	280.00
7591	760	51	14	70.00
7592	760	52	41	205.00
7593	760	53	31	124.00
7594	760	54	38	38.00
7595	760	55	48	384.00
7596	760	56	11	44.00
7597	760	57	45	270.00
7598	760	58	34	170.00
7599	760	59	15	15.00
7600	760	60	5	35.00
7601	761	51	49	245.00
7602	761	52	3	15.00
7603	761	53	12	48.00
7604	761	54	47	47.00
7605	761	55	33	264.00
7606	761	56	14	56.00
7607	761	57	20	120.00
7608	761	58	12	60.00
7609	761	59	30	30.00
7610	761	60	4	28.00
7611	762	51	34	170.00
7612	762	52	33	165.00
7613	762	53	48	192.00
7614	762	54	12	12.00
7615	762	55	25	200.00
7616	762	56	23	92.00
7617	762	57	26	156.00
7618	762	58	20	100.00
7619	762	59	13	13.00
7620	762	60	26	182.00
7621	763	51	50	250.00
7622	763	52	3	15.00
7623	763	53	15	60.00
7624	763	54	35	35.00
7625	763	55	36	288.00
7626	763	56	36	144.00
7627	763	57	2	12.00
7628	763	58	1	5.00
7629	763	59	40	40.00
7630	763	60	36	252.00
7631	764	51	32	160.00
7632	764	52	20	100.00
7633	764	53	2	8.00
7634	764	54	8	8.00
7635	764	55	10	80.00
7636	764	56	43	172.00
7637	764	57	49	294.00
7638	764	58	16	80.00
7639	764	59	31	31.00
7640	764	60	29	203.00
7641	765	51	6	30.00
7642	765	52	12	60.00
7643	765	53	23	92.00
7644	765	54	33	33.00
7645	765	55	40	320.00
7646	765	56	5	20.00
7647	765	57	18	108.00
7648	765	58	13	65.00
7649	765	59	28	28.00
7650	765	60	24	168.00
7651	766	51	49	245.00
7652	766	52	46	230.00
7653	766	53	42	168.00
7654	766	54	6	6.00
7655	766	55	15	120.00
7656	766	56	47	188.00
7657	766	57	36	216.00
7658	766	58	2	10.00
7659	766	59	46	46.00
7660	766	60	45	315.00
7661	767	51	46	230.00
7662	767	52	4	20.00
7663	767	53	21	84.00
7664	767	54	7	7.00
7665	767	55	7	56.00
7666	767	56	27	108.00
7667	767	57	11	66.00
7668	767	58	30	150.00
7669	767	59	22	22.00
7670	767	60	44	308.00
7671	768	51	46	230.00
7672	768	52	41	205.00
7673	768	53	50	200.00
7674	768	54	4	4.00
7675	768	55	33	264.00
7676	768	56	35	140.00
7677	768	57	2	12.00
7678	768	58	46	230.00
7679	768	59	32	32.00
7680	768	60	18	126.00
7681	769	51	19	95.00
7682	769	52	42	210.00
7683	769	53	21	84.00
7684	769	54	27	27.00
7685	769	55	19	152.00
7686	769	56	39	156.00
7687	769	57	5	30.00
7688	769	58	3	15.00
7689	769	59	28	28.00
7690	769	60	12	84.00
7691	770	51	21	105.00
7692	770	52	13	65.00
7693	770	53	40	160.00
7694	770	54	45	45.00
7695	770	55	21	168.00
7696	770	56	39	156.00
7697	770	57	36	216.00
7698	770	58	31	155.00
7699	770	59	41	41.00
7700	770	60	25	175.00
7701	771	51	1	5.00
7702	771	52	50	250.00
7703	771	53	46	184.00
7704	771	54	17	17.00
7705	771	55	46	368.00
7706	771	56	21	84.00
7707	771	57	9	54.00
7708	771	58	4	20.00
7709	771	59	31	31.00
7710	771	60	15	105.00
7711	772	51	34	170.00
7712	772	52	24	120.00
7713	772	53	36	144.00
7714	772	54	45	45.00
7715	772	55	23	184.00
7716	772	56	10	40.00
7717	772	57	32	192.00
7718	772	58	37	185.00
7719	772	59	13	13.00
7720	772	60	24	168.00
7721	773	51	12	60.00
7722	773	52	23	115.00
7723	773	53	47	188.00
7724	773	54	46	46.00
7725	773	55	29	232.00
7726	773	56	47	188.00
7727	773	57	8	48.00
7728	773	58	17	85.00
7729	773	59	28	28.00
7730	773	60	23	161.00
7731	774	51	6	30.00
7732	774	52	6	30.00
7733	774	53	14	56.00
7734	774	54	22	22.00
7735	774	55	41	328.00
7736	774	56	31	124.00
7737	774	57	13	78.00
7738	774	58	22	110.00
7739	774	59	23	23.00
7740	774	60	14	98.00
7741	775	51	37	185.00
7742	775	52	24	120.00
7743	775	53	14	56.00
7744	775	54	14	14.00
7745	775	55	42	336.00
7746	775	56	36	144.00
7747	775	57	45	270.00
7748	775	58	22	110.00
7749	775	59	47	47.00
7750	775	60	12	84.00
7751	776	51	39	195.00
7752	776	52	8	40.00
7753	776	53	27	108.00
7754	776	54	31	31.00
7755	776	55	41	328.00
7756	776	56	26	104.00
7757	776	57	28	168.00
7758	776	58	47	235.00
7759	776	59	25	25.00
7760	776	60	36	252.00
7761	777	51	28	140.00
7762	777	52	20	100.00
7763	777	53	14	56.00
7764	777	54	29	29.00
7765	777	55	9	72.00
7766	777	56	48	192.00
7767	777	57	22	132.00
7768	777	58	18	90.00
7769	777	59	6	6.00
7770	777	60	34	238.00
7771	778	51	48	240.00
7772	778	52	43	215.00
7773	778	53	19	76.00
7774	778	54	36	36.00
7775	778	55	27	216.00
7776	778	56	20	80.00
7777	778	57	40	240.00
7778	778	58	37	185.00
7779	778	59	11	11.00
7780	778	60	12	84.00
7781	779	51	43	215.00
7782	779	52	9	45.00
7783	779	53	40	160.00
7784	779	54	30	30.00
7785	779	55	3	24.00
7786	779	56	1	4.00
7787	779	57	33	198.00
7788	779	58	49	245.00
7789	779	59	15	15.00
7790	779	60	21	147.00
7791	780	51	21	105.00
7792	780	52	4	20.00
7793	780	53	37	148.00
7794	780	54	24	24.00
7795	780	55	1	8.00
7796	780	56	41	164.00
7797	780	57	45	270.00
7798	780	58	29	145.00
7799	780	59	10	10.00
7800	780	60	13	91.00
7801	781	51	21	105.00
7802	781	52	45	225.00
7803	781	53	19	76.00
7804	781	54	37	37.00
7805	781	55	8	64.00
7806	781	56	50	200.00
7807	781	57	26	156.00
7808	781	58	8	40.00
7809	781	59	5	5.00
7810	781	60	50	350.00
7811	782	51	4	20.00
7812	782	52	11	55.00
7813	782	53	39	156.00
7814	782	54	5	5.00
7815	782	55	11	88.00
7816	782	56	30	120.00
7817	782	57	14	84.00
7818	782	58	9	45.00
7819	782	59	33	33.00
7820	782	60	45	315.00
7821	783	51	33	165.00
7822	783	52	11	55.00
7823	783	53	26	104.00
7824	783	54	3	3.00
7825	783	55	25	200.00
7826	783	56	43	172.00
7827	783	57	40	240.00
7828	783	58	19	95.00
7829	783	59	50	50.00
7830	783	60	26	182.00
7831	784	51	39	195.00
7832	784	52	41	205.00
7833	784	53	33	132.00
7834	784	54	49	49.00
7835	784	55	27	216.00
7836	784	56	36	144.00
7837	784	57	15	90.00
7838	784	58	38	190.00
7839	784	59	30	30.00
7840	784	60	42	294.00
7841	785	51	50	250.00
7842	785	52	36	180.00
7843	785	53	49	196.00
7844	785	54	45	45.00
7845	785	55	8	64.00
7846	785	56	11	44.00
7847	785	57	11	66.00
7848	785	58	37	185.00
7849	785	59	37	37.00
7850	785	60	7	49.00
7851	786	51	5	25.00
7852	786	52	16	80.00
7853	786	53	36	144.00
7854	786	54	31	31.00
7855	786	55	27	216.00
7856	786	56	17	68.00
7857	786	57	26	156.00
7858	786	58	7	35.00
7859	786	59	32	32.00
7860	786	60	31	217.00
7861	787	51	29	145.00
7862	787	52	34	170.00
7863	787	53	34	136.00
7864	787	54	42	42.00
7865	787	55	27	216.00
7866	787	56	17	68.00
7867	787	57	46	276.00
7868	787	58	41	205.00
7869	787	59	49	49.00
7870	787	60	48	336.00
7871	788	51	39	195.00
7872	788	52	23	115.00
7873	788	53	19	76.00
7874	788	54	25	25.00
7875	788	55	26	208.00
7876	788	56	19	76.00
7877	788	57	38	228.00
7878	788	58	21	105.00
7879	788	59	43	43.00
7880	788	60	42	294.00
7881	789	51	41	205.00
7882	789	52	46	230.00
7883	789	53	3	12.00
7884	789	54	27	27.00
7885	789	55	38	304.00
7886	789	56	3	12.00
7887	789	57	1	6.00
7888	789	58	37	185.00
7889	789	59	20	20.00
7890	789	60	17	119.00
7891	790	51	42	210.00
7892	790	52	40	200.00
7893	790	53	4	16.00
7894	790	54	40	40.00
7895	790	55	6	48.00
7896	790	56	33	132.00
7897	790	57	2	12.00
7898	790	58	5	25.00
7899	790	59	27	27.00
7900	790	60	11	77.00
7901	791	51	38	190.00
7902	791	52	1	5.00
7903	791	53	18	72.00
7904	791	54	48	48.00
7905	791	55	11	88.00
7906	791	56	29	116.00
7907	791	57	18	108.00
7908	791	58	31	155.00
7909	791	59	8	8.00
7910	791	60	50	350.00
7911	792	51	20	100.00
7912	792	52	8	40.00
7913	792	53	41	164.00
7914	792	54	28	28.00
7915	792	55	25	200.00
7916	792	56	23	92.00
7917	792	57	10	60.00
7918	792	58	36	180.00
7919	792	59	50	50.00
7920	792	60	47	329.00
7921	793	51	32	160.00
7922	793	52	3	15.00
7923	793	53	45	180.00
7924	793	54	21	21.00
7925	793	55	49	392.00
7926	793	56	36	144.00
7927	793	57	42	252.00
7928	793	58	9	45.00
7929	793	59	20	20.00
7930	793	60	48	336.00
7931	794	51	4	20.00
7932	794	52	46	230.00
7933	794	53	49	196.00
7934	794	54	49	49.00
7935	794	55	3	24.00
7936	794	56	11	44.00
7937	794	57	14	84.00
7938	794	58	41	205.00
7939	794	59	50	50.00
7940	794	60	38	266.00
7941	795	51	20	100.00
7942	795	52	28	140.00
7943	795	53	4	16.00
7944	795	54	45	45.00
7945	795	55	28	224.00
7946	795	56	6	24.00
7947	795	57	10	60.00
7948	795	58	34	170.00
7949	795	59	38	38.00
7950	795	60	3	21.00
7951	796	51	6	30.00
7952	796	52	50	250.00
7953	796	53	13	52.00
7954	796	54	19	19.00
7955	796	55	25	200.00
7956	796	56	22	88.00
7957	796	57	33	198.00
7958	796	58	10	50.00
7959	796	59	34	34.00
7960	796	60	21	147.00
7961	797	51	40	200.00
7962	797	52	31	155.00
7963	797	53	46	184.00
7964	797	54	3	3.00
7965	797	55	10	80.00
7966	797	56	32	128.00
7967	797	57	34	204.00
7968	797	58	19	95.00
7969	797	59	13	13.00
7970	797	60	41	287.00
7971	798	51	29	145.00
7972	798	52	50	250.00
7973	798	53	35	140.00
7974	798	54	12	12.00
7975	798	55	6	48.00
7976	798	56	9	36.00
7977	798	57	13	78.00
7978	798	58	42	210.00
7979	798	59	6	6.00
7980	798	60	18	126.00
7981	799	51	14	70.00
7982	799	52	48	240.00
7983	799	53	7	28.00
7984	799	54	15	15.00
7985	799	55	41	328.00
7986	799	56	24	96.00
7987	799	57	41	246.00
7988	799	58	14	70.00
7989	799	59	12	12.00
7990	799	60	24	168.00
7991	800	51	34	170.00
7992	800	52	40	200.00
7993	800	53	15	60.00
7994	800	54	33	33.00
7995	800	55	4	32.00
7996	800	56	45	180.00
7997	800	57	41	246.00
7998	800	58	44	220.00
7999	800	59	34	34.00
8000	800	60	38	266.00
8001	801	51	44	220.00
8002	801	52	2	10.00
8003	801	53	45	180.00
8004	801	54	44	44.00
8005	801	55	15	120.00
8006	801	56	25	100.00
8007	801	57	2	12.00
8008	801	58	48	240.00
8009	801	59	17	17.00
8010	801	60	49	343.00
8011	802	51	5	25.00
8012	802	52	44	220.00
8013	802	53	33	132.00
8014	802	54	32	32.00
8015	802	55	37	296.00
8016	802	56	30	120.00
8017	802	57	46	276.00
8018	802	58	31	155.00
8019	802	59	40	40.00
8020	802	60	32	224.00
8021	803	51	33	165.00
8022	803	52	38	190.00
8023	803	53	36	144.00
8024	803	54	31	31.00
8025	803	55	20	160.00
8026	803	56	41	164.00
8027	803	57	2	12.00
8028	803	58	12	60.00
8029	803	59	10	10.00
8030	803	60	39	273.00
8031	804	51	27	135.00
8032	804	52	4	20.00
8033	804	53	39	156.00
8034	804	54	36	36.00
8035	804	55	16	128.00
8036	804	56	25	100.00
8037	804	57	26	156.00
8038	804	58	39	195.00
8039	804	59	24	24.00
8040	804	60	10	70.00
8041	805	51	3	15.00
8042	805	52	38	190.00
8043	805	53	16	64.00
8044	805	54	40	40.00
8045	805	55	47	376.00
8046	805	56	47	188.00
8047	805	57	8	48.00
8048	805	58	31	155.00
8049	805	59	1	1.00
8050	805	60	5	35.00
8051	806	51	4	20.00
8052	806	52	34	170.00
8053	806	53	37	148.00
8054	806	54	22	22.00
8055	806	55	39	312.00
8056	806	56	42	168.00
8057	806	57	21	126.00
8058	806	58	44	220.00
8059	806	59	10	10.00
8060	806	60	20	140.00
8061	807	51	15	75.00
8062	807	52	31	155.00
8063	807	53	21	84.00
8064	807	54	37	37.00
8065	807	55	28	224.00
8066	807	56	45	180.00
8067	807	57	22	132.00
8068	807	58	4	20.00
8069	807	59	17	17.00
8070	807	60	41	287.00
8071	808	51	33	165.00
8072	808	52	10	50.00
8073	808	53	2	8.00
8074	808	54	7	7.00
8075	808	55	12	96.00
8076	808	56	1	4.00
8077	808	57	8	48.00
8078	808	58	26	130.00
8079	808	59	11	11.00
8080	808	60	44	308.00
8081	809	51	43	215.00
8082	809	52	50	250.00
8083	809	53	20	80.00
8084	809	54	45	45.00
8085	809	55	42	336.00
8086	809	56	8	32.00
8087	809	57	22	132.00
8088	809	58	41	205.00
8089	809	59	42	42.00
8090	809	60	28	196.00
8091	810	51	29	145.00
8092	810	52	49	245.00
8093	810	53	26	104.00
8094	810	54	23	23.00
8095	810	55	42	336.00
8096	810	56	16	64.00
8097	810	57	6	36.00
8098	810	58	31	155.00
8099	810	59	29	29.00
8100	810	60	11	77.00
8101	811	51	2	10.00
8102	811	52	43	215.00
8103	811	53	48	192.00
8104	811	54	11	11.00
8105	811	55	3	24.00
8106	811	56	37	148.00
8107	811	57	37	222.00
8108	811	58	42	210.00
8109	811	59	46	46.00
8110	811	60	23	161.00
8111	812	51	4	20.00
8112	812	52	30	150.00
8113	812	53	45	180.00
8114	812	54	32	32.00
8115	812	55	44	352.00
8116	812	56	39	156.00
8117	812	57	14	84.00
8118	812	58	38	190.00
8119	812	59	27	27.00
8120	812	60	26	182.00
8121	813	51	36	180.00
8122	813	52	22	110.00
8123	813	53	39	156.00
8124	813	54	45	45.00
8125	813	55	8	64.00
8126	813	56	48	192.00
8127	813	57	1	6.00
8128	813	58	20	100.00
8129	813	59	2	2.00
8130	813	60	37	259.00
8131	814	51	7	35.00
8132	814	52	3	15.00
8133	814	53	7	28.00
8134	814	54	29	29.00
8135	814	55	2	16.00
8136	814	56	2	8.00
8137	814	57	37	222.00
8138	814	58	12	60.00
8139	814	59	9	9.00
8140	814	60	6	42.00
8141	815	51	16	80.00
8142	815	52	45	225.00
8143	815	53	38	152.00
8144	815	54	41	41.00
8145	815	55	27	216.00
8146	815	56	18	72.00
8147	815	57	33	198.00
8148	815	58	30	150.00
8149	815	59	31	31.00
8150	815	60	20	140.00
8151	816	51	43	215.00
8152	816	52	47	235.00
8153	816	53	30	120.00
8154	816	54	30	30.00
8155	816	55	30	240.00
8156	816	56	23	92.00
8157	816	57	8	48.00
8158	816	58	23	115.00
8159	816	59	21	21.00
8160	816	60	29	203.00
8161	817	51	44	220.00
8162	817	52	47	235.00
8163	817	53	10	40.00
8164	817	54	35	35.00
8165	817	55	13	104.00
8166	817	56	46	184.00
8167	817	57	36	216.00
8168	817	58	30	150.00
8169	817	59	5	5.00
8170	817	60	14	98.00
8171	818	51	35	175.00
8172	818	52	3	15.00
8173	818	53	33	132.00
8174	818	54	8	8.00
8175	818	55	38	304.00
8176	818	56	18	72.00
8177	818	57	9	54.00
8178	818	58	26	130.00
8179	818	59	33	33.00
8180	818	60	32	224.00
8181	819	51	8	40.00
8182	819	52	25	125.00
8183	819	53	2	8.00
8184	819	54	36	36.00
8185	819	55	15	120.00
8186	819	56	1	4.00
8187	819	57	45	270.00
8188	819	58	12	60.00
8189	819	59	48	48.00
8190	819	60	45	315.00
8191	820	51	27	135.00
8192	820	52	10	50.00
8193	820	53	11	44.00
8194	820	54	23	23.00
8195	820	55	50	400.00
8196	820	56	45	180.00
8197	820	57	44	264.00
8198	820	58	21	105.00
8199	820	59	33	33.00
8200	820	60	31	217.00
8201	821	51	49	245.00
8202	821	52	1	5.00
8203	821	53	27	108.00
8204	821	54	20	20.00
8205	821	55	49	392.00
8206	821	56	45	180.00
8207	821	57	47	282.00
8208	821	58	39	195.00
8209	821	59	19	19.00
8210	821	60	9	63.00
8211	822	51	7	35.00
8212	822	52	49	245.00
8213	822	53	5	20.00
8214	822	54	7	7.00
8215	822	55	22	176.00
8216	822	56	43	172.00
8217	822	57	6	36.00
8218	822	58	36	180.00
8219	822	59	39	39.00
8220	822	60	16	112.00
8221	823	51	27	135.00
8222	823	52	31	155.00
8223	823	53	50	200.00
8224	823	54	14	14.00
8225	823	55	1	8.00
8226	823	56	39	156.00
8227	823	57	14	84.00
8228	823	58	11	55.00
8229	823	59	47	47.00
8230	823	60	23	161.00
8231	824	51	20	100.00
8232	824	52	29	145.00
8233	824	53	44	176.00
8234	824	54	1	1.00
8235	824	55	26	208.00
8236	824	56	7	28.00
8237	824	57	4	24.00
8238	824	58	9	45.00
8239	824	59	45	45.00
8240	824	60	43	301.00
8241	825	51	9	45.00
8242	825	52	7	35.00
8243	825	53	48	192.00
8244	825	54	12	12.00
8245	825	55	19	152.00
8246	825	56	35	140.00
8247	825	57	5	30.00
8248	825	58	29	145.00
8249	825	59	44	44.00
8250	825	60	4	28.00
8251	826	51	39	195.00
8252	826	52	3	15.00
8253	826	53	15	60.00
8254	826	54	27	27.00
8255	826	55	37	296.00
8256	826	56	23	92.00
8257	826	57	12	72.00
8258	826	58	46	230.00
8259	826	59	15	15.00
8260	826	60	11	77.00
8261	827	51	29	145.00
8262	827	52	9	45.00
8263	827	53	42	168.00
8264	827	54	46	46.00
8265	827	55	41	328.00
8266	827	56	19	76.00
8267	827	57	32	192.00
8268	827	58	27	135.00
8269	827	59	15	15.00
8270	827	60	4	28.00
8271	828	51	48	240.00
8272	828	52	40	200.00
8273	828	53	28	112.00
8274	828	54	4	4.00
8275	828	55	26	208.00
8276	828	56	48	192.00
8277	828	57	19	114.00
8278	828	58	48	240.00
8279	828	59	13	13.00
8280	828	60	45	315.00
8281	829	51	31	155.00
8282	829	52	45	225.00
8283	829	53	23	92.00
8284	829	54	50	50.00
8285	829	55	13	104.00
8286	829	56	25	100.00
8287	829	57	1	6.00
8288	829	58	50	250.00
8289	829	59	47	47.00
8290	829	60	31	217.00
8291	830	51	12	60.00
8292	830	52	13	65.00
8293	830	53	50	200.00
8294	830	54	18	18.00
8295	830	55	29	232.00
8296	830	56	37	148.00
8297	830	57	49	294.00
8298	830	58	13	65.00
8299	830	59	48	48.00
8300	830	60	50	350.00
8301	831	51	9	45.00
8302	831	52	36	180.00
8303	831	53	48	192.00
8304	831	54	6	6.00
8305	831	55	30	240.00
8306	831	56	17	68.00
8307	831	57	24	144.00
8308	831	58	27	135.00
8309	831	59	11	11.00
8310	831	60	41	287.00
8311	832	51	45	225.00
8312	832	52	21	105.00
8313	832	53	2	8.00
8314	832	54	24	24.00
8315	832	55	50	400.00
8316	832	56	13	52.00
8317	832	57	14	84.00
8318	832	58	29	145.00
8319	832	59	16	16.00
8320	832	60	6	42.00
8321	833	51	13	65.00
8322	833	52	49	245.00
8323	833	53	18	72.00
8324	833	54	17	17.00
8325	833	55	44	352.00
8326	833	56	35	140.00
8327	833	57	3	18.00
8328	833	58	46	230.00
8329	833	59	50	50.00
8330	833	60	8	56.00
8331	834	51	43	215.00
8332	834	52	17	85.00
8333	834	53	31	124.00
8334	834	54	4	4.00
8335	834	55	50	400.00
8336	834	56	44	176.00
8337	834	57	13	78.00
8338	834	58	24	120.00
8339	834	59	27	27.00
8340	834	60	35	245.00
8341	835	51	34	170.00
8342	835	52	32	160.00
8343	835	53	18	72.00
8344	835	54	49	49.00
8345	835	55	6	48.00
8346	835	56	49	196.00
8347	835	57	30	180.00
8348	835	58	18	90.00
8349	835	59	47	47.00
8350	835	60	46	322.00
8351	836	51	1	5.00
8352	836	52	31	155.00
8353	836	53	2	8.00
8354	836	54	15	15.00
8355	836	55	35	280.00
8356	836	56	14	56.00
8357	836	57	10	60.00
8358	836	58	8	40.00
8359	836	59	9	9.00
8360	836	60	29	203.00
8361	837	51	28	140.00
8362	837	52	17	85.00
8363	837	53	16	64.00
8364	837	54	15	15.00
8365	837	55	14	112.00
8366	837	56	26	104.00
8367	837	57	38	228.00
8368	837	58	21	105.00
8369	837	59	11	11.00
8370	837	60	14	98.00
8371	838	51	11	55.00
8372	838	52	49	245.00
8373	838	53	26	104.00
8374	838	54	39	39.00
8375	838	55	12	96.00
8376	838	56	2	8.00
8377	838	57	7	42.00
8378	838	58	2	10.00
8379	838	59	30	30.00
8380	838	60	40	280.00
8381	839	51	32	160.00
8382	839	52	29	145.00
8383	839	53	6	24.00
8384	839	54	41	41.00
8385	839	55	10	80.00
8386	839	56	14	56.00
8387	839	57	49	294.00
8388	839	58	48	240.00
8389	839	59	39	39.00
8390	839	60	21	147.00
8391	840	51	27	135.00
8392	840	52	39	195.00
8393	840	53	37	148.00
8394	840	54	26	26.00
8395	840	55	49	392.00
8396	840	56	30	120.00
8397	840	57	24	144.00
8398	840	58	6	30.00
8399	840	59	29	29.00
8400	840	60	40	280.00
8401	841	51	39	195.00
8402	841	52	38	190.00
8403	841	53	28	112.00
8404	841	54	17	17.00
8405	841	55	31	248.00
8406	841	56	16	64.00
8407	841	57	8	48.00
8408	841	58	19	95.00
8409	841	59	43	43.00
8410	841	60	27	189.00
8411	842	51	49	245.00
8412	842	52	4	20.00
8413	842	53	35	140.00
8414	842	54	6	6.00
8415	842	55	49	392.00
8416	842	56	32	128.00
8417	842	57	50	300.00
8418	842	58	50	250.00
8419	842	59	19	19.00
8420	842	60	35	245.00
8421	843	51	11	55.00
8422	843	52	21	105.00
8423	843	53	46	184.00
8424	843	54	31	31.00
8425	843	55	19	152.00
8426	843	56	24	96.00
8427	843	57	9	54.00
8428	843	58	32	160.00
8429	843	59	7	7.00
8430	843	60	7	49.00
8431	844	51	21	105.00
8432	844	52	31	155.00
8433	844	53	38	152.00
8434	844	54	2	2.00
8435	844	55	27	216.00
8436	844	56	37	148.00
8437	844	57	47	282.00
8438	844	58	47	235.00
8439	844	59	38	38.00
8440	844	60	32	224.00
8441	845	51	47	235.00
8442	845	52	45	225.00
8443	845	53	47	188.00
8444	845	54	10	10.00
8445	845	55	42	336.00
8446	845	56	10	40.00
8447	845	57	35	210.00
8448	845	58	25	125.00
8449	845	59	38	38.00
8450	845	60	33	231.00
8451	846	51	1	5.00
8452	846	52	21	105.00
8453	846	53	15	60.00
8454	846	54	46	46.00
8455	846	55	21	168.00
8456	846	56	46	184.00
8457	846	57	39	234.00
8458	846	58	9	45.00
8459	846	59	41	41.00
8460	846	60	31	217.00
8461	847	51	45	225.00
8462	847	52	2	10.00
8463	847	53	42	168.00
8464	847	54	11	11.00
8465	847	55	27	216.00
8466	847	56	17	68.00
8467	847	57	9	54.00
8468	847	58	39	195.00
8469	847	59	4	4.00
8470	847	60	44	308.00
8471	848	51	32	160.00
8472	848	52	50	250.00
8473	848	53	8	32.00
8474	848	54	37	37.00
8475	848	55	16	128.00
8476	848	56	31	124.00
8477	848	57	46	276.00
8478	848	58	25	125.00
8479	848	59	22	22.00
8480	848	60	24	168.00
8481	849	51	28	140.00
8482	849	52	1	5.00
8483	849	53	17	68.00
8484	849	54	49	49.00
8485	849	55	13	104.00
8486	849	56	5	20.00
8487	849	57	26	156.00
8488	849	58	16	80.00
8489	849	59	46	46.00
8490	849	60	39	273.00
8491	850	51	2	10.00
8492	850	52	33	165.00
8493	850	53	47	188.00
8494	850	54	17	17.00
8495	850	55	41	328.00
8496	850	56	13	52.00
8497	850	57	42	252.00
8498	850	58	15	75.00
8499	850	59	45	45.00
8500	850	60	25	175.00
8501	851	51	32	160.00
8502	851	52	30	150.00
8503	851	53	37	148.00
8504	851	54	6	6.00
8505	851	55	24	192.00
8506	851	56	21	84.00
8507	851	57	33	198.00
8508	851	58	4	20.00
8509	851	59	21	21.00
8510	851	60	40	280.00
8511	852	51	25	125.00
8512	852	52	30	150.00
8513	852	53	32	128.00
8514	852	54	4	4.00
8515	852	55	4	32.00
8516	852	56	31	124.00
8517	852	57	15	90.00
8518	852	58	5	25.00
8519	852	59	29	29.00
8520	852	60	36	252.00
8521	853	51	36	180.00
8522	853	52	5	25.00
8523	853	53	49	196.00
8524	853	54	25	25.00
8525	853	55	30	240.00
8526	853	56	43	172.00
8527	853	57	43	258.00
8528	853	58	25	125.00
8529	853	59	2	2.00
8530	853	60	49	343.00
8531	854	51	37	185.00
8532	854	52	2	10.00
8533	854	53	32	128.00
8534	854	54	42	42.00
8535	854	55	39	312.00
8536	854	56	8	32.00
8537	854	57	21	126.00
8538	854	58	11	55.00
8539	854	59	6	6.00
8540	854	60	7	49.00
8541	855	51	32	160.00
8542	855	52	23	115.00
8543	855	53	22	88.00
8544	855	54	50	50.00
8545	855	55	13	104.00
8546	855	56	38	152.00
8547	855	57	43	258.00
8548	855	58	25	125.00
8549	855	59	41	41.00
8550	855	60	1	7.00
8551	856	51	34	170.00
8552	856	52	11	55.00
8553	856	53	49	196.00
8554	856	54	49	49.00
8555	856	55	34	272.00
8556	856	56	5	20.00
8557	856	57	37	222.00
8558	856	58	30	150.00
8559	856	59	11	11.00
8560	856	60	17	119.00
8561	857	51	33	165.00
8562	857	52	30	150.00
8563	857	53	36	144.00
8564	857	54	45	45.00
8565	857	55	42	336.00
8566	857	56	9	36.00
8567	857	57	30	180.00
8568	857	58	18	90.00
8569	857	59	40	40.00
8570	857	60	36	252.00
8571	858	51	28	140.00
8572	858	52	31	155.00
8573	858	53	27	108.00
8574	858	54	21	21.00
8575	858	55	13	104.00
8576	858	56	43	172.00
8577	858	57	19	114.00
8578	858	58	23	115.00
8579	858	59	3	3.00
8580	858	60	10	70.00
8581	859	51	24	120.00
8582	859	52	46	230.00
8583	859	53	2	8.00
8584	859	54	1	1.00
8585	859	55	34	272.00
8586	859	56	3	12.00
8587	859	57	44	264.00
8588	859	58	29	145.00
8589	859	59	33	33.00
8590	859	60	5	35.00
8591	860	51	33	165.00
8592	860	52	48	240.00
8593	860	53	14	56.00
8594	860	54	19	19.00
8595	860	55	12	96.00
8596	860	56	39	156.00
8597	860	57	1	6.00
8598	860	58	48	240.00
8599	860	59	3	3.00
8600	860	60	24	168.00
8601	861	51	8	40.00
8602	861	52	6	30.00
8603	861	53	1	4.00
8604	861	54	4	4.00
8605	861	55	30	240.00
8606	861	56	45	180.00
8607	861	57	19	114.00
8608	861	58	16	80.00
8609	861	59	7	7.00
8610	861	60	19	133.00
8611	862	51	39	195.00
8612	862	52	23	115.00
8613	862	53	18	72.00
8614	862	54	34	34.00
8615	862	55	23	184.00
8616	862	56	15	60.00
8617	862	57	22	132.00
8618	862	58	3	15.00
8619	862	59	5	5.00
8620	862	60	27	189.00
8621	863	51	19	95.00
8622	863	52	46	230.00
8623	863	53	40	160.00
8624	863	54	20	20.00
8625	863	55	31	248.00
8626	863	56	12	48.00
8627	863	57	10	60.00
8628	863	58	13	65.00
8629	863	59	16	16.00
8630	863	60	21	147.00
8631	864	51	20	100.00
8632	864	52	27	135.00
8633	864	53	23	92.00
8634	864	54	28	28.00
8635	864	55	40	320.00
8636	864	56	29	116.00
8637	864	57	18	108.00
8638	864	58	20	100.00
8639	864	59	39	39.00
8640	864	60	48	336.00
8641	865	51	2	10.00
8642	865	52	34	170.00
8643	865	53	43	172.00
8644	865	54	47	47.00
8645	865	55	12	96.00
8646	865	56	41	164.00
8647	865	57	4	24.00
8648	865	58	43	215.00
8649	865	59	30	30.00
8650	865	60	41	287.00
8651	866	51	43	215.00
8652	866	52	28	140.00
8653	866	53	45	180.00
8654	866	54	29	29.00
8655	866	55	8	64.00
8656	866	56	43	172.00
8657	866	57	32	192.00
8658	866	58	6	30.00
8659	866	59	17	17.00
8660	866	60	44	308.00
8661	867	51	22	110.00
8662	867	52	20	100.00
8663	867	53	12	48.00
8664	867	54	20	20.00
8665	867	55	43	344.00
8666	867	56	33	132.00
8667	867	57	2	12.00
8668	867	58	22	110.00
8669	867	59	29	29.00
8670	867	60	35	245.00
8671	868	51	23	115.00
8672	868	52	16	80.00
8673	868	53	18	72.00
8674	868	54	31	31.00
8675	868	55	4	32.00
8676	868	56	20	80.00
8677	868	57	10	60.00
8678	868	58	34	170.00
8679	868	59	16	16.00
8680	868	60	6	42.00
8681	869	51	19	95.00
8682	869	52	29	145.00
8683	869	53	43	172.00
8684	869	54	4	4.00
8685	869	55	4	32.00
8686	869	56	15	60.00
8687	869	57	17	102.00
8688	869	58	35	175.00
8689	869	59	41	41.00
8690	869	60	17	119.00
8691	870	51	7	35.00
8692	870	52	39	195.00
8693	870	53	11	44.00
8694	870	54	48	48.00
8695	870	55	4	32.00
8696	870	56	50	200.00
8697	870	57	17	102.00
8698	870	58	32	160.00
8699	870	59	18	18.00
8700	870	60	43	301.00
8701	871	51	37	185.00
8702	871	52	17	85.00
8703	871	53	6	24.00
8704	871	54	21	21.00
8705	871	55	29	232.00
8706	871	56	14	56.00
8707	871	57	27	162.00
8708	871	58	49	245.00
8709	871	59	26	26.00
8710	871	60	21	147.00
8711	872	51	12	60.00
8712	872	52	23	115.00
8713	872	53	35	140.00
8714	872	54	25	25.00
8715	872	55	12	96.00
8716	872	56	16	64.00
8717	872	57	8	48.00
8718	872	58	6	30.00
8719	872	59	14	14.00
8720	872	60	24	168.00
8721	873	51	42	210.00
8722	873	52	22	110.00
8723	873	53	19	76.00
8724	873	54	36	36.00
8725	873	55	50	400.00
8726	873	56	10	40.00
8727	873	57	41	246.00
8728	873	58	28	140.00
8729	873	59	18	18.00
8730	873	60	26	182.00
8731	874	51	38	190.00
8732	874	52	3	15.00
8733	874	53	32	128.00
8734	874	54	10	10.00
8735	874	55	24	192.00
8736	874	56	9	36.00
8737	874	57	47	282.00
8738	874	58	12	60.00
8739	874	59	4	4.00
8740	874	60	44	308.00
8741	875	51	47	235.00
8742	875	52	16	80.00
8743	875	53	37	148.00
8744	875	54	8	8.00
8745	875	55	5	40.00
8746	875	56	49	196.00
8747	875	57	19	114.00
8748	875	58	29	145.00
8749	875	59	48	48.00
8750	875	60	19	133.00
8751	876	51	14	70.00
8752	876	52	33	165.00
8753	876	53	12	48.00
8754	876	54	7	7.00
8755	876	55	17	136.00
8756	876	56	3	12.00
8757	876	57	24	144.00
8758	876	58	28	140.00
8759	876	59	30	30.00
8760	876	60	47	329.00
8761	877	51	25	125.00
8762	877	52	13	65.00
8763	877	53	16	64.00
8764	877	54	19	19.00
8765	877	55	45	360.00
8766	877	56	20	80.00
8767	877	57	45	270.00
8768	877	58	19	95.00
8769	877	59	38	38.00
8770	877	60	4	28.00
8771	878	51	36	180.00
8772	878	52	18	90.00
8773	878	53	8	32.00
8774	878	54	19	19.00
8775	878	55	37	296.00
8776	878	56	24	96.00
8777	878	57	11	66.00
8778	878	58	18	90.00
8779	878	59	43	43.00
8780	878	60	42	294.00
8781	879	51	17	85.00
8782	879	52	29	145.00
8783	879	53	28	112.00
8784	879	54	38	38.00
8785	879	55	43	344.00
8786	879	56	31	124.00
8787	879	57	37	222.00
8788	879	58	9	45.00
8789	879	59	30	30.00
8790	879	60	29	203.00
8791	880	51	8	40.00
8792	880	52	50	250.00
8793	880	53	46	184.00
8794	880	54	36	36.00
8795	880	55	26	208.00
8796	880	56	7	28.00
8797	880	57	6	36.00
8798	880	58	34	170.00
8799	880	59	16	16.00
8800	880	60	6	42.00
8801	881	51	34	170.00
8802	881	52	29	145.00
8803	881	53	7	28.00
8804	881	54	1	1.00
8805	881	55	39	312.00
8806	881	56	37	148.00
8807	881	57	26	156.00
8808	881	58	15	75.00
8809	881	59	50	50.00
8810	881	60	5	35.00
8811	882	51	16	80.00
8812	882	52	26	130.00
8813	882	53	41	164.00
8814	882	54	17	17.00
8815	882	55	14	112.00
8816	882	56	1	4.00
8817	882	57	30	180.00
8818	882	58	12	60.00
8819	882	59	29	29.00
8820	882	60	44	308.00
8821	883	51	23	115.00
8822	883	52	47	235.00
8823	883	53	45	180.00
8824	883	54	29	29.00
8825	883	55	31	248.00
8826	883	56	36	144.00
8827	883	57	7	42.00
8828	883	58	8	40.00
8829	883	59	48	48.00
8830	883	60	41	287.00
8831	884	51	4	20.00
8832	884	52	2	10.00
8833	884	53	32	128.00
8834	884	54	10	10.00
8835	884	55	36	288.00
8836	884	56	28	112.00
8837	884	57	8	48.00
8838	884	58	47	235.00
8839	884	59	30	30.00
8840	884	60	15	105.00
8841	885	51	29	145.00
8842	885	52	48	240.00
8843	885	53	29	116.00
8844	885	54	16	16.00
8845	885	55	32	256.00
8846	885	56	12	48.00
8847	885	57	12	72.00
8848	885	58	19	95.00
8849	885	59	11	11.00
8850	885	60	22	154.00
8851	886	51	40	200.00
8852	886	52	38	190.00
8853	886	53	12	48.00
8854	886	54	21	21.00
8855	886	55	43	344.00
8856	886	56	31	124.00
8857	886	57	3	18.00
8858	886	58	18	90.00
8859	886	59	34	34.00
8860	886	60	19	133.00
8861	887	51	3	15.00
8862	887	52	10	50.00
8863	887	53	4	16.00
8864	887	54	42	42.00
8865	887	55	9	72.00
8866	887	56	21	84.00
8867	887	57	17	102.00
8868	887	58	46	230.00
8869	887	59	21	21.00
8870	887	60	39	273.00
8871	888	51	5	25.00
8872	888	52	22	110.00
8873	888	53	18	72.00
8874	888	54	27	27.00
8875	888	55	14	112.00
8876	888	56	25	100.00
8877	888	57	25	150.00
8878	888	58	48	240.00
8879	888	59	50	50.00
8880	888	60	7	49.00
8881	889	51	20	100.00
8882	889	52	28	140.00
8883	889	53	15	60.00
8884	889	54	25	25.00
8885	889	55	18	144.00
8886	889	56	16	64.00
8887	889	57	32	192.00
8888	889	58	37	185.00
8889	889	59	40	40.00
8890	889	60	27	189.00
8891	890	51	12	60.00
8892	890	52	14	70.00
8893	890	53	10	40.00
8894	890	54	24	24.00
8895	890	55	25	200.00
8896	890	56	4	16.00
8897	890	57	45	270.00
8898	890	58	22	110.00
8899	890	59	11	11.00
8900	890	60	21	147.00
8901	891	51	37	185.00
8902	891	52	3	15.00
8903	891	53	26	104.00
8904	891	54	10	10.00
8905	891	55	36	288.00
8906	891	56	37	148.00
8907	891	57	9	54.00
8908	891	58	14	70.00
8909	891	59	6	6.00
8910	891	60	14	98.00
8911	892	51	1	5.00
8912	892	52	10	50.00
8913	892	53	2	8.00
8914	892	54	29	29.00
8915	892	55	50	400.00
8916	892	56	11	44.00
8917	892	57	3	18.00
8918	892	58	2	10.00
8919	892	59	23	23.00
8920	892	60	35	245.00
8921	893	51	13	65.00
8922	893	52	22	110.00
8923	893	53	43	172.00
8924	893	54	7	7.00
8925	893	55	7	56.00
8926	893	56	16	64.00
8927	893	57	41	246.00
8928	893	58	32	160.00
8929	893	59	27	27.00
8930	893	60	31	217.00
8931	894	51	36	180.00
8932	894	52	1	5.00
8933	894	53	41	164.00
8934	894	54	50	50.00
8935	894	55	22	176.00
8936	894	56	33	132.00
8937	894	57	18	108.00
8938	894	58	35	175.00
8939	894	59	30	30.00
8940	894	60	27	189.00
8941	895	51	47	235.00
8942	895	52	28	140.00
8943	895	53	16	64.00
8944	895	54	45	45.00
8945	895	55	46	368.00
8946	895	56	24	96.00
8947	895	57	10	60.00
8948	895	58	40	200.00
8949	895	59	50	50.00
8950	895	60	23	161.00
8951	896	51	29	145.00
8952	896	52	30	150.00
8953	896	53	4	16.00
8954	896	54	41	41.00
8955	896	55	8	64.00
8956	896	56	17	68.00
8957	896	57	30	180.00
8958	896	58	6	30.00
8959	896	59	27	27.00
8960	896	60	41	287.00
8961	897	51	11	55.00
8962	897	52	37	185.00
8963	897	53	43	172.00
8964	897	54	29	29.00
8965	897	55	42	336.00
8966	897	56	24	96.00
8967	897	57	39	234.00
8968	897	58	50	250.00
8969	897	59	40	40.00
8970	897	60	11	77.00
8971	898	51	49	245.00
8972	898	52	13	65.00
8973	898	53	3	12.00
8974	898	54	14	14.00
8975	898	55	3	24.00
8976	898	56	22	88.00
8977	898	57	33	198.00
8978	898	58	10	50.00
8979	898	59	28	28.00
8980	898	60	25	175.00
8981	899	51	36	180.00
8982	899	52	19	95.00
8983	899	53	33	132.00
8984	899	54	28	28.00
8985	899	55	46	368.00
8986	899	56	47	188.00
8987	899	57	31	186.00
8988	899	58	48	240.00
8989	899	59	49	49.00
8990	899	60	21	147.00
8991	900	51	33	165.00
8992	900	52	16	80.00
8993	900	53	7	28.00
8994	900	54	42	42.00
8995	900	55	45	360.00
8996	900	56	42	168.00
8997	900	57	31	186.00
8998	900	58	42	210.00
8999	900	59	7	7.00
9000	900	60	31	217.00
9001	901	51	43	215.00
9002	901	52	13	65.00
9003	901	53	8	32.00
9004	901	54	19	19.00
9005	901	55	7	56.00
9006	901	56	43	172.00
9007	901	57	18	108.00
9008	901	58	9	45.00
9009	901	59	14	14.00
9010	901	60	49	343.00
9011	902	51	6	30.00
9012	902	52	38	190.00
9013	902	53	21	84.00
9014	902	54	31	31.00
9015	902	55	49	392.00
9016	902	56	20	80.00
9017	902	57	17	102.00
9018	902	58	35	175.00
9019	902	59	3	3.00
9020	902	60	22	154.00
9021	903	51	21	105.00
9022	903	52	26	130.00
9023	903	53	48	192.00
9024	903	54	18	18.00
9025	903	55	42	336.00
9026	903	56	41	164.00
9027	903	57	17	102.00
9028	903	58	9	45.00
9029	903	59	21	21.00
9030	903	60	6	42.00
9031	904	51	39	195.00
9032	904	52	23	115.00
9033	904	53	2	8.00
9034	904	54	45	45.00
9035	904	55	43	344.00
9036	904	56	5	20.00
9037	904	57	31	186.00
9038	904	58	20	100.00
9039	904	59	10	10.00
9040	904	60	31	217.00
9041	905	51	35	175.00
9042	905	52	40	200.00
9043	905	53	23	92.00
9044	905	54	40	40.00
9045	905	55	24	192.00
9046	905	56	32	128.00
9047	905	57	28	168.00
9048	905	58	26	130.00
9049	905	59	1	1.00
9050	905	60	34	238.00
9051	906	51	38	190.00
9052	906	52	36	180.00
9053	906	53	12	48.00
9054	906	54	23	23.00
9055	906	55	35	280.00
9056	906	56	33	132.00
9057	906	57	22	132.00
9058	906	58	4	20.00
9059	906	59	13	13.00
9060	906	60	20	140.00
9061	907	51	38	190.00
9062	907	52	45	225.00
9063	907	53	13	52.00
9064	907	54	30	30.00
9065	907	55	48	384.00
9066	907	56	43	172.00
9067	907	57	41	246.00
9068	907	58	14	70.00
9069	907	59	13	13.00
9070	907	60	16	112.00
9071	908	51	42	210.00
9072	908	52	47	235.00
9073	908	53	17	68.00
9074	908	54	28	28.00
9075	908	55	32	256.00
9076	908	56	6	24.00
9077	908	57	10	60.00
9078	908	58	7	35.00
9079	908	59	8	8.00
9080	908	60	41	287.00
9081	909	51	13	65.00
9082	909	52	5	25.00
9083	909	53	50	200.00
9084	909	54	3	3.00
9085	909	55	43	344.00
9086	909	56	23	92.00
9087	909	57	1	6.00
9088	909	58	45	225.00
9089	909	59	23	23.00
9090	909	60	14	98.00
9091	910	51	39	195.00
9092	910	52	45	225.00
9093	910	53	48	192.00
9094	910	54	25	25.00
9095	910	55	1	8.00
9096	910	56	40	160.00
9097	910	57	31	186.00
9098	910	58	14	70.00
9099	910	59	41	41.00
9100	910	60	36	252.00
9101	911	51	2	10.00
9102	911	52	45	225.00
9103	911	53	39	156.00
9104	911	54	50	50.00
9105	911	55	32	256.00
9106	911	56	3	12.00
9107	911	57	18	108.00
9108	911	58	3	15.00
9109	911	59	13	13.00
9110	911	60	12	84.00
9111	912	51	6	30.00
9112	912	52	8	40.00
9113	912	53	8	32.00
9114	912	54	28	28.00
9115	912	55	32	256.00
9116	912	56	46	184.00
9117	912	57	43	258.00
9118	912	58	38	190.00
9119	912	59	3	3.00
9120	912	60	36	252.00
9121	913	51	24	120.00
9122	913	52	21	105.00
9123	913	53	46	184.00
9124	913	54	46	46.00
9125	913	55	25	200.00
9126	913	56	16	64.00
9127	913	57	41	246.00
9128	913	58	26	130.00
9129	913	59	44	44.00
9130	913	60	35	245.00
9131	914	51	48	240.00
9132	914	52	8	40.00
9133	914	53	3	12.00
9134	914	54	38	38.00
9135	914	55	8	64.00
9136	914	56	12	48.00
9137	914	57	41	246.00
9138	914	58	8	40.00
9139	914	59	9	9.00
9140	914	60	8	56.00
9141	915	51	26	130.00
9142	915	52	5	25.00
9143	915	53	36	144.00
9144	915	54	10	10.00
9145	915	55	3	24.00
9146	915	56	38	152.00
9147	915	57	3	18.00
9148	915	58	17	85.00
9149	915	59	38	38.00
9150	915	60	41	287.00
9151	916	51	17	85.00
9152	916	52	12	60.00
9153	916	53	5	20.00
9154	916	54	42	42.00
9155	916	55	2	16.00
9156	916	56	46	184.00
9157	916	57	48	288.00
9158	916	58	3	15.00
9159	916	59	3	3.00
9160	916	60	12	84.00
9161	917	51	32	160.00
9162	917	52	43	215.00
9163	917	53	45	180.00
9164	917	54	11	11.00
9165	917	55	2	16.00
9166	917	56	7	28.00
9167	917	57	43	258.00
9168	917	58	8	40.00
9169	917	59	34	34.00
9170	917	60	29	203.00
9171	918	51	39	195.00
9172	918	52	38	190.00
9173	918	53	45	180.00
9174	918	54	7	7.00
9175	918	55	26	208.00
9176	918	56	22	88.00
9177	918	57	6	36.00
9178	918	58	49	245.00
9179	918	59	45	45.00
9180	918	60	48	336.00
9181	919	51	3	15.00
9182	919	52	42	210.00
9183	919	53	32	128.00
9184	919	54	2	2.00
9185	919	55	14	112.00
9186	919	56	46	184.00
9187	919	57	31	186.00
9188	919	58	44	220.00
9189	919	59	40	40.00
9190	919	60	32	224.00
9191	920	51	21	105.00
9192	920	52	31	155.00
9193	920	53	29	116.00
9194	920	54	47	47.00
9195	920	55	1	8.00
9196	920	56	44	176.00
9197	920	57	10	60.00
9198	920	58	24	120.00
9199	920	59	10	10.00
9200	920	60	6	42.00
9201	921	51	20	100.00
9202	921	52	41	205.00
9203	921	53	44	176.00
9204	921	54	36	36.00
9205	921	55	16	128.00
9206	921	56	28	112.00
9207	921	57	7	42.00
9208	921	58	19	95.00
9209	921	59	39	39.00
9210	921	60	5	35.00
9211	922	51	31	155.00
9212	922	52	19	95.00
9213	922	53	9	36.00
9214	922	54	23	23.00
9215	922	55	41	328.00
9216	922	56	15	60.00
9217	922	57	28	168.00
9218	922	58	27	135.00
9219	922	59	36	36.00
9220	922	60	46	322.00
9221	923	51	43	215.00
9222	923	52	3	15.00
9223	923	53	20	80.00
9224	923	54	20	20.00
9225	923	55	35	280.00
9226	923	56	33	132.00
9227	923	57	16	96.00
9228	923	58	20	100.00
9229	923	59	19	19.00
9230	923	60	6	42.00
9231	924	51	46	230.00
9232	924	52	23	115.00
9233	924	53	8	32.00
9234	924	54	31	31.00
9235	924	55	37	296.00
9236	924	56	30	120.00
9237	924	57	27	162.00
9238	924	58	40	200.00
9239	924	59	15	15.00
9240	924	60	24	168.00
9241	925	51	13	65.00
9242	925	52	37	185.00
9243	925	53	43	172.00
9244	925	54	15	15.00
9245	925	55	31	248.00
9246	925	56	38	152.00
9247	925	57	32	192.00
9248	925	58	27	135.00
9249	925	59	42	42.00
9250	925	60	25	175.00
9251	926	51	25	125.00
9252	926	52	2	10.00
9253	926	53	20	80.00
9254	926	54	25	25.00
9255	926	55	47	376.00
9256	926	56	3	12.00
9257	926	57	47	282.00
9258	926	58	30	150.00
9259	926	59	30	30.00
9260	926	60	42	294.00
9261	927	51	18	90.00
9262	927	52	17	85.00
9263	927	53	35	140.00
9264	927	54	4	4.00
9265	927	55	42	336.00
9266	927	56	38	152.00
9267	927	57	50	300.00
9268	927	58	13	65.00
9269	927	59	21	21.00
9270	927	60	47	329.00
9271	928	51	43	215.00
9272	928	52	8	40.00
9273	928	53	27	108.00
9274	928	54	26	26.00
9275	928	55	16	128.00
9276	928	56	17	68.00
9277	928	57	21	126.00
9278	928	58	11	55.00
9279	928	59	6	6.00
9280	928	60	8	56.00
9281	929	51	18	90.00
9282	929	52	44	220.00
9283	929	53	30	120.00
9284	929	54	27	27.00
9285	929	55	2	16.00
9286	929	56	36	144.00
9287	929	57	39	234.00
9288	929	58	3	15.00
9289	929	59	14	14.00
9290	929	60	3	21.00
9291	930	51	20	100.00
9292	930	52	30	150.00
9293	930	53	39	156.00
9294	930	54	10	10.00
9295	930	55	5	40.00
9296	930	56	9	36.00
9297	930	57	50	300.00
9298	930	58	44	220.00
9299	930	59	34	34.00
9300	930	60	50	350.00
9301	931	51	44	220.00
9302	931	52	30	150.00
9303	931	53	38	152.00
9304	931	54	4	4.00
9305	931	55	49	392.00
9306	931	56	1	4.00
9307	931	57	50	300.00
9308	931	58	48	240.00
9309	931	59	3	3.00
9310	931	60	3	21.00
9311	932	51	31	155.00
9312	932	52	44	220.00
9313	932	53	20	80.00
9314	932	54	12	12.00
9315	932	55	36	288.00
9316	932	56	9	36.00
9317	932	57	31	186.00
9318	932	58	17	85.00
9319	932	59	5	5.00
9320	932	60	9	63.00
9321	933	51	42	210.00
9322	933	52	19	95.00
9323	933	53	31	124.00
9324	933	54	19	19.00
9325	933	55	9	72.00
9326	933	56	29	116.00
9327	933	57	19	114.00
9328	933	58	18	90.00
9329	933	59	15	15.00
9330	933	60	50	350.00
9331	934	51	48	240.00
9332	934	52	24	120.00
9333	934	53	29	116.00
9334	934	54	22	22.00
9335	934	55	6	48.00
9336	934	56	41	164.00
9337	934	57	8	48.00
9338	934	58	1	5.00
9339	934	59	42	42.00
9340	934	60	32	224.00
9341	935	51	4	20.00
9342	935	52	44	220.00
9343	935	53	23	92.00
9344	935	54	20	20.00
9345	935	55	19	152.00
9346	935	56	17	68.00
9347	935	57	24	144.00
9348	935	58	7	35.00
9349	935	59	48	48.00
9350	935	60	43	301.00
9351	936	51	18	90.00
9352	936	52	22	110.00
9353	936	53	31	124.00
9354	936	54	21	21.00
9355	936	55	41	328.00
9356	936	56	18	72.00
9357	936	57	41	246.00
9358	936	58	4	20.00
9359	936	59	21	21.00
9360	936	60	17	119.00
9361	937	51	16	80.00
9362	937	52	40	200.00
9363	937	53	50	200.00
9364	937	54	10	10.00
9365	937	55	10	80.00
9366	937	56	43	172.00
9367	937	57	49	294.00
9368	937	58	4	20.00
9369	937	59	1	1.00
9370	937	60	9	63.00
9371	938	51	6	30.00
9372	938	52	42	210.00
9373	938	53	41	164.00
9374	938	54	48	48.00
9375	938	55	30	240.00
9376	938	56	10	40.00
9377	938	57	41	246.00
9378	938	58	13	65.00
9379	938	59	12	12.00
9380	938	60	32	224.00
9381	939	51	50	250.00
9382	939	52	37	185.00
9383	939	53	26	104.00
9384	939	54	16	16.00
9385	939	55	41	328.00
9386	939	56	38	152.00
9387	939	57	45	270.00
9388	939	58	49	245.00
9389	939	59	33	33.00
9390	939	60	12	84.00
9391	940	51	29	145.00
9392	940	52	50	250.00
9393	940	53	38	152.00
9394	940	54	18	18.00
9395	940	55	47	376.00
9396	940	56	20	80.00
9397	940	57	45	270.00
9398	940	58	38	190.00
9399	940	59	6	6.00
9400	940	60	9	63.00
9401	941	51	20	100.00
9402	941	52	38	190.00
9403	941	53	41	164.00
9404	941	54	27	27.00
9405	941	55	19	152.00
9406	941	56	33	132.00
9407	941	57	47	282.00
9408	941	58	32	160.00
9409	941	59	38	38.00
9410	941	60	6	42.00
9411	942	51	31	155.00
9412	942	52	49	245.00
9413	942	53	25	100.00
9414	942	54	8	8.00
9415	942	55	15	120.00
9416	942	56	30	120.00
9417	942	57	48	288.00
9418	942	58	39	195.00
9419	942	59	48	48.00
9420	942	60	21	147.00
9421	943	51	40	200.00
9422	943	52	31	155.00
9423	943	53	29	116.00
9424	943	54	45	45.00
9425	943	55	39	312.00
9426	943	56	37	148.00
9427	943	57	14	84.00
9428	943	58	23	115.00
9429	943	59	7	7.00
9430	943	60	11	77.00
9431	944	51	25	125.00
9432	944	52	49	245.00
9433	944	53	42	168.00
9434	944	54	41	41.00
9435	944	55	44	352.00
9436	944	56	7	28.00
9437	944	57	42	252.00
9438	944	58	40	200.00
9439	944	59	12	12.00
9440	944	60	11	77.00
9441	945	51	38	190.00
9442	945	52	3	15.00
9443	945	53	9	36.00
9444	945	54	40	40.00
9445	945	55	48	384.00
9446	945	56	43	172.00
9447	945	57	27	162.00
9448	945	58	7	35.00
9449	945	59	37	37.00
9450	945	60	7	49.00
9451	946	51	2	10.00
9452	946	52	16	80.00
9453	946	53	32	128.00
9454	946	54	6	6.00
9455	946	55	21	168.00
9456	946	56	33	132.00
9457	946	57	5	30.00
9458	946	58	15	75.00
9459	946	59	32	32.00
9460	946	60	20	140.00
9461	947	51	47	235.00
9462	947	52	12	60.00
9463	947	53	4	16.00
9464	947	54	22	22.00
9465	947	55	32	256.00
9466	947	56	42	168.00
9467	947	57	32	192.00
9468	947	58	46	230.00
9469	947	59	48	48.00
9470	947	60	50	350.00
9471	948	51	35	175.00
9472	948	52	46	230.00
9473	948	53	9	36.00
9474	948	54	47	47.00
9475	948	55	48	384.00
9476	948	56	27	108.00
9477	948	57	14	84.00
9478	948	58	26	130.00
9479	948	59	15	15.00
9480	948	60	10	70.00
9481	949	51	28	140.00
9482	949	52	19	95.00
9483	949	53	36	144.00
9484	949	54	26	26.00
9485	949	55	26	208.00
9486	949	56	36	144.00
9487	949	57	13	78.00
9488	949	58	7	35.00
9489	949	59	8	8.00
9490	949	60	21	147.00
9491	950	51	44	220.00
9492	950	52	34	170.00
9493	950	53	50	200.00
9494	950	54	25	25.00
9495	950	55	44	352.00
9496	950	56	17	68.00
9497	950	57	35	210.00
9498	950	58	25	125.00
9499	950	59	17	17.00
9500	950	60	16	112.00
9501	951	51	25	125.00
9502	951	52	22	110.00
9503	951	53	40	160.00
9504	951	54	21	21.00
9505	951	55	44	352.00
9506	951	56	8	32.00
9507	951	57	9	54.00
9508	951	58	41	205.00
9509	951	59	48	48.00
9510	951	60	1	7.00
9511	952	51	19	95.00
9512	952	52	33	165.00
9513	952	53	14	56.00
9514	952	54	37	37.00
9515	952	55	42	336.00
9516	952	56	7	28.00
9517	952	57	24	144.00
9518	952	58	49	245.00
9519	952	59	45	45.00
9520	952	60	23	161.00
9521	953	51	36	180.00
9522	953	52	43	215.00
9523	953	53	29	116.00
9524	953	54	8	8.00
9525	953	55	20	160.00
9526	953	56	32	128.00
9527	953	57	44	264.00
9528	953	58	11	55.00
9529	953	59	11	11.00
9530	953	60	34	238.00
9531	954	51	4	20.00
9532	954	52	24	120.00
9533	954	53	30	120.00
9534	954	54	33	33.00
9535	954	55	10	80.00
9536	954	56	4	16.00
9537	954	57	6	36.00
9538	954	58	11	55.00
9539	954	59	38	38.00
9540	954	60	30	210.00
9541	955	51	31	155.00
9542	955	52	35	175.00
9543	955	53	28	112.00
9544	955	54	27	27.00
9545	955	55	3	24.00
9546	955	56	3	12.00
9547	955	57	38	228.00
9548	955	58	29	145.00
9549	955	59	34	34.00
9550	955	60	22	154.00
9551	956	51	12	60.00
9552	956	52	20	100.00
9553	956	53	37	148.00
9554	956	54	27	27.00
9555	956	55	49	392.00
9556	956	56	20	80.00
9557	956	57	47	282.00
9558	956	58	34	170.00
9559	956	59	42	42.00
9560	956	60	48	336.00
9561	957	51	5	25.00
9562	957	52	48	240.00
9563	957	53	10	40.00
9564	957	54	46	46.00
9565	957	55	1	8.00
9566	957	56	44	176.00
9567	957	57	19	114.00
9568	957	58	19	95.00
9569	957	59	19	19.00
9570	957	60	33	231.00
9571	958	51	32	160.00
9572	958	52	47	235.00
9573	958	53	38	152.00
9574	958	54	36	36.00
9575	958	55	17	136.00
9576	958	56	38	152.00
9577	958	57	47	282.00
9578	958	58	23	115.00
9579	958	59	41	41.00
9580	958	60	8	56.00
9581	959	51	35	175.00
9582	959	52	14	70.00
9583	959	53	41	164.00
9584	959	54	31	31.00
9585	959	55	40	320.00
9586	959	56	49	196.00
9587	959	57	28	168.00
9588	959	58	34	170.00
9589	959	59	36	36.00
9590	959	60	3	21.00
9591	960	51	18	90.00
9592	960	52	20	100.00
9593	960	53	35	140.00
9594	960	54	19	19.00
9595	960	55	1	8.00
9596	960	56	15	60.00
9597	960	57	49	294.00
9598	960	58	27	135.00
9599	960	59	46	46.00
9600	960	60	6	42.00
9601	961	51	44	220.00
9602	961	52	17	85.00
9603	961	53	49	196.00
9604	961	54	38	38.00
9605	961	55	42	336.00
9606	961	56	23	92.00
9607	961	57	7	42.00
9608	961	58	45	225.00
9609	961	59	3	3.00
9610	961	60	2	14.00
9611	962	51	18	90.00
9612	962	52	11	55.00
9613	962	53	32	128.00
9614	962	54	22	22.00
9615	962	55	43	344.00
9616	962	56	21	84.00
9617	962	57	31	186.00
9618	962	58	4	20.00
9619	962	59	31	31.00
9620	962	60	42	294.00
9621	963	51	14	70.00
9622	963	52	1	5.00
9623	963	53	14	56.00
9624	963	54	24	24.00
9625	963	55	41	328.00
9626	963	56	9	36.00
9627	963	57	10	60.00
9628	963	58	25	125.00
9629	963	59	6	6.00
9630	963	60	38	266.00
9631	964	51	26	130.00
9632	964	52	3	15.00
9633	964	53	7	28.00
9634	964	54	39	39.00
9635	964	55	32	256.00
9636	964	56	29	116.00
9637	964	57	49	294.00
9638	964	58	1	5.00
9639	964	59	27	27.00
9640	964	60	21	147.00
9641	965	51	41	205.00
9642	965	52	42	210.00
9643	965	53	36	144.00
9644	965	54	7	7.00
9645	965	55	48	384.00
9646	965	56	9	36.00
9647	965	57	39	234.00
9648	965	58	25	125.00
9649	965	59	33	33.00
9650	965	60	40	280.00
9651	966	51	8	40.00
9652	966	52	17	85.00
9653	966	53	30	120.00
9654	966	54	4	4.00
9655	966	55	19	152.00
9656	966	56	2	8.00
9657	966	57	17	102.00
9658	966	58	15	75.00
9659	966	59	13	13.00
9660	966	60	40	280.00
9661	967	51	26	130.00
9662	967	52	31	155.00
9663	967	53	35	140.00
9664	967	54	50	50.00
9665	967	55	26	208.00
9666	967	56	47	188.00
9667	967	57	12	72.00
9668	967	58	16	80.00
9669	967	59	16	16.00
9670	967	60	29	203.00
9671	968	51	1	5.00
9672	968	52	41	205.00
9673	968	53	29	116.00
9674	968	54	48	48.00
9675	968	55	25	200.00
9676	968	56	50	200.00
9677	968	57	19	114.00
9678	968	58	39	195.00
9679	968	59	26	26.00
9680	968	60	39	273.00
9681	969	51	10	50.00
9682	969	52	26	130.00
9683	969	53	47	188.00
9684	969	54	8	8.00
9685	969	55	11	88.00
9686	969	56	39	156.00
9687	969	57	43	258.00
9688	969	58	34	170.00
9689	969	59	12	12.00
9690	969	60	36	252.00
9691	970	51	20	100.00
9692	970	52	45	225.00
9693	970	53	19	76.00
9694	970	54	47	47.00
9695	970	55	20	160.00
9696	970	56	20	80.00
9697	970	57	44	264.00
9698	970	58	21	105.00
9699	970	59	30	30.00
9700	970	60	33	231.00
9701	971	51	13	65.00
9702	971	52	25	125.00
9703	971	53	38	152.00
9704	971	54	22	22.00
9705	971	55	3	24.00
9706	971	56	42	168.00
9707	971	57	24	144.00
9708	971	58	11	55.00
9709	971	59	7	7.00
9710	971	60	18	126.00
9711	972	51	41	205.00
9712	972	52	29	145.00
9713	972	53	2	8.00
9714	972	54	32	32.00
9715	972	55	44	352.00
9716	972	56	14	56.00
9717	972	57	48	288.00
9718	972	58	16	80.00
9719	972	59	50	50.00
9720	972	60	34	238.00
9721	973	51	14	70.00
9722	973	52	46	230.00
9723	973	53	18	72.00
9724	973	54	47	47.00
9725	973	55	2	16.00
9726	973	56	41	164.00
9727	973	57	28	168.00
9728	973	58	25	125.00
9729	973	59	9	9.00
9730	973	60	26	182.00
9731	974	51	43	215.00
9732	974	52	41	205.00
9733	974	53	7	28.00
9734	974	54	39	39.00
9735	974	55	8	64.00
9736	974	56	27	108.00
9737	974	57	34	204.00
9738	974	58	10	50.00
9739	974	59	39	39.00
9740	974	60	19	133.00
9741	975	51	27	135.00
9742	975	52	31	155.00
9743	975	53	44	176.00
9744	975	54	49	49.00
9745	975	55	15	120.00
9746	975	56	3	12.00
9747	975	57	41	246.00
9748	975	58	37	185.00
9749	975	59	8	8.00
9750	975	60	46	322.00
9751	976	51	29	145.00
9752	976	52	25	125.00
9753	976	53	46	184.00
9754	976	54	15	15.00
9755	976	55	8	64.00
9756	976	56	13	52.00
9757	976	57	41	246.00
9758	976	58	6	30.00
9759	976	59	40	40.00
9760	976	60	6	42.00
9761	977	51	4	20.00
9762	977	52	29	145.00
9763	977	53	36	144.00
9764	977	54	41	41.00
9765	977	55	7	56.00
9766	977	56	25	100.00
9767	977	57	37	222.00
9768	977	58	39	195.00
9769	977	59	42	42.00
9770	977	60	1	7.00
9771	978	51	37	185.00
9772	978	52	20	100.00
9773	978	53	23	92.00
9774	978	54	23	23.00
9775	978	55	19	152.00
9776	978	56	27	108.00
9777	978	57	6	36.00
9778	978	58	3	15.00
9779	978	59	31	31.00
9780	978	60	27	189.00
9781	979	51	18	90.00
9782	979	52	21	105.00
9783	979	53	28	112.00
9784	979	54	4	4.00
9785	979	55	28	224.00
9786	979	56	34	136.00
9787	979	57	31	186.00
9788	979	58	18	90.00
9789	979	59	37	37.00
9790	979	60	43	301.00
9791	980	51	14	70.00
9792	980	52	32	160.00
9793	980	53	32	128.00
9794	980	54	49	49.00
9795	980	55	11	88.00
9796	980	56	21	84.00
9797	980	57	31	186.00
9798	980	58	45	225.00
9799	980	59	37	37.00
9800	980	60	20	140.00
9801	981	51	5	25.00
9802	981	52	15	75.00
9803	981	53	45	180.00
9804	981	54	9	9.00
9805	981	55	3	24.00
9806	981	56	48	192.00
9807	981	57	5	30.00
9808	981	58	13	65.00
9809	981	59	2	2.00
9810	981	60	39	273.00
9811	982	51	42	210.00
9812	982	52	19	95.00
9813	982	53	25	100.00
9814	982	54	43	43.00
9815	982	55	45	360.00
9816	982	56	14	56.00
9817	982	57	47	282.00
9818	982	58	47	235.00
9819	982	59	43	43.00
9820	982	60	50	350.00
9821	983	51	19	95.00
9822	983	52	12	60.00
9823	983	53	7	28.00
9824	983	54	44	44.00
9825	983	55	27	216.00
9826	983	56	13	52.00
9827	983	57	23	138.00
9828	983	58	4	20.00
9829	983	59	26	26.00
9830	983	60	46	322.00
9831	984	51	9	45.00
9832	984	52	22	110.00
9833	984	53	33	132.00
9834	984	54	26	26.00
9835	984	55	11	88.00
9836	984	56	14	56.00
9837	984	57	44	264.00
9838	984	58	36	180.00
9839	984	59	30	30.00
9840	984	60	27	189.00
9841	985	51	47	235.00
9842	985	52	9	45.00
9843	985	53	39	156.00
9844	985	54	49	49.00
9845	985	55	45	360.00
9846	985	56	29	116.00
9847	985	57	32	192.00
9848	985	58	46	230.00
9849	985	59	27	27.00
9850	985	60	8	56.00
9851	986	51	49	245.00
9852	986	52	5	25.00
9853	986	53	38	152.00
9854	986	54	2	2.00
9855	986	55	35	280.00
9856	986	56	16	64.00
9857	986	57	50	300.00
9858	986	58	10	50.00
9859	986	59	9	9.00
9860	986	60	15	105.00
9861	987	51	46	230.00
9862	987	52	39	195.00
9863	987	53	43	172.00
9864	987	54	5	5.00
9865	987	55	11	88.00
9866	987	56	41	164.00
9867	987	57	7	42.00
9868	987	58	48	240.00
9869	987	59	20	20.00
9870	987	60	43	301.00
9871	988	51	24	120.00
9872	988	52	2	10.00
9873	988	53	39	156.00
9874	988	54	8	8.00
9875	988	55	26	208.00
9876	988	56	42	168.00
9877	988	57	29	174.00
9878	988	58	13	65.00
9879	988	59	11	11.00
9880	988	60	10	70.00
9881	989	51	28	140.00
9882	989	52	43	215.00
9883	989	53	16	64.00
9884	989	54	13	13.00
9885	989	55	19	152.00
9886	989	56	26	104.00
9887	989	57	29	174.00
9888	989	58	36	180.00
9889	989	59	38	38.00
9890	989	60	41	287.00
9891	990	51	48	240.00
9892	990	52	43	215.00
9893	990	53	10	40.00
9894	990	54	17	17.00
9895	990	55	47	376.00
9896	990	56	49	196.00
9897	990	57	27	162.00
9898	990	58	50	250.00
9899	990	59	35	35.00
9900	990	60	34	238.00
9901	991	51	14	70.00
9902	991	52	13	65.00
9903	991	53	3	12.00
9904	991	54	7	7.00
9905	991	55	16	128.00
9906	991	56	31	124.00
9907	991	57	17	102.00
9908	991	58	37	185.00
9909	991	59	31	31.00
9910	991	60	50	350.00
9911	992	51	21	105.00
9912	992	52	48	240.00
9913	992	53	30	120.00
9914	992	54	37	37.00
9915	992	55	1	8.00
9916	992	56	31	124.00
9917	992	57	11	66.00
9918	992	58	30	150.00
9919	992	59	45	45.00
9920	992	60	39	273.00
9921	993	51	42	210.00
9922	993	52	12	60.00
9923	993	53	21	84.00
9924	993	54	31	31.00
9925	993	55	42	336.00
9926	993	56	18	72.00
9927	993	57	28	168.00
9928	993	58	1	5.00
9929	993	59	24	24.00
9930	993	60	26	182.00
9931	994	51	13	65.00
9932	994	52	11	55.00
9933	994	53	15	60.00
9934	994	54	24	24.00
9935	994	55	33	264.00
9936	994	56	29	116.00
9937	994	57	19	114.00
9938	994	58	26	130.00
9939	994	59	3	3.00
9940	994	60	47	329.00
9941	995	51	19	95.00
9942	995	52	38	190.00
9943	995	53	17	68.00
9944	995	54	23	23.00
9945	995	55	27	216.00
9946	995	56	31	124.00
9947	995	57	34	204.00
9948	995	58	30	150.00
9949	995	59	49	49.00
9950	995	60	19	133.00
9951	996	51	37	185.00
9952	996	52	16	80.00
9953	996	53	19	76.00
9954	996	54	6	6.00
9955	996	55	31	248.00
9956	996	56	32	128.00
9957	996	57	40	240.00
9958	996	58	6	30.00
9959	996	59	39	39.00
9960	996	60	42	294.00
9961	997	51	25	125.00
9962	997	52	29	145.00
9963	997	53	50	200.00
9964	997	54	40	40.00
9965	997	55	5	40.00
9966	997	56	26	104.00
9967	997	57	48	288.00
9968	997	58	35	175.00
9969	997	59	8	8.00
9970	997	60	39	273.00
9971	998	51	36	180.00
9972	998	52	30	150.00
9973	998	53	4	16.00
9974	998	54	41	41.00
9975	998	55	38	304.00
9976	998	56	6	24.00
9977	998	57	23	138.00
9978	998	58	44	220.00
9979	998	59	33	33.00
9980	998	60	35	245.00
9981	999	51	28	140.00
9982	999	52	21	105.00
9983	999	53	31	124.00
9984	999	54	41	41.00
9985	999	55	37	296.00
9986	999	56	22	88.00
9987	999	57	31	186.00
9988	999	58	21	105.00
9989	999	59	19	19.00
9990	999	60	13	91.00
9991	1000	51	50	250.00
9992	1000	52	34	170.00
9993	1000	53	44	176.00
9994	1000	54	7	7.00
9995	1000	55	2	16.00
9996	1000	56	10	40.00
9997	1000	57	47	282.00
9998	1000	58	13	65.00
9999	1000	59	15	15.00
10000	1000	60	45	315.00
10001	1001	51	19	95.00
10002	1001	52	23	115.00
10003	1001	53	2	8.00
10004	1001	54	10	10.00
10005	1001	55	4	32.00
10006	1001	56	6	24.00
10007	1001	57	10	60.00
10008	1001	58	7	35.00
10009	1001	59	26	26.00
10010	1001	60	49	343.00
10011	1002	51	47	235.00
10012	1002	52	15	75.00
10013	1002	53	39	156.00
10014	1002	54	3	3.00
10015	1002	55	34	272.00
10016	1002	56	21	84.00
10017	1002	57	9	54.00
10018	1002	58	15	75.00
10019	1002	59	29	29.00
10020	1002	60	24	168.00
10021	1003	51	2	10.00
10022	1003	52	25	125.00
10023	1003	53	30	120.00
10024	1003	54	44	44.00
10025	1003	55	50	400.00
10026	1003	56	7	28.00
10027	1003	57	42	252.00
10028	1003	58	32	160.00
10029	1003	59	35	35.00
10030	1003	60	31	217.00
10031	1004	51	37	185.00
10032	1004	52	32	160.00
10033	1004	53	30	120.00
10034	1004	54	19	19.00
10035	1004	55	11	88.00
10036	1004	56	41	164.00
10037	1004	57	6	36.00
10038	1004	58	25	125.00
10039	1004	59	17	17.00
10040	1004	60	11	77.00
10041	1005	51	30	150.00
10042	1005	52	48	240.00
10043	1005	53	28	112.00
10044	1005	54	16	16.00
10045	1005	55	13	104.00
10046	1005	56	30	120.00
10047	1005	57	17	102.00
10048	1005	58	22	110.00
10049	1005	59	15	15.00
10050	1005	60	26	182.00
10051	1006	51	43	215.00
10052	1006	52	4	20.00
10053	1006	53	11	44.00
10054	1006	54	50	50.00
10055	1006	55	2	16.00
10056	1006	56	12	48.00
10057	1006	57	1	6.00
10058	1006	58	1	5.00
10059	1006	59	8	8.00
10060	1006	60	22	154.00
10061	1007	51	13	65.00
10062	1007	52	21	105.00
10063	1007	53	2	8.00
10064	1007	54	39	39.00
10065	1007	55	26	208.00
10066	1007	56	12	48.00
10067	1007	57	11	66.00
10068	1007	58	30	150.00
10069	1007	59	47	47.00
10070	1007	60	16	112.00
10071	1008	51	46	230.00
10072	1008	52	33	165.00
10073	1008	53	28	112.00
10074	1008	54	48	48.00
10075	1008	55	9	72.00
10076	1008	56	19	76.00
10077	1008	57	27	162.00
10078	1008	58	44	220.00
10079	1008	59	14	14.00
10080	1008	60	32	224.00
10081	1009	51	8	40.00
10082	1009	52	38	190.00
10083	1009	53	5	20.00
10084	1009	54	47	47.00
10085	1009	55	27	216.00
10086	1009	56	47	188.00
10087	1009	57	17	102.00
10088	1009	58	7	35.00
10089	1009	59	39	39.00
10090	1009	60	8	56.00
10091	1010	51	37	185.00
10092	1010	52	36	180.00
10093	1010	53	37	148.00
10094	1010	54	45	45.00
10095	1010	55	13	104.00
10096	1010	56	3	12.00
10097	1010	57	24	144.00
10098	1010	58	48	240.00
10099	1010	59	46	46.00
10100	1010	60	41	287.00
10101	1011	51	2	10.00
10102	1011	52	41	205.00
10103	1011	53	33	132.00
10104	1011	54	2	2.00
10105	1011	55	5	40.00
10106	1011	56	34	136.00
10107	1011	57	5	30.00
10108	1011	58	14	70.00
10109	1011	59	37	37.00
10110	1011	60	35	245.00
10111	1012	51	35	175.00
10112	1012	52	36	180.00
10113	1012	53	7	28.00
10114	1012	54	50	50.00
10115	1012	55	42	336.00
10116	1012	56	7	28.00
10117	1012	57	43	258.00
10118	1012	58	33	165.00
10119	1012	59	50	50.00
10120	1012	60	47	329.00
10121	1013	51	14	70.00
10122	1013	52	32	160.00
10123	1013	53	46	184.00
10124	1013	54	20	20.00
10125	1013	55	42	336.00
10126	1013	56	28	112.00
10127	1013	57	42	252.00
10128	1013	58	29	145.00
10129	1013	59	34	34.00
10130	1013	60	25	175.00
10131	1014	51	26	130.00
10132	1014	52	48	240.00
10133	1014	53	48	192.00
10134	1014	54	27	27.00
10135	1014	55	25	200.00
10136	1014	56	20	80.00
10137	1014	57	49	294.00
10138	1014	58	17	85.00
10139	1014	59	22	22.00
10140	1014	60	39	273.00
10141	1015	51	19	95.00
10142	1015	52	39	195.00
10143	1015	53	2	8.00
10144	1015	54	37	37.00
10145	1015	55	30	240.00
10146	1015	56	47	188.00
10147	1015	57	38	228.00
10148	1015	58	4	20.00
10149	1015	59	43	43.00
10150	1015	60	27	189.00
10151	1016	51	48	240.00
10152	1016	52	43	215.00
10153	1016	53	13	52.00
10154	1016	54	29	29.00
10155	1016	55	24	192.00
10156	1016	56	11	44.00
10157	1016	57	24	144.00
10158	1016	58	21	105.00
10159	1016	59	13	13.00
10160	1016	60	41	287.00
10161	1017	51	24	120.00
10162	1017	52	17	85.00
10163	1017	53	3	12.00
10164	1017	54	22	22.00
10165	1017	55	37	296.00
10166	1017	56	43	172.00
10167	1017	57	48	288.00
10168	1017	58	36	180.00
10169	1017	59	23	23.00
10170	1017	60	7	49.00
10171	1018	51	10	50.00
10172	1018	52	45	225.00
10173	1018	53	13	52.00
10174	1018	54	46	46.00
10175	1018	55	46	368.00
10176	1018	56	32	128.00
10177	1018	57	49	294.00
10178	1018	58	36	180.00
10179	1018	59	43	43.00
10180	1018	60	18	126.00
10181	1019	51	29	145.00
10182	1019	52	24	120.00
10183	1019	53	15	60.00
10184	1019	54	33	33.00
10185	1019	55	37	296.00
10186	1019	56	48	192.00
10187	1019	57	9	54.00
10188	1019	58	42	210.00
10189	1019	59	6	6.00
10190	1019	60	23	161.00
10191	1020	51	44	220.00
10192	1020	52	4	20.00
10193	1020	53	29	116.00
10194	1020	54	35	35.00
10195	1020	55	40	320.00
10196	1020	56	47	188.00
10197	1020	57	28	168.00
10198	1020	58	18	90.00
10199	1020	59	38	38.00
10200	1020	60	36	252.00
10201	1021	51	44	220.00
10202	1021	52	8	40.00
10203	1021	53	2	8.00
10204	1021	54	30	30.00
10205	1021	55	17	136.00
10206	1021	56	32	128.00
10207	1021	57	36	216.00
10208	1021	58	28	140.00
10209	1021	59	4	4.00
10210	1021	60	2	14.00
10211	1022	51	43	215.00
10212	1022	52	48	240.00
10213	1022	53	17	68.00
10214	1022	54	23	23.00
10215	1022	55	16	128.00
10216	1022	56	13	52.00
10217	1022	57	49	294.00
10218	1022	58	33	165.00
10219	1022	59	17	17.00
10220	1022	60	10	70.00
10221	1023	51	6	30.00
10222	1023	52	24	120.00
10223	1023	53	50	200.00
10224	1023	54	9	9.00
10225	1023	55	8	64.00
10226	1023	56	46	184.00
10227	1023	57	7	42.00
10228	1023	58	28	140.00
10229	1023	59	7	7.00
10230	1023	60	11	77.00
10231	1024	51	7	35.00
10232	1024	52	31	155.00
10233	1024	53	50	200.00
10234	1024	54	23	23.00
10235	1024	55	23	184.00
10236	1024	56	22	88.00
10237	1024	57	31	186.00
10238	1024	58	35	175.00
10239	1024	59	16	16.00
10240	1024	60	46	322.00
10241	1025	51	5	25.00
10242	1025	52	48	240.00
10243	1025	53	50	200.00
10244	1025	54	38	38.00
10245	1025	55	44	352.00
10246	1025	56	32	128.00
10247	1025	57	29	174.00
10248	1025	58	7	35.00
10249	1025	59	12	12.00
10250	1025	60	3	21.00
10251	1026	51	38	190.00
10252	1026	52	20	100.00
10253	1026	53	22	88.00
10254	1026	54	49	49.00
10255	1026	55	30	240.00
10256	1026	56	44	176.00
10257	1026	57	43	258.00
10258	1026	58	43	215.00
10259	1026	59	22	22.00
10260	1026	60	7	49.00
10261	1027	51	19	95.00
10262	1027	52	47	235.00
10263	1027	53	30	120.00
10264	1027	54	7	7.00
10265	1027	55	22	176.00
10266	1027	56	36	144.00
10267	1027	57	9	54.00
10268	1027	58	15	75.00
10269	1027	59	17	17.00
10270	1027	60	25	175.00
10271	1028	51	5	25.00
10272	1028	52	1	5.00
10273	1028	53	12	48.00
10274	1028	54	35	35.00
10275	1028	55	1	8.00
10276	1028	56	10	40.00
10277	1028	57	28	168.00
10278	1028	58	5	25.00
10279	1028	59	29	29.00
10280	1028	60	39	273.00
10281	1029	51	33	165.00
10282	1029	52	19	95.00
10283	1029	53	12	48.00
10284	1029	54	42	42.00
10285	1029	55	41	328.00
10286	1029	56	23	92.00
10287	1029	57	11	66.00
10288	1029	58	29	145.00
10289	1029	59	30	30.00
10290	1029	60	21	147.00
10291	1030	51	3	15.00
10292	1030	52	13	65.00
10293	1030	53	16	64.00
10294	1030	54	7	7.00
10295	1030	55	10	80.00
10296	1030	56	24	96.00
10297	1030	57	39	234.00
10298	1030	58	9	45.00
10299	1030	59	3	3.00
10300	1030	60	47	329.00
10301	1031	51	6	30.00
10302	1031	52	37	185.00
10303	1031	53	40	160.00
10304	1031	54	17	17.00
10305	1031	55	46	368.00
10306	1031	56	48	192.00
10307	1031	57	17	102.00
10308	1031	58	16	80.00
10309	1031	59	14	14.00
10310	1031	60	4	28.00
10311	1032	51	11	55.00
10312	1032	52	21	105.00
10313	1032	53	38	152.00
10314	1032	54	17	17.00
10315	1032	55	4	32.00
10316	1032	56	2	8.00
10317	1032	57	20	120.00
10318	1032	58	15	75.00
10319	1032	59	9	9.00
10320	1032	60	20	140.00
10321	1033	51	11	55.00
10322	1033	52	1	5.00
10323	1033	53	31	124.00
10324	1033	54	19	19.00
10325	1033	55	29	232.00
10326	1033	56	12	48.00
10327	1033	57	26	156.00
10328	1033	58	50	250.00
10329	1033	59	2	2.00
10330	1033	60	26	182.00
10331	1034	51	20	100.00
10332	1034	52	23	115.00
10333	1034	53	16	64.00
10334	1034	54	47	47.00
10335	1034	55	27	216.00
10336	1034	56	13	52.00
10337	1034	57	1	6.00
10338	1034	58	45	225.00
10339	1034	59	44	44.00
10340	1034	60	10	70.00
10341	1035	51	2	10.00
10342	1035	52	9	45.00
10343	1035	53	35	140.00
10344	1035	54	9	9.00
10345	1035	55	24	192.00
10346	1035	56	27	108.00
10347	1035	57	1	6.00
10348	1035	58	42	210.00
10349	1035	59	21	21.00
10350	1035	60	34	238.00
10351	1036	51	34	170.00
10352	1036	52	23	115.00
10353	1036	53	33	132.00
10354	1036	54	30	30.00
10355	1036	55	28	224.00
10356	1036	56	20	80.00
10357	1036	57	15	90.00
10358	1036	58	21	105.00
10359	1036	59	29	29.00
10360	1036	60	29	203.00
10361	1037	51	7	35.00
10362	1037	52	22	110.00
10363	1037	53	36	144.00
10364	1037	54	15	15.00
10365	1037	55	1	8.00
10366	1037	56	37	148.00
10367	1037	57	24	144.00
10368	1037	58	35	175.00
10369	1037	59	9	9.00
10370	1037	60	19	133.00
10371	1038	51	22	110.00
10372	1038	52	19	95.00
10373	1038	53	38	152.00
10374	1038	54	38	38.00
10375	1038	55	41	328.00
10376	1038	56	9	36.00
10377	1038	57	49	294.00
10378	1038	58	5	25.00
10379	1038	59	29	29.00
10380	1038	60	18	126.00
10381	1039	51	34	170.00
10382	1039	52	26	130.00
10383	1039	53	50	200.00
10384	1039	54	13	13.00
10385	1039	55	28	224.00
10386	1039	56	11	44.00
10387	1039	57	23	138.00
10388	1039	58	10	50.00
10389	1039	59	19	19.00
10390	1039	60	45	315.00
10391	1040	51	3	15.00
10392	1040	52	20	100.00
10393	1040	53	20	80.00
10394	1040	54	19	19.00
10395	1040	55	11	88.00
10396	1040	56	29	116.00
10397	1040	57	15	90.00
10398	1040	58	49	245.00
10399	1040	59	14	14.00
10400	1040	60	27	189.00
10401	1041	51	50	250.00
10402	1041	52	40	200.00
10403	1041	53	41	164.00
10404	1041	54	8	8.00
10405	1041	55	3	24.00
10406	1041	56	42	168.00
10407	1041	57	33	198.00
10408	1041	58	48	240.00
10409	1041	59	50	50.00
10410	1041	60	34	238.00
10411	1042	51	21	105.00
10412	1042	52	50	250.00
10413	1042	53	3	12.00
10414	1042	54	47	47.00
10415	1042	55	21	168.00
10416	1042	56	36	144.00
10417	1042	57	13	78.00
10418	1042	58	42	210.00
10419	1042	59	24	24.00
10420	1042	60	48	336.00
10421	1043	51	14	70.00
10422	1043	52	31	155.00
10423	1043	53	23	92.00
10424	1043	54	37	37.00
10425	1043	55	8	64.00
10426	1043	56	13	52.00
10427	1043	57	29	174.00
10428	1043	58	8	40.00
10429	1043	59	14	14.00
10430	1043	60	23	161.00
10431	1044	51	5	25.00
10432	1044	52	2	10.00
10433	1044	53	33	132.00
10434	1044	54	12	12.00
10435	1044	55	24	192.00
10436	1044	56	21	84.00
10437	1044	57	44	264.00
10438	1044	58	23	115.00
10439	1044	59	44	44.00
10440	1044	60	16	112.00
10441	1045	51	41	205.00
10442	1045	52	27	135.00
10443	1045	53	12	48.00
10444	1045	54	32	32.00
10445	1045	55	30	240.00
10446	1045	56	30	120.00
10447	1045	57	13	78.00
10448	1045	58	19	95.00
10449	1045	59	40	40.00
10450	1045	60	26	182.00
10451	1046	51	47	235.00
10452	1046	52	28	140.00
10453	1046	53	35	140.00
10454	1046	54	39	39.00
10455	1046	55	21	168.00
10456	1046	56	13	52.00
10457	1046	57	5	30.00
10458	1046	58	4	20.00
10459	1046	59	43	43.00
10460	1046	60	48	336.00
10461	1047	51	20	100.00
10462	1047	52	31	155.00
10463	1047	53	29	116.00
10464	1047	54	2	2.00
10465	1047	55	21	168.00
10466	1047	56	45	180.00
10467	1047	57	46	276.00
10468	1047	58	31	155.00
10469	1047	59	44	44.00
10470	1047	60	35	245.00
10471	1048	51	44	220.00
10472	1048	52	39	195.00
10473	1048	53	9	36.00
10474	1048	54	24	24.00
10475	1048	55	19	152.00
10476	1048	56	46	184.00
10477	1048	57	8	48.00
10478	1048	58	9	45.00
10479	1048	59	18	18.00
10480	1048	60	34	238.00
10481	1049	51	10	50.00
10482	1049	52	5	25.00
10483	1049	53	26	104.00
10484	1049	54	22	22.00
10485	1049	55	31	248.00
10486	1049	56	22	88.00
10487	1049	57	34	204.00
10488	1049	58	3	15.00
10489	1049	59	41	41.00
10490	1049	60	36	252.00
10491	1050	51	6	30.00
10492	1050	52	13	65.00
10493	1050	53	37	148.00
10494	1050	54	14	14.00
10495	1050	55	38	304.00
10496	1050	56	7	28.00
10497	1050	57	24	144.00
10498	1050	58	49	245.00
10499	1050	59	10	10.00
10500	1050	60	28	196.00
10501	1051	51	16	80.00
10502	1051	52	34	170.00
10503	1051	53	34	136.00
10504	1051	54	4	4.00
10505	1051	55	15	120.00
10506	1051	56	50	200.00
10507	1051	57	8	48.00
10508	1051	58	48	240.00
10509	1051	59	20	20.00
10510	1051	60	43	301.00
10511	1052	51	24	120.00
10512	1052	52	25	125.00
10513	1052	53	23	92.00
10514	1052	54	31	31.00
10515	1052	55	40	320.00
10516	1052	56	16	64.00
10517	1052	57	13	78.00
10518	1052	58	41	205.00
10519	1052	59	35	35.00
10520	1052	60	38	266.00
10521	1053	51	11	55.00
10522	1053	52	47	235.00
10523	1053	53	25	100.00
10524	1053	54	28	28.00
10525	1053	55	19	152.00
10526	1053	56	14	56.00
10527	1053	57	12	72.00
10528	1053	58	36	180.00
10529	1053	59	25	25.00
10530	1053	60	33	231.00
10531	1054	51	16	80.00
10532	1054	52	11	55.00
10533	1054	53	50	200.00
10534	1054	54	15	15.00
10535	1054	55	37	296.00
10536	1054	56	38	152.00
10537	1054	57	46	276.00
10538	1054	58	2	10.00
10539	1054	59	31	31.00
10540	1054	60	48	336.00
10541	1055	51	32	160.00
10542	1055	52	40	200.00
10543	1055	53	10	40.00
10544	1055	54	14	14.00
10545	1055	55	40	320.00
10546	1055	56	20	80.00
10547	1055	57	38	228.00
10548	1055	58	1	5.00
10549	1055	59	4	4.00
10550	1055	60	47	329.00
10551	1056	51	25	125.00
10552	1056	52	26	130.00
10553	1056	53	43	172.00
10554	1056	54	33	33.00
10555	1056	55	19	152.00
10556	1056	56	6	24.00
10557	1056	57	42	252.00
10558	1056	58	25	125.00
10559	1056	59	30	30.00
10560	1056	60	6	42.00
10561	1057	51	46	230.00
10562	1057	52	20	100.00
10563	1057	53	46	184.00
10564	1057	54	2	2.00
10565	1057	55	24	192.00
10566	1057	56	16	64.00
10567	1057	57	10	60.00
10568	1057	58	25	125.00
10569	1057	59	4	4.00
10570	1057	60	28	196.00
10571	1058	51	17	85.00
10572	1058	52	39	195.00
10573	1058	53	17	68.00
10574	1058	54	13	13.00
10575	1058	55	39	312.00
10576	1058	56	44	176.00
10577	1058	57	44	264.00
10578	1058	58	32	160.00
10579	1058	59	2	2.00
10580	1058	60	44	308.00
10581	1059	51	38	190.00
10582	1059	52	4	20.00
10583	1059	53	12	48.00
10584	1059	54	29	29.00
10585	1059	55	37	296.00
10586	1059	56	41	164.00
10587	1059	57	23	138.00
10588	1059	58	19	95.00
10589	1059	59	6	6.00
10590	1059	60	21	147.00
10591	1060	51	20	100.00
10592	1060	52	38	190.00
10593	1060	53	36	144.00
10594	1060	54	44	44.00
10595	1060	55	29	232.00
10596	1060	56	21	84.00
10597	1060	57	7	42.00
10598	1060	58	27	135.00
10599	1060	59	39	39.00
10600	1060	60	4	28.00
10601	1061	51	16	80.00
10602	1061	52	14	70.00
10603	1061	53	31	124.00
10604	1061	54	14	14.00
10605	1061	55	43	344.00
10606	1061	56	25	100.00
10607	1061	57	20	120.00
10608	1061	58	25	125.00
10609	1061	59	13	13.00
10610	1061	60	8	56.00
10611	1062	51	19	95.00
10612	1062	52	12	60.00
10613	1062	53	32	128.00
10614	1062	54	44	44.00
10615	1062	55	30	240.00
10616	1062	56	3	12.00
10617	1062	57	27	162.00
10618	1062	58	29	145.00
10619	1062	59	44	44.00
10620	1062	60	16	112.00
10621	1063	51	41	205.00
10622	1063	52	34	170.00
10623	1063	53	43	172.00
10624	1063	54	37	37.00
10625	1063	55	50	400.00
10626	1063	56	20	80.00
10627	1063	57	11	66.00
10628	1063	58	28	140.00
10629	1063	59	10	10.00
10630	1063	60	1	7.00
10631	1064	51	34	170.00
10632	1064	52	33	165.00
10633	1064	53	35	140.00
10634	1064	54	44	44.00
10635	1064	55	26	208.00
10636	1064	56	11	44.00
10637	1064	57	3	18.00
10638	1064	58	4	20.00
10639	1064	59	27	27.00
10640	1064	60	41	287.00
10641	1065	51	17	85.00
10642	1065	52	46	230.00
10643	1065	53	19	76.00
10644	1065	54	4	4.00
10645	1065	55	36	288.00
10646	1065	56	18	72.00
10647	1065	57	42	252.00
10648	1065	58	16	80.00
10649	1065	59	35	35.00
10650	1065	60	19	133.00
10651	1066	51	3	15.00
10652	1066	52	2	10.00
10653	1066	53	24	96.00
10654	1066	54	29	29.00
10655	1066	55	49	392.00
10656	1066	56	31	124.00
10657	1066	57	12	72.00
10658	1066	58	33	165.00
10659	1066	59	28	28.00
10660	1066	60	31	217.00
10661	1067	51	29	145.00
10662	1067	52	15	75.00
10663	1067	53	20	80.00
10664	1067	54	10	10.00
10665	1067	55	13	104.00
10666	1067	56	33	132.00
10667	1067	57	8	48.00
10668	1067	58	37	185.00
10669	1067	59	14	14.00
10670	1067	60	11	77.00
10671	1068	51	22	110.00
10672	1068	52	19	95.00
10673	1068	53	34	136.00
10674	1068	54	6	6.00
10675	1068	55	43	344.00
10676	1068	56	8	32.00
10677	1068	57	28	168.00
10678	1068	58	29	145.00
10679	1068	59	18	18.00
10680	1068	60	48	336.00
10681	1069	51	31	155.00
10682	1069	52	32	160.00
10683	1069	53	36	144.00
10684	1069	54	45	45.00
10685	1069	55	29	232.00
10686	1069	56	12	48.00
10687	1069	57	12	72.00
10688	1069	58	18	90.00
10689	1069	59	28	28.00
10690	1069	60	22	154.00
10691	1070	51	16	80.00
10692	1070	52	3	15.00
10693	1070	53	33	132.00
10694	1070	54	31	31.00
10695	1070	55	26	208.00
10696	1070	56	25	100.00
10697	1070	57	19	114.00
10698	1070	58	13	65.00
10699	1070	59	17	17.00
10700	1070	60	14	98.00
10701	1071	51	2	10.00
10702	1071	52	50	250.00
10703	1071	53	8	32.00
10704	1071	54	11	11.00
10705	1071	55	49	392.00
10706	1071	56	35	140.00
10707	1071	57	35	210.00
10708	1071	58	27	135.00
10709	1071	59	15	15.00
10710	1071	60	22	154.00
10711	1072	51	21	105.00
10712	1072	52	35	175.00
10713	1072	53	33	132.00
10714	1072	54	25	25.00
10715	1072	55	39	312.00
10716	1072	56	37	148.00
10717	1072	57	50	300.00
10718	1072	58	35	175.00
10719	1072	59	17	17.00
10720	1072	60	20	140.00
10721	1073	51	48	240.00
10722	1073	52	28	140.00
10723	1073	53	11	44.00
10724	1073	54	21	21.00
10725	1073	55	40	320.00
10726	1073	56	37	148.00
10727	1073	57	50	300.00
10728	1073	58	38	190.00
10729	1073	59	32	32.00
10730	1073	60	24	168.00
10731	1074	51	25	125.00
10732	1074	52	50	250.00
10733	1074	53	32	128.00
10734	1074	54	24	24.00
10735	1074	55	6	48.00
10736	1074	56	16	64.00
10737	1074	57	38	228.00
10738	1074	58	34	170.00
10739	1074	59	18	18.00
10740	1074	60	13	91.00
10741	1075	51	48	240.00
10742	1075	52	34	170.00
10743	1075	53	15	60.00
10744	1075	54	22	22.00
10745	1075	55	16	128.00
10746	1075	56	13	52.00
10747	1075	57	13	78.00
10748	1075	58	13	65.00
10749	1075	59	31	31.00
10750	1075	60	44	308.00
10751	1076	51	11	55.00
10752	1076	52	1	5.00
10753	1076	53	35	140.00
10754	1076	54	37	37.00
10755	1076	55	14	112.00
10756	1076	56	6	24.00
10757	1076	57	24	144.00
10758	1076	58	32	160.00
10759	1076	59	40	40.00
10760	1076	60	19	133.00
10761	1077	51	45	225.00
10762	1077	52	9	45.00
10763	1077	53	44	176.00
10764	1077	54	27	27.00
10765	1077	55	44	352.00
10766	1077	56	7	28.00
10767	1077	57	10	60.00
10768	1077	58	15	75.00
10769	1077	59	2	2.00
10770	1077	60	27	189.00
10771	1078	51	27	135.00
10772	1078	52	20	100.00
10773	1078	53	47	188.00
10774	1078	54	50	50.00
10775	1078	55	29	232.00
10776	1078	56	36	144.00
10777	1078	57	16	96.00
10778	1078	58	41	205.00
10779	1078	59	16	16.00
10780	1078	60	34	238.00
10781	1079	51	23	115.00
10782	1079	52	20	100.00
10783	1079	53	18	72.00
10784	1079	54	35	35.00
10785	1079	55	4	32.00
10786	1079	56	46	184.00
10787	1079	57	50	300.00
10788	1079	58	32	160.00
10789	1079	59	7	7.00
10790	1079	60	34	238.00
10791	1080	51	23	115.00
10792	1080	52	49	245.00
10793	1080	53	9	36.00
10794	1080	54	23	23.00
10795	1080	55	40	320.00
10796	1080	56	23	92.00
10797	1080	57	17	102.00
10798	1080	58	21	105.00
10799	1080	59	21	21.00
10800	1080	60	40	280.00
10801	1081	51	43	215.00
10802	1081	52	33	165.00
10803	1081	53	14	56.00
10804	1081	54	30	30.00
10805	1081	55	33	264.00
10806	1081	56	46	184.00
10807	1081	57	12	72.00
10808	1081	58	1	5.00
10809	1081	59	20	20.00
10810	1081	60	49	343.00
10811	1082	51	39	195.00
10812	1082	52	44	220.00
10813	1082	53	23	92.00
10814	1082	54	15	15.00
10815	1082	55	5	40.00
10816	1082	56	50	200.00
10817	1082	57	14	84.00
10818	1082	58	50	250.00
10819	1082	59	34	34.00
10820	1082	60	31	217.00
10821	1083	51	29	145.00
10822	1083	52	43	215.00
10823	1083	53	30	120.00
10824	1083	54	40	40.00
10825	1083	55	6	48.00
10826	1083	56	43	172.00
10827	1083	57	44	264.00
10828	1083	58	28	140.00
10829	1083	59	23	23.00
10830	1083	60	27	189.00
10831	1084	51	43	215.00
10832	1084	52	23	115.00
10833	1084	53	41	164.00
10834	1084	54	1	1.00
10835	1084	55	46	368.00
10836	1084	56	32	128.00
10837	1084	57	16	96.00
10838	1084	58	18	90.00
10839	1084	59	45	45.00
10840	1084	60	9	63.00
10841	1085	51	49	245.00
10842	1085	52	32	160.00
10843	1085	53	39	156.00
10844	1085	54	5	5.00
10845	1085	55	40	320.00
10846	1085	56	38	152.00
10847	1085	57	36	216.00
10848	1085	58	4	20.00
10849	1085	59	46	46.00
10850	1085	60	10	70.00
10851	1086	51	29	145.00
10852	1086	52	45	225.00
10853	1086	53	13	52.00
10854	1086	54	38	38.00
10855	1086	55	4	32.00
10856	1086	56	16	64.00
10857	1086	57	39	234.00
10858	1086	58	18	90.00
10859	1086	59	30	30.00
10860	1086	60	22	154.00
10861	1087	51	10	50.00
10862	1087	52	4	20.00
10863	1087	53	41	164.00
10864	1087	54	23	23.00
10865	1087	55	31	248.00
10866	1087	56	45	180.00
10867	1087	57	3	18.00
10868	1087	58	46	230.00
10869	1087	59	3	3.00
10870	1087	60	9	63.00
10871	1088	51	41	205.00
10872	1088	52	47	235.00
10873	1088	53	39	156.00
10874	1088	54	39	39.00
10875	1088	55	48	384.00
10876	1088	56	2	8.00
10877	1088	57	45	270.00
10878	1088	58	43	215.00
10879	1088	59	42	42.00
10880	1088	60	5	35.00
10881	1089	51	25	125.00
10882	1089	52	28	140.00
10883	1089	53	38	152.00
10884	1089	54	31	31.00
10885	1089	55	3	24.00
10886	1089	56	42	168.00
10887	1089	57	20	120.00
10888	1089	58	4	20.00
10889	1089	59	37	37.00
10890	1089	60	22	154.00
10891	1090	51	39	195.00
10892	1090	52	30	150.00
10893	1090	53	7	28.00
10894	1090	54	7	7.00
10895	1090	55	32	256.00
10896	1090	56	44	176.00
10897	1090	57	31	186.00
10898	1090	58	40	200.00
10899	1090	59	22	22.00
10900	1090	60	18	126.00
10901	1091	51	24	120.00
10902	1091	52	38	190.00
10903	1091	53	8	32.00
10904	1091	54	35	35.00
10905	1091	55	7	56.00
10906	1091	56	40	160.00
10907	1091	57	15	90.00
10908	1091	58	40	200.00
10909	1091	59	25	25.00
10910	1091	60	7	49.00
10911	1092	51	33	165.00
10912	1092	52	35	175.00
10913	1092	53	3	12.00
10914	1092	54	22	22.00
10915	1092	55	19	152.00
10916	1092	56	20	80.00
10917	1092	57	24	144.00
10918	1092	58	5	25.00
10919	1092	59	23	23.00
10920	1092	60	33	231.00
10921	1093	51	18	90.00
10922	1093	52	26	130.00
10923	1093	53	47	188.00
10924	1093	54	30	30.00
10925	1093	55	32	256.00
10926	1093	56	15	60.00
10927	1093	57	41	246.00
10928	1093	58	33	165.00
10929	1093	59	7	7.00
10930	1093	60	11	77.00
10931	1094	51	9	45.00
10932	1094	52	45	225.00
10933	1094	53	45	180.00
10934	1094	54	24	24.00
10935	1094	55	50	400.00
10936	1094	56	40	160.00
10937	1094	57	15	90.00
10938	1094	58	37	185.00
10939	1094	59	8	8.00
10940	1094	60	30	210.00
10941	1095	51	13	65.00
10942	1095	52	39	195.00
10943	1095	53	23	92.00
10944	1095	54	8	8.00
10945	1095	55	10	80.00
10946	1095	56	13	52.00
10947	1095	57	43	258.00
10948	1095	58	2	10.00
10949	1095	59	25	25.00
10950	1095	60	24	168.00
10951	1096	51	4	20.00
10952	1096	52	48	240.00
10953	1096	53	48	192.00
10954	1096	54	41	41.00
10955	1096	55	33	264.00
10956	1096	56	36	144.00
10957	1096	57	9	54.00
10958	1096	58	34	170.00
10959	1096	59	3	3.00
10960	1096	60	17	119.00
10961	1097	51	46	230.00
10962	1097	52	39	195.00
10963	1097	53	41	164.00
10964	1097	54	5	5.00
10965	1097	55	27	216.00
10966	1097	56	13	52.00
10967	1097	57	34	204.00
10968	1097	58	18	90.00
10969	1097	59	15	15.00
10970	1097	60	25	175.00
10971	1098	51	25	125.00
10972	1098	52	46	230.00
10973	1098	53	7	28.00
10974	1098	54	34	34.00
10975	1098	55	21	168.00
10976	1098	56	24	96.00
10977	1098	57	14	84.00
10978	1098	58	21	105.00
10979	1098	59	5	5.00
10980	1098	60	6	42.00
10981	1099	51	44	220.00
10982	1099	52	38	190.00
10983	1099	53	30	120.00
10984	1099	54	11	11.00
10985	1099	55	16	128.00
10986	1099	56	7	28.00
10987	1099	57	20	120.00
10988	1099	58	34	170.00
10989	1099	59	42	42.00
10990	1099	60	6	42.00
10991	1100	51	8	40.00
10992	1100	52	28	140.00
10993	1100	53	31	124.00
10994	1100	54	34	34.00
10995	1100	55	31	248.00
10996	1100	56	38	152.00
10997	1100	57	2	12.00
10998	1100	58	45	225.00
10999	1100	59	37	37.00
11000	1100	60	16	112.00
11001	1101	51	26	130.00
11002	1101	52	50	250.00
11003	1101	53	7	28.00
11004	1101	54	15	15.00
11005	1101	55	29	232.00
11006	1101	56	5	20.00
11007	1101	57	47	282.00
11008	1101	58	32	160.00
11009	1101	59	43	43.00
11010	1101	60	13	91.00
11011	1102	51	22	110.00
11012	1102	52	43	215.00
11013	1102	53	19	76.00
11014	1102	54	35	35.00
11015	1102	55	38	304.00
11016	1102	56	10	40.00
11017	1102	57	27	162.00
11018	1102	58	46	230.00
11019	1102	59	35	35.00
11020	1102	60	18	126.00
11021	1103	51	17	85.00
11022	1103	52	47	235.00
11023	1103	53	8	32.00
11024	1103	54	16	16.00
11025	1103	55	38	304.00
11026	1103	56	35	140.00
11027	1103	57	11	66.00
11028	1103	58	27	135.00
11029	1103	59	16	16.00
11030	1103	60	44	308.00
11031	1104	51	43	215.00
11032	1104	52	18	90.00
11033	1104	53	39	156.00
11034	1104	54	30	30.00
11035	1104	55	26	208.00
11036	1104	56	49	196.00
11037	1104	57	7	42.00
11038	1104	58	16	80.00
11039	1104	59	8	8.00
11040	1104	60	5	35.00
11041	1105	51	49	245.00
11042	1105	52	47	235.00
11043	1105	53	24	96.00
11044	1105	54	25	25.00
11045	1105	55	49	392.00
11046	1105	56	37	148.00
11047	1105	57	35	210.00
11048	1105	58	27	135.00
11049	1105	59	41	41.00
11050	1105	60	5	35.00
11051	1106	51	31	155.00
11052	1106	52	5	25.00
11053	1106	53	43	172.00
11054	1106	54	14	14.00
11055	1106	55	19	152.00
11056	1106	56	4	16.00
11057	1106	57	15	90.00
11058	1106	58	2	10.00
11059	1106	59	46	46.00
11060	1106	60	8	56.00
11061	1107	51	1	5.00
11062	1107	52	4	20.00
11063	1107	53	13	52.00
11064	1107	54	15	15.00
11065	1107	55	49	392.00
11066	1107	56	15	60.00
11067	1107	57	39	234.00
11068	1107	58	41	205.00
11069	1107	59	45	45.00
11070	1107	60	50	350.00
11071	1108	51	30	150.00
11072	1108	52	19	95.00
11073	1108	53	32	128.00
11074	1108	54	4	4.00
11075	1108	55	7	56.00
11076	1108	56	5	20.00
11077	1108	57	34	204.00
11078	1108	58	6	30.00
11079	1108	59	5	5.00
11080	1108	60	45	315.00
11081	1109	51	25	125.00
11082	1109	52	41	205.00
11083	1109	53	28	112.00
11084	1109	54	25	25.00
11085	1109	55	48	384.00
11086	1109	56	37	148.00
11087	1109	57	40	240.00
11088	1109	58	25	125.00
11089	1109	59	33	33.00
11090	1109	60	7	49.00
11091	1110	51	14	70.00
11092	1110	52	25	125.00
11093	1110	53	3	12.00
11094	1110	54	22	22.00
11095	1110	55	4	32.00
11096	1110	56	10	40.00
11097	1110	57	3	18.00
11098	1110	58	36	180.00
11099	1110	59	1	1.00
11100	1110	60	49	343.00
11101	1111	51	3	15.00
11102	1111	52	27	135.00
11103	1111	53	38	152.00
11104	1111	54	13	13.00
11105	1111	55	21	168.00
11106	1111	56	40	160.00
11107	1111	57	19	114.00
11108	1111	58	14	70.00
11109	1111	59	18	18.00
11110	1111	60	19	133.00
11111	1112	51	34	170.00
11112	1112	52	17	85.00
11113	1112	53	46	184.00
11114	1112	54	26	26.00
11115	1112	55	38	304.00
11116	1112	56	31	124.00
11117	1112	57	4	24.00
11118	1112	58	38	190.00
11119	1112	59	8	8.00
11120	1112	60	33	231.00
11121	1113	51	2	10.00
11122	1113	52	42	210.00
11123	1113	53	42	168.00
11124	1113	54	22	22.00
11125	1113	55	40	320.00
11126	1113	56	10	40.00
11127	1113	57	20	120.00
11128	1113	58	15	75.00
11129	1113	59	1	1.00
11130	1113	60	1	7.00
11131	1114	51	9	45.00
11132	1114	52	28	140.00
11133	1114	53	19	76.00
11134	1114	54	4	4.00
11135	1114	55	48	384.00
11136	1114	56	15	60.00
11137	1114	57	16	96.00
11138	1114	58	25	125.00
11139	1114	59	25	25.00
11140	1114	60	27	189.00
11141	1115	51	18	90.00
11142	1115	52	4	20.00
11143	1115	53	11	44.00
11144	1115	54	30	30.00
11145	1115	55	45	360.00
11146	1115	56	4	16.00
11147	1115	57	33	198.00
11148	1115	58	23	115.00
11149	1115	59	37	37.00
11150	1115	60	13	91.00
11151	1116	51	41	205.00
11152	1116	52	19	95.00
11153	1116	53	6	24.00
11154	1116	54	31	31.00
11155	1116	55	2	16.00
11156	1116	56	23	92.00
11157	1116	57	26	156.00
11158	1116	58	33	165.00
11159	1116	59	24	24.00
11160	1116	60	11	77.00
11161	1117	51	16	80.00
11162	1117	52	16	80.00
11163	1117	53	49	196.00
11164	1117	54	34	34.00
11165	1117	55	46	368.00
11166	1117	56	11	44.00
11167	1117	57	11	66.00
11168	1117	58	29	145.00
11169	1117	59	28	28.00
11170	1117	60	5	35.00
11171	1118	51	18	90.00
11172	1118	52	37	185.00
11173	1118	53	35	140.00
11174	1118	54	22	22.00
11175	1118	55	6	48.00
11176	1118	56	14	56.00
11177	1118	57	29	174.00
11178	1118	58	37	185.00
11179	1118	59	38	38.00
11180	1118	60	30	210.00
11181	1119	51	46	230.00
11182	1119	52	22	110.00
11183	1119	53	36	144.00
11184	1119	54	43	43.00
11185	1119	55	19	152.00
11186	1119	56	2	8.00
11187	1119	57	22	132.00
11188	1119	58	10	50.00
11189	1119	59	14	14.00
11190	1119	60	22	154.00
11191	1120	51	14	70.00
11192	1120	52	34	170.00
11193	1120	53	30	120.00
11194	1120	54	7	7.00
11195	1120	55	36	288.00
11196	1120	56	20	80.00
11197	1120	57	33	198.00
11198	1120	58	36	180.00
11199	1120	59	47	47.00
11200	1120	60	49	343.00
11201	1121	51	24	120.00
11202	1121	52	15	75.00
11203	1121	53	48	192.00
11204	1121	54	1	1.00
11205	1121	55	30	240.00
11206	1121	56	47	188.00
11207	1121	57	44	264.00
11208	1121	58	45	225.00
11209	1121	59	42	42.00
11210	1121	60	3	21.00
11211	1122	51	16	80.00
11212	1122	52	50	250.00
11213	1122	53	13	52.00
11214	1122	54	12	12.00
11215	1122	55	38	304.00
11216	1122	56	12	48.00
11217	1122	57	6	36.00
11218	1122	58	25	125.00
11219	1122	59	40	40.00
11220	1122	60	36	252.00
11221	1123	51	35	175.00
11222	1123	52	33	165.00
11223	1123	53	29	116.00
11224	1123	54	6	6.00
11225	1123	55	31	248.00
11226	1123	56	35	140.00
11227	1123	57	12	72.00
11228	1123	58	25	125.00
11229	1123	59	1	1.00
11230	1123	60	47	329.00
11231	1124	51	30	150.00
11232	1124	52	11	55.00
11233	1124	53	21	84.00
11234	1124	54	49	49.00
11235	1124	55	32	256.00
11236	1124	56	49	196.00
11237	1124	57	5	30.00
11238	1124	58	34	170.00
11239	1124	59	33	33.00
11240	1124	60	47	329.00
11241	1125	51	34	170.00
11242	1125	52	12	60.00
11243	1125	53	25	100.00
11244	1125	54	31	31.00
11245	1125	55	5	40.00
11246	1125	56	45	180.00
11247	1125	57	34	204.00
11248	1125	58	38	190.00
11249	1125	59	37	37.00
11250	1125	60	7	49.00
11251	1126	51	28	140.00
11252	1126	52	22	110.00
11253	1126	53	21	84.00
11254	1126	54	21	21.00
11255	1126	55	24	192.00
11256	1126	56	11	44.00
11257	1126	57	40	240.00
11258	1126	58	14	70.00
11259	1126	59	49	49.00
11260	1126	60	18	126.00
11261	1127	51	5	25.00
11262	1127	52	49	245.00
11263	1127	53	32	128.00
11264	1127	54	30	30.00
11265	1127	55	24	192.00
11266	1127	56	33	132.00
11267	1127	57	43	258.00
11268	1127	58	24	120.00
11269	1127	59	13	13.00
11270	1127	60	23	161.00
11271	1128	51	4	20.00
11272	1128	52	38	190.00
11273	1128	53	35	140.00
11274	1128	54	7	7.00
11275	1128	55	46	368.00
11276	1128	56	20	80.00
11277	1128	57	8	48.00
11278	1128	58	18	90.00
11279	1128	59	49	49.00
11280	1128	60	27	189.00
11281	1129	51	17	85.00
11282	1129	52	3	15.00
11283	1129	53	5	20.00
11284	1129	54	50	50.00
11285	1129	55	1	8.00
11286	1129	56	21	84.00
11287	1129	57	30	180.00
11288	1129	58	24	120.00
11289	1129	59	6	6.00
11290	1129	60	32	224.00
11291	1130	51	10	50.00
11292	1130	52	10	50.00
11293	1130	53	15	60.00
11294	1130	54	1	1.00
11295	1130	55	25	200.00
11296	1130	56	29	116.00
11297	1130	57	15	90.00
11298	1130	58	28	140.00
11299	1130	59	21	21.00
11300	1130	60	15	105.00
11301	1131	51	37	185.00
11302	1131	52	44	220.00
11303	1131	53	41	164.00
11304	1131	54	15	15.00
11305	1131	55	37	296.00
11306	1131	56	9	36.00
11307	1131	57	29	174.00
11308	1131	58	15	75.00
11309	1131	59	25	25.00
11310	1131	60	35	245.00
11311	1132	51	48	240.00
11312	1132	52	47	235.00
11313	1132	53	19	76.00
11314	1132	54	10	10.00
11315	1132	55	32	256.00
11316	1132	56	45	180.00
11317	1132	57	36	216.00
11318	1132	58	48	240.00
11319	1132	59	21	21.00
11320	1132	60	17	119.00
11321	1133	51	3	15.00
11322	1133	52	27	135.00
11323	1133	53	34	136.00
11324	1133	54	13	13.00
11325	1133	55	18	144.00
11326	1133	56	28	112.00
11327	1133	57	41	246.00
11328	1133	58	14	70.00
11329	1133	59	44	44.00
11330	1133	60	21	147.00
11331	1134	51	32	160.00
11332	1134	52	10	50.00
11333	1134	53	32	128.00
11334	1134	54	32	32.00
11335	1134	55	19	152.00
11336	1134	56	32	128.00
11337	1134	57	1	6.00
11338	1134	58	48	240.00
11339	1134	59	16	16.00
11340	1134	60	20	140.00
11341	1135	51	43	215.00
11342	1135	52	37	185.00
11343	1135	53	49	196.00
11344	1135	54	22	22.00
11345	1135	55	10	80.00
11346	1135	56	42	168.00
11347	1135	57	2	12.00
11348	1135	58	21	105.00
11349	1135	59	49	49.00
11350	1135	60	44	308.00
11351	1136	51	9	45.00
11352	1136	52	32	160.00
11353	1136	53	44	176.00
11354	1136	54	35	35.00
11355	1136	55	29	232.00
11356	1136	56	14	56.00
11357	1136	57	34	204.00
11358	1136	58	39	195.00
11359	1136	59	8	8.00
11360	1136	60	4	28.00
11361	1137	51	6	30.00
11362	1137	52	36	180.00
11363	1137	53	24	96.00
11364	1137	54	10	10.00
11365	1137	55	29	232.00
11366	1137	56	43	172.00
11367	1137	57	20	120.00
11368	1137	58	17	85.00
11369	1137	59	10	10.00
11370	1137	60	49	343.00
11371	1138	51	47	235.00
11372	1138	52	36	180.00
11373	1138	53	6	24.00
11374	1138	54	39	39.00
11375	1138	55	48	384.00
11376	1138	56	24	96.00
11377	1138	57	31	186.00
11378	1138	58	22	110.00
11379	1138	59	35	35.00
11380	1138	60	19	133.00
11381	1139	51	29	145.00
11382	1139	52	21	105.00
11383	1139	53	23	92.00
11384	1139	54	45	45.00
11385	1139	55	10	80.00
11386	1139	56	27	108.00
11387	1139	57	7	42.00
11388	1139	58	2	10.00
11389	1139	59	27	27.00
11390	1139	60	45	315.00
11391	1140	51	46	230.00
11392	1140	52	4	20.00
11393	1140	53	40	160.00
11394	1140	54	34	34.00
11395	1140	55	32	256.00
11396	1140	56	42	168.00
11397	1140	57	38	228.00
11398	1140	58	10	50.00
11399	1140	59	28	28.00
11400	1140	60	46	322.00
11401	1141	51	25	125.00
11402	1141	52	45	225.00
11403	1141	53	11	44.00
11404	1141	54	33	33.00
11405	1141	55	1	8.00
11406	1141	56	48	192.00
11407	1141	57	46	276.00
11408	1141	58	49	245.00
11409	1141	59	2	2.00
11410	1141	60	24	168.00
11411	1142	51	40	200.00
11412	1142	52	7	35.00
11413	1142	53	8	32.00
11414	1142	54	44	44.00
11415	1142	55	44	352.00
11416	1142	56	38	152.00
11417	1142	57	23	138.00
11418	1142	58	23	115.00
11419	1142	59	22	22.00
11420	1142	60	2	14.00
11421	1143	51	33	165.00
11422	1143	52	6	30.00
11423	1143	53	7	28.00
11424	1143	54	35	35.00
11425	1143	55	24	192.00
11426	1143	56	45	180.00
11427	1143	57	16	96.00
11428	1143	58	21	105.00
11429	1143	59	2	2.00
11430	1143	60	7	49.00
11431	1144	51	25	125.00
11432	1144	52	18	90.00
11433	1144	53	1	4.00
11434	1144	54	41	41.00
11435	1144	55	12	96.00
11436	1144	56	23	92.00
11437	1144	57	37	222.00
11438	1144	58	33	165.00
11439	1144	59	22	22.00
11440	1144	60	4	28.00
11441	1145	51	8	40.00
11442	1145	52	15	75.00
11443	1145	53	28	112.00
11444	1145	54	47	47.00
11445	1145	55	11	88.00
11446	1145	56	17	68.00
11447	1145	57	39	234.00
11448	1145	58	14	70.00
11449	1145	59	13	13.00
11450	1145	60	50	350.00
11451	1146	51	46	230.00
11452	1146	52	12	60.00
11453	1146	53	11	44.00
11454	1146	54	36	36.00
11455	1146	55	2	16.00
11456	1146	56	31	124.00
11457	1146	57	47	282.00
11458	1146	58	5	25.00
11459	1146	59	16	16.00
11460	1146	60	30	210.00
11461	1147	51	33	165.00
11462	1147	52	8	40.00
11463	1147	53	39	156.00
11464	1147	54	6	6.00
11465	1147	55	28	224.00
11466	1147	56	28	112.00
11467	1147	57	15	90.00
11468	1147	58	5	25.00
11469	1147	59	40	40.00
11470	1147	60	30	210.00
11471	1148	51	33	165.00
11472	1148	52	38	190.00
11473	1148	53	25	100.00
11474	1148	54	14	14.00
11475	1148	55	20	160.00
11476	1148	56	29	116.00
11477	1148	57	9	54.00
11478	1148	58	1	5.00
11479	1148	59	15	15.00
11480	1148	60	11	77.00
11481	1149	51	30	150.00
11482	1149	52	8	40.00
11483	1149	53	4	16.00
11484	1149	54	19	19.00
11485	1149	55	7	56.00
11486	1149	56	31	124.00
11487	1149	57	24	144.00
11488	1149	58	12	60.00
11489	1149	59	34	34.00
11490	1149	60	29	203.00
11491	1150	51	21	105.00
11492	1150	52	47	235.00
11493	1150	53	42	168.00
11494	1150	54	11	11.00
11495	1150	55	12	96.00
11496	1150	56	37	148.00
11497	1150	57	6	36.00
11498	1150	58	34	170.00
11499	1150	59	19	19.00
11500	1150	60	21	147.00
11501	1151	51	19	95.00
11502	1151	52	13	65.00
11503	1151	53	29	116.00
11504	1151	54	16	16.00
11505	1151	55	4	32.00
11506	1151	56	22	88.00
11507	1151	57	9	54.00
11508	1151	58	30	150.00
11509	1151	59	33	33.00
11510	1151	60	13	91.00
11511	1152	51	9	45.00
11512	1152	52	7	35.00
11513	1152	53	9	36.00
11514	1152	54	38	38.00
11515	1152	55	28	224.00
11516	1152	56	47	188.00
11517	1152	57	37	222.00
11518	1152	58	15	75.00
11519	1152	59	22	22.00
11520	1152	60	44	308.00
11521	1153	51	17	85.00
11522	1153	52	44	220.00
11523	1153	53	27	108.00
11524	1153	54	1	1.00
11525	1153	55	34	272.00
11526	1153	56	11	44.00
11527	1153	57	47	282.00
11528	1153	58	15	75.00
11529	1153	59	13	13.00
11530	1153	60	11	77.00
11531	1154	51	48	240.00
11532	1154	52	48	240.00
11533	1154	53	10	40.00
11534	1154	54	12	12.00
11535	1154	55	47	376.00
11536	1154	56	36	144.00
11537	1154	57	34	204.00
11538	1154	58	2	10.00
11539	1154	59	31	31.00
11540	1154	60	39	273.00
11541	1155	51	25	125.00
11542	1155	52	20	100.00
11543	1155	53	4	16.00
11544	1155	54	26	26.00
11545	1155	55	37	296.00
11546	1155	56	42	168.00
11547	1155	57	29	174.00
11548	1155	58	2	10.00
11549	1155	59	14	14.00
11550	1155	60	14	98.00
11551	1156	51	27	135.00
11552	1156	52	21	105.00
11553	1156	53	43	172.00
11554	1156	54	33	33.00
11555	1156	55	44	352.00
11556	1156	56	42	168.00
11557	1156	57	12	72.00
11558	1156	58	1	5.00
11559	1156	59	24	24.00
11560	1156	60	32	224.00
11561	1157	51	26	130.00
11562	1157	52	19	95.00
11563	1157	53	34	136.00
11564	1157	54	19	19.00
11565	1157	55	28	224.00
11566	1157	56	18	72.00
11567	1157	57	11	66.00
11568	1157	58	19	95.00
11569	1157	59	42	42.00
11570	1157	60	19	133.00
11571	1158	51	25	125.00
11572	1158	52	36	180.00
11573	1158	53	33	132.00
11574	1158	54	34	34.00
11575	1158	55	11	88.00
11576	1158	56	46	184.00
11577	1158	57	27	162.00
11578	1158	58	24	120.00
11579	1158	59	23	23.00
11580	1158	60	33	231.00
11581	1159	51	1	5.00
11582	1159	52	3	15.00
11583	1159	53	29	116.00
11584	1159	54	27	27.00
11585	1159	55	35	280.00
11586	1159	56	11	44.00
11587	1159	57	8	48.00
11588	1159	58	3	15.00
11589	1159	59	4	4.00
11590	1159	60	27	189.00
11591	1160	51	27	135.00
11592	1160	52	43	215.00
11593	1160	53	35	140.00
11594	1160	54	18	18.00
11595	1160	55	35	280.00
11596	1160	56	23	92.00
11597	1160	57	44	264.00
11598	1160	58	8	40.00
11599	1160	59	21	21.00
11600	1160	60	18	126.00
11601	1161	51	8	40.00
11602	1161	52	18	90.00
11603	1161	53	19	76.00
11604	1161	54	20	20.00
11605	1161	55	21	168.00
11606	1161	56	10	40.00
11607	1161	57	42	252.00
11608	1161	58	13	65.00
11609	1161	59	32	32.00
11610	1161	60	47	329.00
11611	1162	51	30	150.00
11612	1162	52	18	90.00
11613	1162	53	40	160.00
11614	1162	54	14	14.00
11615	1162	55	2	16.00
11616	1162	56	45	180.00
11617	1162	57	32	192.00
11618	1162	58	38	190.00
11619	1162	59	30	30.00
11620	1162	60	37	259.00
11621	1163	51	1	5.00
11622	1163	52	45	225.00
11623	1163	53	26	104.00
11624	1163	54	17	17.00
11625	1163	55	15	120.00
11626	1163	56	20	80.00
11627	1163	57	19	114.00
11628	1163	58	25	125.00
11629	1163	59	11	11.00
11630	1163	60	45	315.00
11631	1164	51	3	15.00
11632	1164	52	15	75.00
11633	1164	53	14	56.00
11634	1164	54	9	9.00
11635	1164	55	49	392.00
11636	1164	56	30	120.00
11637	1164	57	34	204.00
11638	1164	58	16	80.00
11639	1164	59	15	15.00
11640	1164	60	13	91.00
11641	1165	51	40	200.00
11642	1165	52	46	230.00
11643	1165	53	43	172.00
11644	1165	54	48	48.00
11645	1165	55	28	224.00
11646	1165	56	50	200.00
11647	1165	57	26	156.00
11648	1165	58	47	235.00
11649	1165	59	28	28.00
11650	1165	60	38	266.00
11651	1166	51	6	30.00
11652	1166	52	46	230.00
11653	1166	53	27	108.00
11654	1166	54	23	23.00
11655	1166	55	10	80.00
11656	1166	56	46	184.00
11657	1166	57	31	186.00
11658	1166	58	4	20.00
11659	1166	59	36	36.00
11660	1166	60	24	168.00
11661	1167	51	15	75.00
11662	1167	52	17	85.00
11663	1167	53	13	52.00
11664	1167	54	6	6.00
11665	1167	55	28	224.00
11666	1167	56	19	76.00
11667	1167	57	22	132.00
11668	1167	58	47	235.00
11669	1167	59	43	43.00
11670	1167	60	3	21.00
11671	1168	51	11	55.00
11672	1168	52	44	220.00
11673	1168	53	36	144.00
11674	1168	54	43	43.00
11675	1168	55	17	136.00
11676	1168	56	22	88.00
11677	1168	57	45	270.00
11678	1168	58	45	225.00
11679	1168	59	34	34.00
11680	1168	60	31	217.00
11681	1169	51	17	85.00
11682	1169	52	18	90.00
11683	1169	53	29	116.00
11684	1169	54	35	35.00
11685	1169	55	50	400.00
11686	1169	56	29	116.00
11687	1169	57	42	252.00
11688	1169	58	30	150.00
11689	1169	59	25	25.00
11690	1169	60	44	308.00
11691	1170	51	16	80.00
11692	1170	52	16	80.00
11693	1170	53	35	140.00
11694	1170	54	21	21.00
11695	1170	55	5	40.00
11696	1170	56	23	92.00
11697	1170	57	25	150.00
11698	1170	58	49	245.00
11699	1170	59	43	43.00
11700	1170	60	8	56.00
11701	1171	51	8	40.00
11702	1171	52	47	235.00
11703	1171	53	8	32.00
11704	1171	54	4	4.00
11705	1171	55	23	184.00
11706	1171	56	26	104.00
11707	1171	57	47	282.00
11708	1171	58	46	230.00
11709	1171	59	41	41.00
11710	1171	60	9	63.00
11711	1172	51	31	155.00
11712	1172	52	50	250.00
11713	1172	53	2	8.00
11714	1172	54	29	29.00
11715	1172	55	41	328.00
11716	1172	56	42	168.00
11717	1172	57	3	18.00
11718	1172	58	34	170.00
11719	1172	59	32	32.00
11720	1172	60	31	217.00
11721	1173	51	7	35.00
11722	1173	52	1	5.00
11723	1173	53	1	4.00
11724	1173	54	28	28.00
11725	1173	55	18	144.00
11726	1173	56	4	16.00
11727	1173	57	49	294.00
11728	1173	58	23	115.00
11729	1173	59	24	24.00
11730	1173	60	28	196.00
11731	1174	51	4	20.00
11732	1174	52	28	140.00
11733	1174	53	11	44.00
11734	1174	54	30	30.00
11735	1174	55	3	24.00
11736	1174	56	7	28.00
11737	1174	57	4	24.00
11738	1174	58	10	50.00
11739	1174	59	23	23.00
11740	1174	60	20	140.00
11741	1175	51	42	210.00
11742	1175	52	4	20.00
11743	1175	53	7	28.00
11744	1175	54	19	19.00
11745	1175	55	8	64.00
11746	1175	56	2	8.00
11747	1175	57	8	48.00
11748	1175	58	40	200.00
11749	1175	59	22	22.00
11750	1175	60	20	140.00
11751	1176	51	28	140.00
11752	1176	52	42	210.00
11753	1176	53	48	192.00
11754	1176	54	10	10.00
11755	1176	55	25	200.00
11756	1176	56	40	160.00
11757	1176	57	40	240.00
11758	1176	58	29	145.00
11759	1176	59	17	17.00
11760	1176	60	47	329.00
11761	1177	51	6	30.00
11762	1177	52	4	20.00
11763	1177	53	46	184.00
11764	1177	54	1	1.00
11765	1177	55	3	24.00
11766	1177	56	2	8.00
11767	1177	57	19	114.00
11768	1177	58	38	190.00
11769	1177	59	22	22.00
11770	1177	60	42	294.00
11771	1178	51	37	185.00
11772	1178	52	35	175.00
11773	1178	53	50	200.00
11774	1178	54	20	20.00
11775	1178	55	37	296.00
11776	1178	56	8	32.00
11777	1178	57	47	282.00
11778	1178	58	27	135.00
11779	1178	59	16	16.00
11780	1178	60	9	63.00
11781	1179	51	18	90.00
11782	1179	52	24	120.00
11783	1179	53	26	104.00
11784	1179	54	19	19.00
11785	1179	55	20	160.00
11786	1179	56	6	24.00
11787	1179	57	5	30.00
11788	1179	58	27	135.00
11789	1179	59	12	12.00
11790	1179	60	48	336.00
11791	1180	51	1	5.00
11792	1180	52	44	220.00
11793	1180	53	17	68.00
11794	1180	54	27	27.00
11795	1180	55	23	184.00
11796	1180	56	13	52.00
11797	1180	57	43	258.00
11798	1180	58	48	240.00
11799	1180	59	2	2.00
11800	1180	60	32	224.00
11801	1181	51	21	105.00
11802	1181	52	49	245.00
11803	1181	53	4	16.00
11804	1181	54	39	39.00
11805	1181	55	14	112.00
11806	1181	56	32	128.00
11807	1181	57	21	126.00
11808	1181	58	8	40.00
11809	1181	59	4	4.00
11810	1181	60	48	336.00
11811	1182	51	46	230.00
11812	1182	52	31	155.00
11813	1182	53	44	176.00
11814	1182	54	25	25.00
11815	1182	55	31	248.00
11816	1182	56	36	144.00
11817	1182	57	15	90.00
11818	1182	58	27	135.00
11819	1182	59	1	1.00
11820	1182	60	30	210.00
11821	1183	51	19	95.00
11822	1183	52	6	30.00
11823	1183	53	42	168.00
11824	1183	54	16	16.00
11825	1183	55	48	384.00
11826	1183	56	50	200.00
11827	1183	57	4	24.00
11828	1183	58	44	220.00
11829	1183	59	43	43.00
11830	1183	60	29	203.00
11831	1184	51	13	65.00
11832	1184	52	17	85.00
11833	1184	53	50	200.00
11834	1184	54	26	26.00
11835	1184	55	1	8.00
11836	1184	56	14	56.00
11837	1184	57	17	102.00
11838	1184	58	27	135.00
11839	1184	59	46	46.00
11840	1184	60	38	266.00
11841	1185	51	5	25.00
11842	1185	52	27	135.00
11843	1185	53	37	148.00
11844	1185	54	28	28.00
11845	1185	55	19	152.00
11846	1185	56	43	172.00
11847	1185	57	20	120.00
11848	1185	58	19	95.00
11849	1185	59	30	30.00
11850	1185	60	20	140.00
11851	1186	51	44	220.00
11852	1186	52	44	220.00
11853	1186	53	9	36.00
11854	1186	54	34	34.00
11855	1186	55	7	56.00
11856	1186	56	26	104.00
11857	1186	57	12	72.00
11858	1186	58	10	50.00
11859	1186	59	33	33.00
11860	1186	60	31	217.00
11861	1187	51	23	115.00
11862	1187	52	49	245.00
11863	1187	53	33	132.00
11864	1187	54	3	3.00
11865	1187	55	34	272.00
11866	1187	56	25	100.00
11867	1187	57	43	258.00
11868	1187	58	47	235.00
11869	1187	59	40	40.00
11870	1187	60	42	294.00
11871	1188	51	39	195.00
11872	1188	52	38	190.00
11873	1188	53	32	128.00
11874	1188	54	36	36.00
11875	1188	55	29	232.00
11876	1188	56	15	60.00
11877	1188	57	41	246.00
11878	1188	58	24	120.00
11879	1188	59	8	8.00
11880	1188	60	38	266.00
11881	1189	51	30	150.00
11882	1189	52	18	90.00
11883	1189	53	48	192.00
11884	1189	54	11	11.00
11885	1189	55	21	168.00
11886	1189	56	31	124.00
11887	1189	57	34	204.00
11888	1189	58	10	50.00
11889	1189	59	1	1.00
11890	1189	60	37	259.00
11891	1190	51	3	15.00
11892	1190	52	41	205.00
11893	1190	53	43	172.00
11894	1190	54	32	32.00
11895	1190	55	48	384.00
11896	1190	56	41	164.00
11897	1190	57	22	132.00
11898	1190	58	38	190.00
11899	1190	59	11	11.00
11900	1190	60	2	14.00
11901	1191	51	24	120.00
11902	1191	52	28	140.00
11903	1191	53	28	112.00
11904	1191	54	6	6.00
11905	1191	55	10	80.00
11906	1191	56	50	200.00
11907	1191	57	7	42.00
11908	1191	58	27	135.00
11909	1191	59	20	20.00
11910	1191	60	38	266.00
11911	1192	51	49	245.00
11912	1192	52	32	160.00
11913	1192	53	25	100.00
11914	1192	54	28	28.00
11915	1192	55	47	376.00
11916	1192	56	27	108.00
11917	1192	57	34	204.00
11918	1192	58	34	170.00
11919	1192	59	41	41.00
11920	1192	60	4	28.00
11921	1193	51	28	140.00
11922	1193	52	46	230.00
11923	1193	53	47	188.00
11924	1193	54	50	50.00
11925	1193	55	17	136.00
11926	1193	56	37	148.00
11927	1193	57	14	84.00
11928	1193	58	20	100.00
11929	1193	59	14	14.00
11930	1193	60	46	322.00
11931	1194	51	19	95.00
11932	1194	52	31	155.00
11933	1194	53	17	68.00
11934	1194	54	17	17.00
11935	1194	55	23	184.00
11936	1194	56	47	188.00
11937	1194	57	29	174.00
11938	1194	58	30	150.00
11939	1194	59	30	30.00
11940	1194	60	14	98.00
11941	1195	51	7	35.00
11942	1195	52	30	150.00
11943	1195	53	10	40.00
11944	1195	54	4	4.00
11945	1195	55	31	248.00
11946	1195	56	28	112.00
11947	1195	57	30	180.00
11948	1195	58	9	45.00
11949	1195	59	1	1.00
11950	1195	60	39	273.00
11951	1196	51	12	60.00
11952	1196	52	7	35.00
11953	1196	53	37	148.00
11954	1196	54	8	8.00
11955	1196	55	35	280.00
11956	1196	56	50	200.00
11957	1196	57	10	60.00
11958	1196	58	48	240.00
11959	1196	59	10	10.00
11960	1196	60	45	315.00
11961	1197	51	4	20.00
11962	1197	52	38	190.00
11963	1197	53	16	64.00
11964	1197	54	44	44.00
11965	1197	55	8	64.00
11966	1197	56	24	96.00
11967	1197	57	24	144.00
11968	1197	58	15	75.00
11969	1197	59	40	40.00
11970	1197	60	10	70.00
11971	1198	51	6	30.00
11972	1198	52	29	145.00
11973	1198	53	40	160.00
11974	1198	54	11	11.00
11975	1198	55	6	48.00
11976	1198	56	11	44.00
11977	1198	57	3	18.00
11978	1198	58	31	155.00
11979	1198	59	47	47.00
11980	1198	60	36	252.00
11981	1199	51	6	30.00
11982	1199	52	23	115.00
11983	1199	53	8	32.00
11984	1199	54	43	43.00
11985	1199	55	1	8.00
11986	1199	56	46	184.00
11987	1199	57	14	84.00
11988	1199	58	45	225.00
11989	1199	59	28	28.00
11990	1199	60	4	28.00
11991	1200	51	15	75.00
11992	1200	52	20	100.00
11993	1200	53	39	156.00
11994	1200	54	29	29.00
11995	1200	55	3	24.00
11996	1200	56	28	112.00
11997	1200	57	39	234.00
11998	1200	58	30	150.00
11999	1200	59	21	21.00
12000	1200	60	8	56.00
12001	1201	51	38	190.00
12002	1201	52	19	95.00
12003	1201	53	11	44.00
12004	1201	54	15	15.00
12005	1201	55	6	48.00
12006	1201	56	17	68.00
12007	1201	57	25	150.00
12008	1201	58	44	220.00
12009	1201	59	25	25.00
12010	1201	60	45	315.00
12011	1202	51	10	50.00
12012	1202	52	28	140.00
12013	1202	53	38	152.00
12014	1202	54	17	17.00
12015	1202	55	19	152.00
12016	1202	56	25	100.00
12017	1202	57	30	180.00
12018	1202	58	25	125.00
12019	1202	59	33	33.00
12020	1202	60	34	238.00
12021	1203	51	50	250.00
12022	1203	52	32	160.00
12023	1203	53	28	112.00
12024	1203	54	37	37.00
12025	1203	55	27	216.00
12026	1203	56	8	32.00
12027	1203	57	10	60.00
12028	1203	58	25	125.00
12029	1203	59	20	20.00
12030	1203	60	3	21.00
12031	1204	51	29	145.00
12032	1204	52	42	210.00
12033	1204	53	18	72.00
12034	1204	54	44	44.00
12035	1204	55	31	248.00
12036	1204	56	21	84.00
12037	1204	57	37	222.00
12038	1204	58	25	125.00
12039	1204	59	38	38.00
12040	1204	60	7	49.00
12041	1205	51	47	235.00
12042	1205	52	47	235.00
12043	1205	53	46	184.00
12044	1205	54	27	27.00
12045	1205	55	30	240.00
12046	1205	56	9	36.00
12047	1205	57	27	162.00
12048	1205	58	40	200.00
12049	1205	59	22	22.00
12050	1205	60	32	224.00
12051	1206	51	39	195.00
12052	1206	52	11	55.00
12053	1206	53	1	4.00
12054	1206	54	32	32.00
12055	1206	55	28	224.00
12056	1206	56	47	188.00
12057	1206	57	31	186.00
12058	1206	58	22	110.00
12059	1206	59	13	13.00
12060	1206	60	9	63.00
12061	1207	51	43	215.00
12062	1207	52	45	225.00
12063	1207	53	46	184.00
12064	1207	54	13	13.00
12065	1207	55	44	352.00
12066	1207	56	10	40.00
12067	1207	57	23	138.00
12068	1207	58	45	225.00
12069	1207	59	4	4.00
12070	1207	60	25	175.00
12071	1208	51	47	235.00
12072	1208	52	5	25.00
12073	1208	53	14	56.00
12074	1208	54	24	24.00
12075	1208	55	2	16.00
12076	1208	56	8	32.00
12077	1208	57	21	126.00
12078	1208	58	48	240.00
12079	1208	59	46	46.00
12080	1208	60	24	168.00
12081	1209	51	31	155.00
12082	1209	52	27	135.00
12083	1209	53	47	188.00
12084	1209	54	7	7.00
12085	1209	55	37	296.00
12086	1209	56	39	156.00
12087	1209	57	32	192.00
12088	1209	58	5	25.00
12089	1209	59	10	10.00
12090	1209	60	1	7.00
12091	1210	51	48	240.00
12092	1210	52	27	135.00
12093	1210	53	50	200.00
12094	1210	54	23	23.00
12095	1210	55	9	72.00
12096	1210	56	42	168.00
12097	1210	57	29	174.00
12098	1210	58	5	25.00
12099	1210	59	43	43.00
12100	1210	60	49	343.00
12101	1211	51	15	75.00
12102	1211	52	18	90.00
12103	1211	53	19	76.00
12104	1211	54	49	49.00
12105	1211	55	29	232.00
12106	1211	56	2	8.00
12107	1211	57	47	282.00
12108	1211	58	27	135.00
12109	1211	59	31	31.00
12110	1211	60	48	336.00
12111	1212	51	14	70.00
12112	1212	52	27	135.00
12113	1212	53	46	184.00
12114	1212	54	21	21.00
12115	1212	55	12	96.00
12116	1212	56	36	144.00
12117	1212	57	26	156.00
12118	1212	58	1	5.00
12119	1212	59	19	19.00
12120	1212	60	10	70.00
12121	1213	51	39	195.00
12122	1213	52	37	185.00
12123	1213	53	21	84.00
12124	1213	54	36	36.00
12125	1213	55	14	112.00
12126	1213	56	44	176.00
12127	1213	57	15	90.00
12128	1213	58	45	225.00
12129	1213	59	24	24.00
12130	1213	60	3	21.00
12131	1214	51	2	10.00
12132	1214	52	48	240.00
12133	1214	53	32	128.00
12134	1214	54	4	4.00
12135	1214	55	1	8.00
12136	1214	56	23	92.00
12137	1214	57	16	96.00
12138	1214	58	23	115.00
12139	1214	59	24	24.00
12140	1214	60	21	147.00
12141	1215	51	26	130.00
12142	1215	52	23	115.00
12143	1215	53	44	176.00
12144	1215	54	6	6.00
12145	1215	55	32	256.00
12146	1215	56	36	144.00
12147	1215	57	2	12.00
12148	1215	58	27	135.00
12149	1215	59	35	35.00
12150	1215	60	17	119.00
12151	1216	51	4	20.00
12152	1216	52	15	75.00
12153	1216	53	28	112.00
12154	1216	54	43	43.00
12155	1216	55	18	144.00
12156	1216	56	43	172.00
12157	1216	57	2	12.00
12158	1216	58	42	210.00
12159	1216	59	50	50.00
12160	1216	60	42	294.00
12161	1217	51	22	110.00
12162	1217	52	24	120.00
12163	1217	53	3	12.00
12164	1217	54	6	6.00
12165	1217	55	12	96.00
12166	1217	56	2	8.00
12167	1217	57	16	96.00
12168	1217	58	40	200.00
12169	1217	59	41	41.00
12170	1217	60	40	280.00
12171	1218	51	48	240.00
12172	1218	52	21	105.00
12173	1218	53	4	16.00
12174	1218	54	40	40.00
12175	1218	55	2	16.00
12176	1218	56	16	64.00
12177	1218	57	23	138.00
12178	1218	58	20	100.00
12179	1218	59	34	34.00
12180	1218	60	28	196.00
12181	1219	51	20	100.00
12182	1219	52	38	190.00
12183	1219	53	46	184.00
12184	1219	54	12	12.00
12185	1219	55	11	88.00
12186	1219	56	34	136.00
12187	1219	57	42	252.00
12188	1219	58	37	185.00
12189	1219	59	7	7.00
12190	1219	60	6	42.00
12191	1220	51	39	195.00
12192	1220	52	11	55.00
12193	1220	53	13	52.00
12194	1220	54	43	43.00
12195	1220	55	33	264.00
12196	1220	56	32	128.00
12197	1220	57	3	18.00
12198	1220	58	33	165.00
12199	1220	59	3	3.00
12200	1220	60	32	224.00
12201	1221	51	33	165.00
12202	1221	52	42	210.00
12203	1221	53	33	132.00
12204	1221	54	28	28.00
12205	1221	55	29	232.00
12206	1221	56	30	120.00
12207	1221	57	12	72.00
12208	1221	58	22	110.00
12209	1221	59	4	4.00
12210	1221	60	26	182.00
12211	1222	51	40	200.00
12212	1222	52	36	180.00
12213	1222	53	45	180.00
12214	1222	54	5	5.00
12215	1222	55	18	144.00
12216	1222	56	36	144.00
12217	1222	57	39	234.00
12218	1222	58	37	185.00
12219	1222	59	36	36.00
12220	1222	60	20	140.00
12221	1223	51	24	120.00
12222	1223	52	27	135.00
12223	1223	53	43	172.00
12224	1223	54	24	24.00
12225	1223	55	3	24.00
12226	1223	56	7	28.00
12227	1223	57	39	234.00
12228	1223	58	15	75.00
12229	1223	59	22	22.00
12230	1223	60	28	196.00
12231	1224	51	15	75.00
12232	1224	52	21	105.00
12233	1224	53	7	28.00
12234	1224	54	33	33.00
12235	1224	55	5	40.00
12236	1224	56	35	140.00
12237	1224	57	49	294.00
12238	1224	58	30	150.00
12239	1224	59	2	2.00
12240	1224	60	30	210.00
12241	1225	51	49	245.00
12242	1225	52	17	85.00
12243	1225	53	24	96.00
12244	1225	54	27	27.00
12245	1225	55	45	360.00
12246	1225	56	35	140.00
12247	1225	57	13	78.00
12248	1225	58	28	140.00
12249	1225	59	30	30.00
12250	1225	60	19	133.00
12251	1226	51	44	220.00
12252	1226	52	13	65.00
12253	1226	53	12	48.00
12254	1226	54	3	3.00
12255	1226	55	11	88.00
12256	1226	56	48	192.00
12257	1226	57	35	210.00
12258	1226	58	12	60.00
12259	1226	59	33	33.00
12260	1226	60	48	336.00
12261	1227	51	23	115.00
12262	1227	52	5	25.00
12263	1227	53	25	100.00
12264	1227	54	22	22.00
12265	1227	55	2	16.00
12266	1227	56	29	116.00
12267	1227	57	3	18.00
12268	1227	58	28	140.00
12269	1227	59	12	12.00
12270	1227	60	13	91.00
12271	1228	51	37	185.00
12272	1228	52	37	185.00
12273	1228	53	5	20.00
12274	1228	54	28	28.00
12275	1228	55	3	24.00
12276	1228	56	32	128.00
12277	1228	57	32	192.00
12278	1228	58	9	45.00
12279	1228	59	20	20.00
12280	1228	60	8	56.00
12281	1229	51	37	185.00
12282	1229	52	29	145.00
12283	1229	53	37	148.00
12284	1229	54	46	46.00
12285	1229	55	22	176.00
12286	1229	56	36	144.00
12287	1229	57	14	84.00
12288	1229	58	39	195.00
12289	1229	59	11	11.00
12290	1229	60	35	245.00
12291	1230	51	23	115.00
12292	1230	52	38	190.00
12293	1230	53	6	24.00
12294	1230	54	48	48.00
12295	1230	55	32	256.00
12296	1230	56	46	184.00
12297	1230	57	23	138.00
12298	1230	58	28	140.00
12299	1230	59	8	8.00
12300	1230	60	10	70.00
12301	1231	51	38	190.00
12302	1231	52	12	60.00
12303	1231	53	36	144.00
12304	1231	54	23	23.00
12305	1231	55	25	200.00
12306	1231	56	22	88.00
12307	1231	57	30	180.00
12308	1231	58	3	15.00
12309	1231	59	7	7.00
12310	1231	60	45	315.00
12311	1232	51	8	40.00
12312	1232	52	21	105.00
12313	1232	53	1	4.00
12314	1232	54	13	13.00
12315	1232	55	12	96.00
12316	1232	56	19	76.00
12317	1232	57	29	174.00
12318	1232	58	48	240.00
12319	1232	59	9	9.00
12320	1232	60	30	210.00
12321	1233	51	4	20.00
12322	1233	52	37	185.00
12323	1233	53	43	172.00
12324	1233	54	6	6.00
12325	1233	55	24	192.00
12326	1233	56	32	128.00
12327	1233	57	28	168.00
12328	1233	58	35	175.00
12329	1233	59	18	18.00
12330	1233	60	16	112.00
12331	1234	51	7	35.00
12332	1234	52	40	200.00
12333	1234	53	33	132.00
12334	1234	54	11	11.00
12335	1234	55	11	88.00
12336	1234	56	30	120.00
12337	1234	57	35	210.00
12338	1234	58	26	130.00
12339	1234	59	15	15.00
12340	1234	60	46	322.00
12341	1235	51	48	240.00
12342	1235	52	45	225.00
12343	1235	53	48	192.00
12344	1235	54	39	39.00
12345	1235	55	23	184.00
12346	1235	56	37	148.00
12347	1235	57	39	234.00
12348	1235	58	8	40.00
12349	1235	59	5	5.00
12350	1235	60	39	273.00
12351	1236	51	32	160.00
12352	1236	52	11	55.00
12353	1236	53	10	40.00
12354	1236	54	49	49.00
12355	1236	55	6	48.00
12356	1236	56	42	168.00
12357	1236	57	50	300.00
12358	1236	58	21	105.00
12359	1236	59	3	3.00
12360	1236	60	6	42.00
12361	1237	51	5	25.00
12362	1237	52	48	240.00
12363	1237	53	11	44.00
12364	1237	54	42	42.00
12365	1237	55	5	40.00
12366	1237	56	3	12.00
12367	1237	57	27	162.00
12368	1237	58	21	105.00
12369	1237	59	8	8.00
12370	1237	60	34	238.00
12371	1238	51	10	50.00
12372	1238	52	49	245.00
12373	1238	53	40	160.00
12374	1238	54	37	37.00
12375	1238	55	45	360.00
12376	1238	56	3	12.00
12377	1238	57	5	30.00
12378	1238	58	1	5.00
12379	1238	59	49	49.00
12380	1238	60	37	259.00
12381	1239	51	26	130.00
12382	1239	52	9	45.00
12383	1239	53	10	40.00
12384	1239	54	50	50.00
12385	1239	55	42	336.00
12386	1239	56	3	12.00
12387	1239	57	3	18.00
12388	1239	58	23	115.00
12389	1239	59	14	14.00
12390	1239	60	4	28.00
12391	1240	51	27	135.00
12392	1240	52	9	45.00
12393	1240	53	32	128.00
12394	1240	54	24	24.00
12395	1240	55	5	40.00
12396	1240	56	20	80.00
12397	1240	57	6	36.00
12398	1240	58	3	15.00
12399	1240	59	17	17.00
12400	1240	60	39	273.00
12401	1241	51	3	15.00
12402	1241	52	27	135.00
12403	1241	53	43	172.00
12404	1241	54	6	6.00
12405	1241	55	24	192.00
12406	1241	56	42	168.00
12407	1241	57	2	12.00
12408	1241	58	20	100.00
12409	1241	59	34	34.00
12410	1241	60	36	252.00
12411	1242	51	28	140.00
12412	1242	52	32	160.00
12413	1242	53	9	36.00
12414	1242	54	22	22.00
12415	1242	55	33	264.00
12416	1242	56	4	16.00
12417	1242	57	4	24.00
12418	1242	58	17	85.00
12419	1242	59	26	26.00
12420	1242	60	28	196.00
12421	1243	51	41	205.00
12422	1243	52	50	250.00
12423	1243	53	43	172.00
12424	1243	54	39	39.00
12425	1243	55	1	8.00
12426	1243	56	29	116.00
12427	1243	57	40	240.00
12428	1243	58	46	230.00
12429	1243	59	32	32.00
12430	1243	60	7	49.00
12431	1244	51	11	55.00
12432	1244	52	50	250.00
12433	1244	53	16	64.00
12434	1244	54	5	5.00
12435	1244	55	20	160.00
12436	1244	56	22	88.00
12437	1244	57	50	300.00
12438	1244	58	15	75.00
12439	1244	59	37	37.00
12440	1244	60	49	343.00
12441	1245	51	13	65.00
12442	1245	52	38	190.00
12443	1245	53	36	144.00
12444	1245	54	1	1.00
12445	1245	55	18	144.00
12446	1245	56	18	72.00
12447	1245	57	40	240.00
12448	1245	58	46	230.00
12449	1245	59	12	12.00
12450	1245	60	32	224.00
12451	1246	51	37	185.00
12452	1246	52	14	70.00
12453	1246	53	30	120.00
12454	1246	54	36	36.00
12455	1246	55	32	256.00
12456	1246	56	28	112.00
12457	1246	57	47	282.00
12458	1246	58	3	15.00
12459	1246	59	43	43.00
12460	1246	60	11	77.00
12461	1247	51	22	110.00
12462	1247	52	44	220.00
12463	1247	53	34	136.00
12464	1247	54	32	32.00
12465	1247	55	42	336.00
12466	1247	56	17	68.00
12467	1247	57	30	180.00
12468	1247	58	38	190.00
12469	1247	59	5	5.00
12470	1247	60	14	98.00
12471	1248	51	29	145.00
12472	1248	52	22	110.00
12473	1248	53	23	92.00
12474	1248	54	32	32.00
12475	1248	55	18	144.00
12476	1248	56	32	128.00
12477	1248	57	50	300.00
12478	1248	58	1	5.00
12479	1248	59	35	35.00
12480	1248	60	31	217.00
12481	1249	51	29	145.00
12482	1249	52	34	170.00
12483	1249	53	3	12.00
12484	1249	54	35	35.00
12485	1249	55	6	48.00
12486	1249	56	2	8.00
12487	1249	57	23	138.00
12488	1249	58	49	245.00
12489	1249	59	35	35.00
12490	1249	60	32	224.00
12491	1250	51	12	60.00
12492	1250	52	32	160.00
12493	1250	53	23	92.00
12494	1250	54	20	20.00
12495	1250	55	25	200.00
12496	1250	56	50	200.00
12497	1250	57	45	270.00
12498	1250	58	17	85.00
12499	1250	59	31	31.00
12500	1250	60	2	14.00
12501	1251	51	37	185.00
12502	1251	52	45	225.00
12503	1251	53	18	72.00
12504	1251	54	24	24.00
12505	1251	55	37	296.00
12506	1251	56	3	12.00
12507	1251	57	5	30.00
12508	1251	58	23	115.00
12509	1251	59	23	23.00
12510	1251	60	43	301.00
12511	1252	51	23	115.00
12512	1252	52	38	190.00
12513	1252	53	34	136.00
12514	1252	54	9	9.00
12515	1252	55	28	224.00
12516	1252	56	31	124.00
12517	1252	57	40	240.00
12518	1252	58	46	230.00
12519	1252	59	4	4.00
12520	1252	60	17	119.00
12521	1253	51	37	185.00
12522	1253	52	40	200.00
12523	1253	53	11	44.00
12524	1253	54	34	34.00
12525	1253	55	21	168.00
12526	1253	56	6	24.00
12527	1253	57	31	186.00
12528	1253	58	22	110.00
12529	1253	59	25	25.00
12530	1253	60	16	112.00
12531	1254	51	13	65.00
12532	1254	52	11	55.00
12533	1254	53	47	188.00
12534	1254	54	27	27.00
12535	1254	55	16	128.00
12536	1254	56	47	188.00
12537	1254	57	26	156.00
12538	1254	58	8	40.00
12539	1254	59	21	21.00
12540	1254	60	7	49.00
12541	1255	51	3	15.00
12542	1255	52	42	210.00
12543	1255	53	40	160.00
12544	1255	54	40	40.00
12545	1255	55	37	296.00
12546	1255	56	15	60.00
12547	1255	57	45	270.00
12548	1255	58	34	170.00
12549	1255	59	24	24.00
12550	1255	60	46	322.00
12551	1256	51	39	195.00
12552	1256	52	43	215.00
12553	1256	53	12	48.00
12554	1256	54	16	16.00
12555	1256	55	45	360.00
12556	1256	56	8	32.00
12557	1256	57	35	210.00
12558	1256	58	13	65.00
12559	1256	59	15	15.00
12560	1256	60	37	259.00
12561	1257	51	35	175.00
12562	1257	52	42	210.00
12563	1257	53	42	168.00
12564	1257	54	22	22.00
12565	1257	55	21	168.00
12566	1257	56	34	136.00
12567	1257	57	24	144.00
12568	1257	58	26	130.00
12569	1257	59	23	23.00
12570	1257	60	35	245.00
12571	1258	51	26	130.00
12572	1258	52	27	135.00
12573	1258	53	24	96.00
12574	1258	54	25	25.00
12575	1258	55	5	40.00
12576	1258	56	10	40.00
12577	1258	57	22	132.00
12578	1258	58	18	90.00
12579	1258	59	17	17.00
12580	1258	60	33	231.00
12581	1259	51	5	25.00
12582	1259	52	46	230.00
12583	1259	53	42	168.00
12584	1259	54	22	22.00
12585	1259	55	26	208.00
12586	1259	56	24	96.00
12587	1259	57	37	222.00
12588	1259	58	29	145.00
12589	1259	59	44	44.00
12590	1259	60	15	105.00
12591	1260	51	42	210.00
12592	1260	52	9	45.00
12593	1260	53	15	60.00
12594	1260	54	21	21.00
12595	1260	55	17	136.00
12596	1260	56	20	80.00
12597	1260	57	36	216.00
12598	1260	58	49	245.00
12599	1260	59	49	49.00
12600	1260	60	31	217.00
12601	1261	51	27	135.00
12602	1261	52	16	80.00
12603	1261	53	18	72.00
12604	1261	54	47	47.00
12605	1261	55	4	32.00
12606	1261	56	45	180.00
12607	1261	57	41	246.00
12608	1261	58	17	85.00
12609	1261	59	50	50.00
12610	1261	60	18	126.00
12611	1262	51	22	110.00
12612	1262	52	48	240.00
12613	1262	53	23	92.00
12614	1262	54	12	12.00
12615	1262	55	25	200.00
12616	1262	56	16	64.00
12617	1262	57	9	54.00
12618	1262	58	7	35.00
12619	1262	59	19	19.00
12620	1262	60	42	294.00
12621	1263	51	43	215.00
12622	1263	52	13	65.00
12623	1263	53	34	136.00
12624	1263	54	24	24.00
12625	1263	55	35	280.00
12626	1263	56	34	136.00
12627	1263	57	24	144.00
12628	1263	58	43	215.00
12629	1263	59	11	11.00
12630	1263	60	45	315.00
12631	1264	51	24	120.00
12632	1264	52	41	205.00
12633	1264	53	2	8.00
12634	1264	54	2	2.00
12635	1264	55	43	344.00
12636	1264	56	32	128.00
12637	1264	57	31	186.00
12638	1264	58	23	115.00
12639	1264	59	10	10.00
12640	1264	60	15	105.00
12641	1265	51	27	135.00
12642	1265	52	17	85.00
12643	1265	53	42	168.00
12644	1265	54	14	14.00
12645	1265	55	30	240.00
12646	1265	56	48	192.00
12647	1265	57	17	102.00
12648	1265	58	28	140.00
12649	1265	59	39	39.00
12650	1265	60	35	245.00
12651	1266	51	28	140.00
12652	1266	52	19	95.00
12653	1266	53	30	120.00
12654	1266	54	38	38.00
12655	1266	55	13	104.00
12656	1266	56	27	108.00
12657	1266	57	34	204.00
12658	1266	58	5	25.00
12659	1266	59	48	48.00
12660	1266	60	3	21.00
12661	1267	51	27	135.00
12662	1267	52	4	20.00
12663	1267	53	40	160.00
12664	1267	54	10	10.00
12665	1267	55	41	328.00
12666	1267	56	23	92.00
12667	1267	57	9	54.00
12668	1267	58	30	150.00
12669	1267	59	31	31.00
12670	1267	60	45	315.00
12671	1268	51	34	170.00
12672	1268	52	24	120.00
12673	1268	53	12	48.00
12674	1268	54	19	19.00
12675	1268	55	41	328.00
12676	1268	56	29	116.00
12677	1268	57	2	12.00
12678	1268	58	24	120.00
12679	1268	59	34	34.00
12680	1268	60	19	133.00
12681	1269	51	38	190.00
12682	1269	52	26	130.00
12683	1269	53	26	104.00
12684	1269	54	39	39.00
12685	1269	55	24	192.00
12686	1269	56	5	20.00
12687	1269	57	20	120.00
12688	1269	58	42	210.00
12689	1269	59	33	33.00
12690	1269	60	46	322.00
12691	1270	51	11	55.00
12692	1270	52	4	20.00
12693	1270	53	16	64.00
12694	1270	54	23	23.00
12695	1270	55	43	344.00
12696	1270	56	24	96.00
12697	1270	57	41	246.00
12698	1270	58	28	140.00
12699	1270	59	38	38.00
12700	1270	60	43	301.00
12701	1271	51	12	60.00
12702	1271	52	8	40.00
12703	1271	53	21	84.00
12704	1271	54	33	33.00
12705	1271	55	22	176.00
12706	1271	56	34	136.00
12707	1271	57	35	210.00
12708	1271	58	46	230.00
12709	1271	59	21	21.00
12710	1271	60	48	336.00
12711	1272	51	37	185.00
12712	1272	52	37	185.00
12713	1272	53	23	92.00
12714	1272	54	45	45.00
12715	1272	55	18	144.00
12716	1272	56	29	116.00
12717	1272	57	14	84.00
12718	1272	58	14	70.00
12719	1272	59	40	40.00
12720	1272	60	9	63.00
12721	1273	51	20	100.00
12722	1273	52	15	75.00
12723	1273	53	27	108.00
12724	1273	54	50	50.00
12725	1273	55	7	56.00
12726	1273	56	32	128.00
12727	1273	57	16	96.00
12728	1273	58	30	150.00
12729	1273	59	17	17.00
12730	1273	60	31	217.00
12731	1274	51	40	200.00
12732	1274	52	6	30.00
12733	1274	53	10	40.00
12734	1274	54	46	46.00
12735	1274	55	50	400.00
12736	1274	56	25	100.00
12737	1274	57	32	192.00
12738	1274	58	46	230.00
12739	1274	59	4	4.00
12740	1274	60	17	119.00
12741	1275	51	7	35.00
12742	1275	52	20	100.00
12743	1275	53	29	116.00
12744	1275	54	32	32.00
12745	1275	55	12	96.00
12746	1275	56	1	4.00
12747	1275	57	41	246.00
12748	1275	58	37	185.00
12749	1275	59	47	47.00
12750	1275	60	35	245.00
12751	1276	51	2	10.00
12752	1276	52	32	160.00
12753	1276	53	27	108.00
12754	1276	54	22	22.00
12755	1276	55	44	352.00
12756	1276	56	21	84.00
12757	1276	57	20	120.00
12758	1276	58	17	85.00
12759	1276	59	5	5.00
12760	1276	60	32	224.00
12761	1277	51	20	100.00
12762	1277	52	9	45.00
12763	1277	53	48	192.00
12764	1277	54	18	18.00
12765	1277	55	50	400.00
12766	1277	56	9	36.00
12767	1277	57	4	24.00
12768	1277	58	8	40.00
12769	1277	59	22	22.00
12770	1277	60	11	77.00
12771	1278	51	7	35.00
12772	1278	52	44	220.00
12773	1278	53	23	92.00
12774	1278	54	29	29.00
12775	1278	55	41	328.00
12776	1278	56	24	96.00
12777	1278	57	29	174.00
12778	1278	58	32	160.00
12779	1278	59	27	27.00
12780	1278	60	14	98.00
12781	1279	51	43	215.00
12782	1279	52	32	160.00
12783	1279	53	35	140.00
12784	1279	54	11	11.00
12785	1279	55	23	184.00
12786	1279	56	10	40.00
12787	1279	57	2	12.00
12788	1279	58	4	20.00
12789	1279	59	46	46.00
12790	1279	60	17	119.00
12791	1280	51	24	120.00
12792	1280	52	17	85.00
12793	1280	53	15	60.00
12794	1280	54	6	6.00
12795	1280	55	46	368.00
12796	1280	56	44	176.00
12797	1280	57	22	132.00
12798	1280	58	29	145.00
12799	1280	59	3	3.00
12800	1280	60	6	42.00
12801	1281	51	49	245.00
12802	1281	52	47	235.00
12803	1281	53	44	176.00
12804	1281	54	3	3.00
12805	1281	55	1	8.00
12806	1281	56	20	80.00
12807	1281	57	30	180.00
12808	1281	58	6	30.00
12809	1281	59	25	25.00
12810	1281	60	38	266.00
12811	1282	51	7	35.00
12812	1282	52	46	230.00
12813	1282	53	13	52.00
12814	1282	54	22	22.00
12815	1282	55	6	48.00
12816	1282	56	7	28.00
12817	1282	57	45	270.00
12818	1282	58	46	230.00
12819	1282	59	7	7.00
12820	1282	60	22	154.00
12821	1283	51	8	40.00
12822	1283	52	28	140.00
12823	1283	53	50	200.00
12824	1283	54	32	32.00
12825	1283	55	48	384.00
12826	1283	56	36	144.00
12827	1283	57	18	108.00
12828	1283	58	40	200.00
12829	1283	59	7	7.00
12830	1283	60	47	329.00
12831	1284	51	6	30.00
12832	1284	52	25	125.00
12833	1284	53	1	4.00
12834	1284	54	23	23.00
12835	1284	55	3	24.00
12836	1284	56	20	80.00
12837	1284	57	34	204.00
12838	1284	58	42	210.00
12839	1284	59	3	3.00
12840	1284	60	28	196.00
12841	1285	51	18	90.00
12842	1285	52	38	190.00
12843	1285	53	10	40.00
12844	1285	54	28	28.00
12845	1285	55	40	320.00
12846	1285	56	10	40.00
12847	1285	57	48	288.00
12848	1285	58	41	205.00
12849	1285	59	40	40.00
12850	1285	60	37	259.00
12851	1286	51	33	165.00
12852	1286	52	27	135.00
12853	1286	53	4	16.00
12854	1286	54	30	30.00
12855	1286	55	21	168.00
12856	1286	56	46	184.00
12857	1286	57	45	270.00
12858	1286	58	36	180.00
12859	1286	59	1	1.00
12860	1286	60	12	84.00
12861	1287	51	9	45.00
12862	1287	52	48	240.00
12863	1287	53	19	76.00
12864	1287	54	29	29.00
12865	1287	55	6	48.00
12866	1287	56	14	56.00
12867	1287	57	21	126.00
12868	1287	58	50	250.00
12869	1287	59	44	44.00
12870	1287	60	44	308.00
12871	1288	51	39	195.00
12872	1288	52	47	235.00
12873	1288	53	16	64.00
12874	1288	54	26	26.00
12875	1288	55	24	192.00
12876	1288	56	12	48.00
12877	1288	57	37	222.00
12878	1288	58	25	125.00
12879	1288	59	10	10.00
12880	1288	60	3	21.00
12881	1289	51	28	140.00
12882	1289	52	5	25.00
12883	1289	53	23	92.00
12884	1289	54	31	31.00
12885	1289	55	50	400.00
12886	1289	56	4	16.00
12887	1289	57	46	276.00
12888	1289	58	19	95.00
12889	1289	59	37	37.00
12890	1289	60	34	238.00
12891	1290	51	15	75.00
12892	1290	52	40	200.00
12893	1290	53	37	148.00
12894	1290	54	27	27.00
12895	1290	55	36	288.00
12896	1290	56	45	180.00
12897	1290	57	43	258.00
12898	1290	58	26	130.00
12899	1290	59	32	32.00
12900	1290	60	24	168.00
12901	1291	51	10	50.00
12902	1291	52	6	30.00
12903	1291	53	21	84.00
12904	1291	54	21	21.00
12905	1291	55	20	160.00
12906	1291	56	16	64.00
12907	1291	57	31	186.00
12908	1291	58	44	220.00
12909	1291	59	38	38.00
12910	1291	60	37	259.00
12911	1292	51	37	185.00
12912	1292	52	20	100.00
12913	1292	53	31	124.00
12914	1292	54	34	34.00
12915	1292	55	17	136.00
12916	1292	56	13	52.00
12917	1292	57	9	54.00
12918	1292	58	13	65.00
12919	1292	59	4	4.00
12920	1292	60	18	126.00
12921	1293	51	12	60.00
12922	1293	52	35	175.00
12923	1293	53	49	196.00
12924	1293	54	13	13.00
12925	1293	55	12	96.00
12926	1293	56	46	184.00
12927	1293	57	22	132.00
12928	1293	58	8	40.00
12929	1293	59	34	34.00
12930	1293	60	16	112.00
12931	1294	51	12	60.00
12932	1294	52	31	155.00
12933	1294	53	30	120.00
12934	1294	54	14	14.00
12935	1294	55	7	56.00
12936	1294	56	33	132.00
12937	1294	57	43	258.00
12938	1294	58	45	225.00
12939	1294	59	8	8.00
12940	1294	60	30	210.00
12941	1295	51	35	175.00
12942	1295	52	44	220.00
12943	1295	53	13	52.00
12944	1295	54	27	27.00
12945	1295	55	35	280.00
12946	1295	56	39	156.00
12947	1295	57	36	216.00
12948	1295	58	45	225.00
12949	1295	59	15	15.00
12950	1295	60	49	343.00
12951	1296	51	7	35.00
12952	1296	52	33	165.00
12953	1296	53	45	180.00
12954	1296	54	12	12.00
12955	1296	55	11	88.00
12956	1296	56	39	156.00
12957	1296	57	17	102.00
12958	1296	58	29	145.00
12959	1296	59	8	8.00
12960	1296	60	34	238.00
12961	1297	51	16	80.00
12962	1297	52	47	235.00
12963	1297	53	14	56.00
12964	1297	54	33	33.00
12965	1297	55	13	104.00
12966	1297	56	46	184.00
12967	1297	57	43	258.00
12968	1297	58	43	215.00
12969	1297	59	47	47.00
12970	1297	60	31	217.00
12971	1298	51	19	95.00
12972	1298	52	4	20.00
12973	1298	53	11	44.00
12974	1298	54	1	1.00
12975	1298	55	5	40.00
12976	1298	56	7	28.00
12977	1298	57	10	60.00
12978	1298	58	50	250.00
12979	1298	59	37	37.00
12980	1298	60	39	273.00
12981	1299	51	31	155.00
12982	1299	52	30	150.00
12983	1299	53	7	28.00
12984	1299	54	48	48.00
12985	1299	55	48	384.00
12986	1299	56	4	16.00
12987	1299	57	45	270.00
12988	1299	58	45	225.00
12989	1299	59	18	18.00
12990	1299	60	22	154.00
12991	1300	51	42	210.00
12992	1300	52	48	240.00
12993	1300	53	24	96.00
12994	1300	54	42	42.00
12995	1300	55	46	368.00
12996	1300	56	26	104.00
12997	1300	57	39	234.00
12998	1300	58	47	235.00
12999	1300	59	4	4.00
13000	1300	60	27	189.00
13001	1301	51	14	70.00
13002	1301	52	40	200.00
13003	1301	53	9	36.00
13004	1301	54	13	13.00
13005	1301	55	3	24.00
13006	1301	56	39	156.00
13007	1301	57	3	18.00
13008	1301	58	13	65.00
13009	1301	59	12	12.00
13010	1301	60	14	98.00
13011	1302	51	7	35.00
13012	1302	52	35	175.00
13013	1302	53	48	192.00
13014	1302	54	11	11.00
13015	1302	55	28	224.00
13016	1302	56	34	136.00
13017	1302	57	23	138.00
13018	1302	58	32	160.00
13019	1302	59	20	20.00
13020	1302	60	33	231.00
13021	1303	51	42	210.00
13022	1303	52	28	140.00
13023	1303	53	31	124.00
13024	1303	54	21	21.00
13025	1303	55	19	152.00
13026	1303	56	1	4.00
13027	1303	57	2	12.00
13028	1303	58	24	120.00
13029	1303	59	2	2.00
13030	1303	60	3	21.00
13031	1304	51	25	125.00
13032	1304	52	36	180.00
13033	1304	53	1	4.00
13034	1304	54	50	50.00
13035	1304	55	37	296.00
13036	1304	56	50	200.00
13037	1304	57	1	6.00
13038	1304	58	28	140.00
13039	1304	59	20	20.00
13040	1304	60	31	217.00
13041	1305	51	10	50.00
13042	1305	52	16	80.00
13043	1305	53	28	112.00
13044	1305	54	35	35.00
13045	1305	55	49	392.00
13046	1305	56	48	192.00
13047	1305	57	31	186.00
13048	1305	58	37	185.00
13049	1305	59	48	48.00
13050	1305	60	3	21.00
13051	1306	51	12	60.00
13052	1306	52	46	230.00
13053	1306	53	4	16.00
13054	1306	54	13	13.00
13055	1306	55	34	272.00
13056	1306	56	3	12.00
13057	1306	57	31	186.00
13058	1306	58	27	135.00
13059	1306	59	15	15.00
13060	1306	60	40	280.00
13061	1307	51	37	185.00
13062	1307	52	11	55.00
13063	1307	53	16	64.00
13064	1307	54	4	4.00
13065	1307	55	30	240.00
13066	1307	56	49	196.00
13067	1307	57	23	138.00
13068	1307	58	36	180.00
13069	1307	59	13	13.00
13070	1307	60	16	112.00
13071	1308	51	8	40.00
13072	1308	52	24	120.00
13073	1308	53	27	108.00
13074	1308	54	21	21.00
13075	1308	55	10	80.00
13076	1308	56	13	52.00
13077	1308	57	40	240.00
13078	1308	58	5	25.00
13079	1308	59	32	32.00
13080	1308	60	10	70.00
13081	1309	51	42	210.00
13082	1309	52	21	105.00
13083	1309	53	41	164.00
13084	1309	54	23	23.00
13085	1309	55	11	88.00
13086	1309	56	33	132.00
13087	1309	57	18	108.00
13088	1309	58	24	120.00
13089	1309	59	14	14.00
13090	1309	60	25	175.00
13091	1310	51	2	10.00
13092	1310	52	4	20.00
13093	1310	53	43	172.00
13094	1310	54	41	41.00
13095	1310	55	22	176.00
13096	1310	56	4	16.00
13097	1310	57	37	222.00
13098	1310	58	37	185.00
13099	1310	59	13	13.00
13100	1310	60	30	210.00
13101	1311	51	10	50.00
13102	1311	52	16	80.00
13103	1311	53	20	80.00
13104	1311	54	31	31.00
13105	1311	55	12	96.00
13106	1311	56	23	92.00
13107	1311	57	44	264.00
13108	1311	58	19	95.00
13109	1311	59	34	34.00
13110	1311	60	8	56.00
13111	1312	51	38	190.00
13112	1312	52	35	175.00
13113	1312	53	27	108.00
13114	1312	54	20	20.00
13115	1312	55	18	144.00
13116	1312	56	20	80.00
13117	1312	57	48	288.00
13118	1312	58	19	95.00
13119	1312	59	3	3.00
13120	1312	60	19	133.00
13121	1313	51	23	115.00
13122	1313	52	31	155.00
13123	1313	53	49	196.00
13124	1313	54	46	46.00
13125	1313	55	44	352.00
13126	1313	56	12	48.00
13127	1313	57	50	300.00
13128	1313	58	23	115.00
13129	1313	59	20	20.00
13130	1313	60	1	7.00
\.


--
-- Name: orders_products_orders_product_id_seq; Type: SEQUENCE SET; Schema: public; Owner: afra
--

SELECT pg_catalog.setval('public.orders_products_orders_product_id_seq', 13130, true);


--
-- Data for Name: products; Type: TABLE DATA; Schema: public; Owner: afra
--

COPY public.products (product_id, name, unit_price) FROM stdin;
1	kxdwcwsg	4.00
2	taoyckrk	10.00
3	iboamxrj	2.00
4	togxszle	6.00
5	aipefzww	4.00
6	ingmgdsm	5.00
7	ajghdtey	1.00
8	imsgzgtq	7.00
9	scaovjjr	5.00
10	phwmxrrm	3.00
11	rbojciji	4.00
12	yrtvbfbc	8.00
13	piqcazlo	7.00
14	safdrrwv	6.00
15	mxhqrxsn	8.00
16	xevejxwx	1.00
17	zmhrhexm	10.00
18	lbunsebn	7.00
19	tlhxqsxw	5.00
20	achgappe	1.00
21	sahxwpbi	7.00
22	pxltyikj	5.00
23	asypzxaa	3.00
24	yvwztslf	1.00
25	pkbqsfxa	6.00
26	pwfgapoa	4.00
27	xeoznffi	10.00
28	spibqxdf	4.00
29	skupavik	1.00
30	kmwxhxrm	10.00
31	fwruuzrm	5.00
32	bwoulfih	3.00
33	lhyvfbad	8.00
34	utfgmxxo	9.00
35	hbzjmiyu	8.00
36	oipjcvxm	3.00
37	qwmedbtm	8.00
38	pcunfcer	4.00
39	xxiabewn	9.00
40	byrmetwq	1.00
41	gxwowxqo	9.00
42	ivwnbxxp	3.00
43	mmqgvtbo	2.00
44	wyfwmqjo	8.00
45	uojuvmok	6.00
46	ptrfdxpp	7.00
47	lbayxqqp	2.00
48	oyyofiut	5.00
49	rahxeupc	1.00
50	jbyieeri	3.00
51	wnelnmev	5.00
52	cspcasgk	5.00
53	npglyfzf	4.00
54	ywdlrmql	1.00
55	keugfuzb	8.00
56	dgfgzdqj	4.00
57	tnspyybo	6.00
58	yxarmbsp	5.00
59	aktgkmda	1.00
60	lbxhuojv	7.00
61	jpvlwgxo	10.00
62	gctxscul	6.00
63	unqageei	8.00
64	tlmmsztm	1.00
65	pssllvhu	2.00
66	wwnhtzsz	9.00
67	umixqkpx	1.00
68	ouxdisaw	7.00
69	jzklmago	7.00
70	uiakyxtw	3.00
71	svegopqr	4.00
72	rpigateq	3.00
73	mwqhohkx	3.00
74	mbinayfe	9.00
75	pqenpnsp	4.00
76	ghpaooqc	7.00
77	rfcufzol	3.00
78	yvzbjhqc	9.00
79	lfituujw	10.00
80	jqhfajwu	1.00
81	cakfzulh	6.00
82	ofzhnufh	6.00
83	abjxrppd	7.00
84	qtcqejpq	9.00
85	ffcrqfpm	5.00
86	srzsrssf	7.00
87	hqfxxftd	5.00
88	pxfizhdb	6.00
89	lvwdudxy	5.00
90	mufaftic	7.00
91	reafaaeo	8.00
92	buooghui	3.00
93	wbneuvpd	1.00
94	nyzcgvyb	1.00
95	oercxxdx	3.00
96	bqgsscni	8.00
97	ilxggbzz	1.00
98	gjntfbbo	1.00
99	qpnrgwfx	6.00
100	leqnmawq	3.00
101	pxppvmfb	9.00
102	xtytrngv	2.00
103	nrzyuzan	6.00
104	msnuhmvi	1.00
105	ryjrmklh	6.00
106	mdxzedsj	1.00
107	mlxqxwbb	5.00
108	qieiytaf	7.00
109	gnyiloqz	8.00
110	uvuaxjih	2.00
111	modoajgd	1.00
112	hqlforoq	8.00
113	catsnkck	6.00
114	rqjwwuns	8.00
115	azespopo	1.00
116	xrmhfmip	7.00
117	rkldkznp	4.00
118	ltpubhtt	10.00
119	kvhvppry	3.00
120	nzdnissh	4.00
121	jhshttrh	8.00
122	oeikivld	1.00
123	cipoqmpr	10.00
124	bpbfhxrx	1.00
125	pjoumedy	6.00
126	qenomhcl	3.00
127	eajksntm	1.00
128	oswywqdf	10.00
129	dtreajgj	6.00
130	egqerbwk	1.00
131	gldlykkh	1.00
132	icfidrzr	10.00
133	ciucrkpw	10.00
134	nmogqsfb	7.00
135	grveklmr	1.00
136	tydkfbdx	4.00
137	fglwuayb	10.00
138	dffuzdex	2.00
139	dwniwjkh	4.00
140	nqslxtwz	9.00
141	zwcuirog	3.00
142	dvgimwze	8.00
143	tjkdpxyi	1.00
144	pysnzyfn	1.00
145	pvudxrvt	8.00
146	fzprzume	7.00
147	maorrqdr	7.00
148	qmimbuho	9.00
149	ycczuowp	3.00
150	ptzvnztx	8.00
151	klswhcwi	6.00
152	lhywcafk	5.00
153	przurxoo	4.00
154	dsruecmt	9.00
155	uuukjzvt	5.00
156	usysnqth	6.00
157	ciolqvuu	6.00
158	vwkkfpjw	7.00
159	cwnlzysi	1.00
160	cofnbooe	7.00
161	kypjdtwm	8.00
162	isfjgnhn	2.00
163	gayytely	3.00
164	bbhaatze	8.00
165	elvjznrr	4.00
166	cnpgbphf	10.00
167	idtyvuic	1.00
168	gkljvtzd	1.00
169	bfmavdmd	1.00
170	uxqnhzjr	5.00
171	kjdfiern	4.00
172	ihpqmiqm	5.00
173	jahedpva	8.00
174	naooelyv	4.00
175	nzxokaxs	9.00
176	ffwyehpu	9.00
177	ustodbtv	5.00
178	awdevaux	7.00
179	sovtdjzc	8.00
180	zivclchd	7.00
181	ywswsnwa	6.00
182	zrhmkeqm	7.00
183	kqotcdld	8.00
184	lwyysdzh	4.00
185	llbjygzo	3.00
186	hjyioayx	1.00
187	efjuuuwh	8.00
188	cfrjpcbl	1.00
189	ravxbylz	5.00
190	axzfwyez	1.00
191	mddyzpgp	10.00
192	dacemqwb	5.00
193	usfezxmp	3.00
194	rlicjjhz	7.00
195	efsskqkb	5.00
196	wkxigcvl	9.00
197	veadvsds	10.00
198	zodgrvmr	4.00
199	vhbnfzaf	6.00
200	rdvrpxqq	2.00
201	plknmohf	3.00
202	qpfldsqb	9.00
203	psksmzcr	7.00
204	tvbsldix	10.00
205	yheawine	4.00
206	mvohqlnu	4.00
207	zplihgzm	1.00
208	aintsrlg	7.00
209	tbqvldgl	6.00
210	evmfalgf	4.00
211	qhgugtkj	5.00
212	laogxixh	7.00
213	bqyavmbr	5.00
214	vvsjjscu	4.00
215	ugfykdrv	7.00
216	jfzgfpdb	1.00
217	owlqjuej	8.00
218	gbafysbf	5.00
219	ysvungjg	5.00
220	vuxmyhyc	8.00
221	qcohnrie	8.00
222	glwmxrgy	10.00
223	vxulxmyw	4.00
224	nqhulmyy	6.00
225	nrayrful	9.00
226	ppkpfqaw	6.00
227	fqopbldc	4.00
228	tarfgdrr	8.00
229	avpdhscr	10.00
230	lhhyqlzk	2.00
231	livtjnxy	3.00
232	mlwsgwvm	7.00
233	osnzpwbl	3.00
234	hicfmpxy	2.00
235	tquhvxdt	10.00
236	wfyjfxnx	7.00
237	qzhhdtkg	3.00
238	newxrhaj	3.00
239	xifnrhaz	6.00
240	gpteevta	7.00
241	pcqzajns	8.00
242	sgfdcnac	4.00
243	kmsasqes	9.00
244	mfsavhjf	1.00
245	bcgovbcq	3.00
246	demdmcib	5.00
247	dszfwtif	4.00
248	pjabvbwx	8.00
249	stdpuggr	9.00
250	wltyesko	2.00
251	zbxhgjns	4.00
252	niccyrdp	8.00
253	zsedcwdv	8.00
254	pzynnlhl	3.00
255	semxadcu	4.00
256	mswbmowz	9.00
257	vggtnkki	1.00
258	orsnsavm	9.00
259	lgfvxces	10.00
260	upkdvlfk	2.00
261	bxldamgp	8.00
262	fpgiheyu	8.00
263	aneqirzc	10.00
264	ezgheqav	6.00
265	qxwqvyuh	4.00
266	jigckkoy	6.00
267	wsneloyp	2.00
268	pkvwleme	10.00
269	uryatpqj	1.00
270	qyfcjhgi	9.00
271	gdkilaot	6.00
272	bgqmzzfk	5.00
273	xtnvyhnl	7.00
274	ffhkrano	7.00
275	aabyzupd	7.00
276	wzgizrqt	1.00
277	nxyxdnpr	3.00
278	jmlujivn	4.00
279	atofgaoz	9.00
280	rbruuesh	1.00
281	fwuscxbl	9.00
282	ekogfkwt	10.00
283	zqymdthj	7.00
284	qinzpnam	9.00
285	sbbfzjjk	5.00
286	auvwdvnj	7.00
287	ncybbflw	2.00
288	gtchtopj	10.00
289	rimhygrc	9.00
290	nffoxtia	6.00
291	craofrnq	2.00
292	wpnccspl	6.00
293	fuizwxwt	1.00
294	ddodkahm	7.00
295	ljbbnlzh	10.00
296	vfurdfyo	8.00
297	biikkusb	10.00
298	rlivcrbe	3.00
299	qmjjmspy	3.00
300	cdyzcbva	3.00
301	abjyvzvd	9.00
302	mxrdyyqi	2.00
303	lpiisqtr	9.00
304	cltizynu	1.00
305	wsesslcn	10.00
306	uakdnmyk	9.00
307	msevifav	10.00
308	stdxziqw	10.00
309	uasrnscz	8.00
310	rrdinvra	10.00
311	ngmxjptl	10.00
312	tbsfgsvb	9.00
313	evlgezui	3.00
314	rexbwryl	8.00
315	bdnhnyuj	3.00
316	aybevuog	3.00
317	wvbreain	4.00
318	bxhbdyom	9.00
319	kseefcwm	7.00
320	gflvkllr	6.00
321	zdjmppnp	8.00
322	pujarshl	9.00
323	tjwltxms	8.00
324	cunffprb	4.00
325	jpxpbzsw	10.00
326	muzojzpu	6.00
327	ushqezoe	1.00
328	vvxgexjc	8.00
329	zgeqempo	2.00
330	qstynpky	2.00
331	dfuimmwh	4.00
332	uaqqvrwr	7.00
333	lwkjxpoq	3.00
334	kwbwbgci	3.00
335	mooxyihg	5.00
336	alpazdzv	3.00
337	zbgglsmz	5.00
338	rfsdrltz	2.00
339	zndmzctu	1.00
340	btyxrxvn	9.00
341	latzrcdw	9.00
342	oghqgdty	8.00
343	aloabfzk	9.00
344	niigsykd	5.00
345	lndrjght	8.00
346	sfrsdbdt	4.00
347	qqhkuqqs	10.00
348	yjkczpuk	9.00
349	wotfzwpk	6.00
350	euscslpq	5.00
351	rhxxirpk	5.00
352	zycqpglk	3.00
353	dwjovutx	4.00
354	ybmseubz	1.00
355	kcrdetay	8.00
356	cxxlmyca	7.00
357	omcmquar	6.00
358	iwxyydmr	8.00
359	xjuquwue	5.00
360	oznahlra	3.00
361	lflrsabt	3.00
362	bjfnjgwk	2.00
363	alzvjdyx	4.00
364	hmjngfgs	9.00
365	cmdktqhw	4.00
366	srgyntjc	7.00
367	uztasfrg	7.00
368	cyxukxst	7.00
369	nogqjnly	8.00
370	nhazhdtk	6.00
371	mhnunjgr	8.00
372	stqceryd	2.00
373	ysaelbik	10.00
374	medljlgc	9.00
375	yeimqdmg	5.00
376	wfhpuyig	1.00
377	gwcnshot	9.00
378	adyucldu	9.00
379	rsqqonlb	2.00
380	mbdysylu	7.00
381	supfvqzd	10.00
382	awstsohx	10.00
383	lebhyymk	10.00
384	qopnokkg	9.00
385	agfvyaph	6.00
386	igplrabr	2.00
387	hlzdayti	6.00
388	vymqotqr	8.00
389	hfoagmfz	7.00
390	mhjmwccn	2.00
391	qwfrbmrc	9.00
392	vpwvmokw	5.00
393	eflaeyke	5.00
394	qzvzccyn	8.00
395	uvowlyrv	10.00
396	daarbikd	2.00
397	yzoboyss	7.00
398	hylwszhe	5.00
399	ntpwstjg	7.00
400	fjcnhgaf	2.00
401	jzfhtqew	8.00
402	sxcrqmew	7.00
403	pglyhdrz	7.00
404	ygaddwhk	9.00
405	iorlejui	4.00
406	qnnthzvq	3.00
407	ywyerhak	9.00
408	tsgfcxot	8.00
409	ilrwmdur	3.00
410	ikzkddnr	10.00
411	utulwhoi	4.00
412	rianmzxz	9.00
413	vonfmogn	1.00
414	rklypxev	7.00
415	zufundwt	1.00
416	wkwdpczb	4.00
417	puqavyjs	2.00
418	drotbxqg	5.00
419	wugulpiz	7.00
420	rnbloark	2.00
421	nlcksuow	9.00
422	jimxynru	2.00
423	isqjnvdf	1.00
424	wjipjwhk	3.00
425	ycqjtvhe	8.00
426	vdavfanh	2.00
427	yryvhjwx	6.00
428	aqxmhlgq	10.00
429	tnsaakfw	4.00
430	hfhuoadl	3.00
431	hwqvikdp	7.00
432	ulftpfsm	8.00
433	sbvfvccq	1.00
434	oqapdrdx	3.00
435	ajehkxnq	4.00
436	bhcnqzro	4.00
437	mjkreaxm	1.00
438	ehejgjon	4.00
439	hgxtcpub	1.00
440	elrfjkuk	5.00
441	epynzikp	4.00
442	yuxywsyl	10.00
443	oyruatws	2.00
444	wgwifsun	3.00
445	jhwuhlkx	5.00
446	pnvbbcaq	1.00
447	maxjyawu	3.00
448	yhezjzcy	7.00
449	uneanfnd	8.00
450	eqcqysng	3.00
451	hcwiubot	5.00
452	pelppojs	8.00
453	honnrxlg	9.00
454	oazakpxe	2.00
455	jowbpshk	8.00
456	jqhyumad	9.00
457	gvgbuwps	2.00
458	xchfmnep	8.00
459	cwrusinp	3.00
460	augcdwmx	2.00
461	agbapeqk	8.00
462	xtbifvoj	10.00
463	smscgbdp	9.00
464	gploogkd	1.00
465	vbylpktk	5.00
466	bpkbpwyq	3.00
467	jufphrfa	10.00
468	wkgqtgwn	10.00
469	rsawdqoc	7.00
470	aycubaxe	2.00
471	xvfwegma	5.00
472	semdvira	6.00
473	uiojmppo	4.00
474	tbruyjui	9.00
475	mkqxvtxe	3.00
476	diyhxwie	5.00
477	ptzcqizg	6.00
478	mdjytkbk	1.00
479	wkegqaag	10.00
480	dddndqfh	5.00
481	vzhkaxvp	7.00
482	uqihegwc	3.00
483	snucmrpn	3.00
484	xlvusujj	6.00
485	khacxicq	8.00
486	sgxnwilt	10.00
487	wylkqdge	5.00
488	tudisuln	1.00
489	pgjcqbeq	8.00
490	cpypmgnf	6.00
491	zxjqdtgj	7.00
492	bnsgekxh	2.00
493	qynzklhq	9.00
494	fazloufn	2.00
495	kdvbsfmg	5.00
496	ubmnndpa	8.00
497	jwlvgyjx	7.00
498	vchdzkst	4.00
499	hnmxnoww	1.00
500	dxqldetb	1.00
501	ygkigtvc	5.00
502	xqoeyhss	1.00
503	xnamcjta	2.00
504	lydeovdj	4.00
505	sabkkaop	9.00
506	twftflup	1.00
507	sbkvzgxe	1.00
508	xkphfpvo	1.00
509	dwcgvdjd	1.00
510	oyjzyuct	1.00
511	vwgeeots	4.00
512	kjzbsxti	9.00
513	wuhtvwmi	8.00
514	dttymeku	6.00
515	hkwkibjw	2.00
516	lnctszjh	5.00
517	qaesnuth	9.00
518	hfzpmiml	8.00
519	wjgabski	9.00
520	kgfvdxxz	8.00
521	xgkvmvsa	2.00
522	atxxfosl	9.00
523	kmriiofy	1.00
524	ifjrjhwv	10.00
525	pxojcohx	1.00
526	xnbocplv	8.00
527	erpdmdkd	9.00
528	rgxbmexu	10.00
529	wrpugbwp	7.00
530	kfrbtaix	1.00
531	iwhvusov	5.00
532	tjeefzxx	8.00
533	voeydvrx	4.00
534	hylciaoc	2.00
535	fnaqfueo	6.00
536	secyxqdt	4.00
537	jkzalloa	6.00
538	ldoneele	5.00
539	mmesuwaj	1.00
540	gqkzwcwm	9.00
541	fzzqtfch	1.00
542	fagbxcsu	5.00
543	ivcfvqef	1.00
544	wgnkwvnu	2.00
545	mqwuaaum	7.00
546	wfcjwauy	2.00
547	vtarihgd	3.00
548	zfqeavxq	9.00
549	utdtojjj	2.00
550	hznsbufy	5.00
551	tpxpmqck	7.00
552	xfqoluel	9.00
553	smhvpwae	9.00
554	gcttvbrw	3.00
555	hlgvpvdz	9.00
556	vfuervvl	1.00
557	afkawssr	3.00
558	jfmcoqhj	10.00
559	qdedpydi	1.00
560	yuowwpan	2.00
561	asqpdlvb	10.00
562	jwrvglpf	6.00
563	egfjstwx	9.00
564	bkkbxqis	1.00
565	swkwtecn	3.00
566	skyyuosm	1.00
567	umimnfwp	2.00
568	wxeoyxaj	2.00
569	hcghbhft	6.00
570	szxtmmjr	3.00
571	umklteoo	3.00
572	plpxudof	4.00
573	cyazgzpq	2.00
574	januooon	3.00
575	muhymysu	9.00
576	znepsblq	3.00
577	rjltdzby	1.00
578	xbohbjvl	1.00
579	wjergohe	10.00
580	rgzldnag	9.00
581	uabqhgfr	4.00
582	heghftrn	8.00
583	bnzlhhhq	5.00
584	wefxhekl	6.00
585	vwkhtdij	6.00
586	juaawwwf	4.00
587	zbeuqjih	6.00
588	niynsduf	10.00
589	jbwwhfhi	7.00
590	nbxalpij	4.00
591	liptmgyk	6.00
592	gubugdjo	8.00
593	pacylkmb	7.00
594	hrvmfmps	2.00
595	exmowief	7.00
596	luzjawnf	5.00
597	nqgnictb	3.00
598	wexfubhe	9.00
599	dsbtftxw	9.00
600	ywczvgkf	8.00
601	wsqrefdg	5.00
602	nasfhuli	3.00
603	iuqmrnmm	1.00
604	vwrmtyrw	1.00
605	exegyqhp	7.00
606	srnvnxpt	6.00
607	kaaiimvc	7.00
608	gogeerlh	1.00
609	gcybqqbq	9.00
610	zukttqxb	10.00
611	messoocd	6.00
612	xhygngmc	8.00
613	mwksztvo	2.00
614	zbsxrekd	1.00
615	qnkqatbl	3.00
616	esbhoscs	3.00
617	bulaself	1.00
618	ymqmjjdc	7.00
619	tkpnhukv	7.00
620	uohyqtgu	3.00
621	wtellzjf	6.00
622	symnnvbd	1.00
623	nxagikke	5.00
624	kdkqhkjp	6.00
625	mmmsatfn	5.00
626	kjcoftri	9.00
627	obztwepv	7.00
628	caaihtdl	4.00
629	iadivlgp	6.00
630	gsfyzfti	9.00
631	nxkobkob	8.00
632	mpoopbhl	3.00
633	ktbtxdlt	6.00
634	vwpqunnp	9.00
635	pfyebqve	6.00
636	fokovdft	8.00
637	jdicnzjk	3.00
638	oinsinmq	1.00
639	ofeqazgu	6.00
640	yentibtt	8.00
641	zvigolaw	5.00
642	mbioscbx	7.00
643	falyyzdj	6.00
644	eqygeljl	9.00
645	qhxfzhil	6.00
646	kxisjpio	6.00
647	gqfsaonn	2.00
648	pzaaybhz	3.00
649	nvjhjsrj	6.00
650	odgokapb	3.00
651	wltxzqzf	8.00
652	anvtrqgm	2.00
653	hidlvhqp	4.00
654	eorlwexe	4.00
655	yvxpoxjm	5.00
656	hkhukzgs	6.00
657	zpgnjsnb	1.00
658	fxpcimzy	8.00
659	tjbnnexw	4.00
660	kbajrgpc	4.00
661	cgwhhrbc	3.00
662	cceonkuc	4.00
663	pavnazex	3.00
664	owbiidpe	6.00
665	znsbuyhw	5.00
666	oesabpet	2.00
667	lztobilq	10.00
668	lvlsgxqj	9.00
669	nlhnctmx	3.00
670	wqjvmwpg	7.00
671	yyqxpihu	5.00
672	magvguxx	1.00
673	xnyljmsy	7.00
674	jdogwdee	6.00
675	gwlumrwr	1.00
676	ekhfdqnw	1.00
677	eqndtfrw	4.00
678	ikofseji	4.00
679	grrigyna	9.00
680	zvxhwusc	9.00
681	mhdooswy	6.00
682	rfakcljr	10.00
683	eureyoln	7.00
684	ajcvsihh	8.00
685	jumqwpqa	4.00
686	frbipgvo	1.00
687	dnthhvtn	5.00
688	wfwcgixg	7.00
689	ljsrzngx	8.00
690	vkqbtofr	7.00
691	mrqzdyfo	8.00
692	yzvhxwyu	9.00
693	lrdaqfnq	1.00
694	bhjhnqlh	1.00
695	npfzgjoh	4.00
696	rtelpqdd	8.00
697	rkiogkhp	1.00
698	phrpnonh	5.00
699	loivwsoz	7.00
700	nbaksrzj	3.00
701	isxlhvgc	9.00
702	syyddyhp	8.00
703	gsnvenbv	3.00
704	crijoezc	9.00
705	zsbbsdpj	2.00
706	rvececdw	4.00
707	euaufwmi	5.00
708	ayzlaqhj	7.00
709	jdejlylv	7.00
710	efdvzfyr	6.00
711	qbgufzbr	9.00
712	hrxmyztk	3.00
713	dyijpsdq	6.00
714	cwzsogor	1.00
715	ateqcazl	10.00
716	siwvxyva	1.00
717	ywxuqodi	6.00
718	jwokghml	2.00
719	pyekpavy	1.00
720	halzesrz	8.00
721	kqusaxct	10.00
722	nalfjsnw	8.00
723	tazovgwx	8.00
724	owzfxepr	10.00
725	nbjfsxsv	3.00
726	soaqmmab	4.00
727	hspegjli	10.00
728	pgwltxuu	4.00
729	myytvczs	10.00
730	gxwvsnfh	5.00
731	ksqersjw	4.00
732	gjhaarsq	9.00
733	jdanbgmn	10.00
734	iryynefm	7.00
735	yzrjagug	3.00
736	xycympof	8.00
737	xzxaotmx	5.00
738	olxitvfd	9.00
739	sxmbjuka	6.00
740	jtyfahcd	3.00
741	cjklreko	3.00
742	fvayrdqb	10.00
743	gtvqpvma	5.00
744	zybaxzty	6.00
745	gtwubvwg	5.00
746	mtpwmjpa	3.00
747	gxyyqvpa	5.00
748	pepeiuxy	3.00
749	vkalbdgv	4.00
750	tirveazx	9.00
751	yxkxyjpf	7.00
752	kozgqwky	2.00
753	rdeimvkd	7.00
754	xbkfrjsm	7.00
755	ruvdlbpf	1.00
756	coqhzpla	1.00
757	lfcvxxqs	3.00
758	blrcnhmi	5.00
759	xmjptuwe	4.00
760	iwafuyxf	9.00
761	gyykxxjr	7.00
762	yhgmtivh	9.00
763	ncrzcbiv	2.00
764	oivscaes	4.00
765	gaigazvc	8.00
766	rujzodol	8.00
767	rcfwyhbi	9.00
768	exwouqcu	6.00
769	fidudlvv	7.00
770	mbqibiky	10.00
771	vmisjsli	9.00
772	nngrvnkr	5.00
773	tvbuiypx	4.00
774	kjdsnbrl	4.00
775	qsnwvzwr	1.00
776	sywijykv	10.00
777	lvboekvh	9.00
778	tazglysd	1.00
779	xxhicutb	9.00
780	uacvcgnq	10.00
781	yiztvwyc	3.00
782	pvdofomf	7.00
783	bqbhsspn	1.00
784	yphdvxio	6.00
785	sokvnida	8.00
786	atxmebgq	1.00
787	mzdiljkm	8.00
788	ckcswlyn	9.00
789	slpomeqj	2.00
790	gfsulipx	3.00
791	xhnzsmna	4.00
792	lchtsitg	8.00
793	tqcsfqkk	4.00
794	xnwdjsnb	10.00
795	xadlejlh	4.00
796	jkccwyqm	5.00
797	uiymzgxs	10.00
798	bfsiryqf	5.00
799	uuiicjxf	10.00
800	dyjamcqf	3.00
801	yhqssqhh	4.00
802	emqgkaij	3.00
803	ogjcikne	2.00
804	upsspkak	1.00
805	cxltrilv	10.00
806	titnetvd	7.00
807	zyyycxyv	3.00
808	fuxagkny	7.00
809	cqcwciec	3.00
810	wlpkkirb	6.00
811	rhhzlxku	5.00
812	vduqdkbj	9.00
813	uhoepfiz	6.00
814	lstfbxko	4.00
815	vvttmbpi	1.00
816	msiftuhv	5.00
817	omixrgbj	8.00
818	attfufxl	4.00
819	tetawvpg	9.00
820	yhpgftas	2.00
821	lunnnxwj	9.00
822	eavulgmf	10.00
823	sfmkptnm	1.00
824	wkhttnys	6.00
825	rgbihceu	3.00
826	belatqjr	5.00
827	fgpxrfrq	1.00
828	rbxyfyow	1.00
829	jgujzqld	8.00
830	wweicqwq	8.00
831	bgqmbpfk	2.00
832	tcjyxjxe	5.00
833	pdttfhju	9.00
834	flibjoso	10.00
835	jayfsole	7.00
836	droiehyq	5.00
837	exawflno	8.00
838	ojwguedn	7.00
839	lpecdnnk	1.00
840	obhvymgu	2.00
841	ahlmnbyi	5.00
842	qyfnexbf	4.00
843	ywwvqplk	4.00
844	ftlmqaag	1.00
845	bsocxkmx	2.00
846	hhvieprc	5.00
847	wcymzmqb	7.00
848	jynxziwv	7.00
849	vvxuqfxf	5.00
850	jvayqgmv	5.00
851	enmazbsx	1.00
852	duyogwvg	1.00
853	zlnlierx	9.00
854	cagdfrko	6.00
855	dfublifc	10.00
856	zzfghsos	6.00
857	dsucaqdj	6.00
858	irtpgowq	3.00
859	djqearky	4.00
860	rvuskndf	7.00
861	obeziehs	7.00
862	oteefpyy	10.00
863	ynczfbyj	8.00
864	yiosjkpf	5.00
865	xzyyfjic	7.00
866	aimhjhno	8.00
867	vnzvvszg	4.00
868	qkcqeluy	6.00
869	rqppclbh	7.00
870	cpjgqsad	8.00
871	xtptekdo	3.00
872	kfwrgaje	10.00
873	uxqbzvzw	10.00
874	ktgdscjq	9.00
875	oizfxnqr	3.00
876	znwjjmhd	9.00
877	itaoxtlm	2.00
878	fjzowwlg	9.00
879	nstafbji	6.00
880	gehsewhc	10.00
881	bkyajlef	3.00
882	rsymsipv	8.00
883	wsxoezgc	9.00
884	hcitaymp	4.00
885	lroqgcnz	5.00
886	hvgqvtwx	8.00
887	ivzomgzz	3.00
888	bsnogkfy	10.00
889	hcbohags	3.00
890	btyzgmaj	9.00
891	yxiwqhye	3.00
892	gphnlrgt	10.00
893	wljftabk	4.00
894	vydfwuuk	6.00
895	pzmxxdgz	5.00
896	eoagzkoq	2.00
897	thqwqdrq	3.00
898	jtlkvgdk	10.00
899	wnahpykz	7.00
900	girwhwts	6.00
901	elqqelvz	10.00
902	dxlhbhne	3.00
903	xxxarjfr	7.00
904	fsjwojzj	9.00
905	ognuerfl	10.00
906	odrnajyi	10.00
907	uizizozf	3.00
908	pffkgfyq	6.00
909	yntvgwkc	3.00
910	orgepndo	10.00
911	hfafwzgr	7.00
912	ghfmlzsf	2.00
913	wgyyxrbc	6.00
914	uqnxpusx	7.00
915	zbghvhrm	9.00
916	uwecvelq	5.00
917	fpvcwthh	8.00
918	vgectsgp	3.00
919	tnuiqqhl	2.00
920	jtbfxrqh	10.00
921	eagnucma	2.00
922	qcckzwsd	1.00
923	uujwdqaa	3.00
924	mbilawyk	3.00
925	zahcqeto	4.00
926	ukjvqnzu	3.00
927	pngrivnw	3.00
928	aguhtfnv	2.00
929	rgdvggbu	7.00
930	qjgoqoae	2.00
931	kaagjkvt	5.00
932	asfgjalm	8.00
933	ipjpfahu	10.00
934	aqqsxhph	8.00
935	kgxwacjc	7.00
936	qimkjklc	4.00
937	nguncpdl	9.00
938	ybbnfxmm	4.00
939	xctiwkiq	9.00
940	wrdpqvtn	8.00
941	alzvmbuz	3.00
942	vxmyfsha	8.00
943	ijjyhiep	9.00
944	efyunrnj	6.00
945	yfqhjyqr	8.00
946	rizyreoo	5.00
947	ndhhugww	10.00
948	gvowcosf	5.00
949	ntkkyrgt	4.00
950	ulnsbbiz	1.00
951	yxfjmsuj	3.00
952	oiukqxcc	8.00
953	isdsbrnm	3.00
954	icevpmuf	9.00
955	gluwvtpp	4.00
956	bzihzwed	7.00
957	nplilbyn	2.00
958	pcdnssfd	4.00
959	yggwbmzz	2.00
960	kliqgtqh	3.00
961	behtbxyq	9.00
962	chzzrdbr	9.00
963	kimmiysw	10.00
964	zxkxkqgf	8.00
965	fcxcilxa	6.00
966	ybzwvpqw	7.00
967	ghzviltu	9.00
968	tvsfgvze	1.00
969	skzyraix	4.00
970	csgatuap	9.00
971	mvlflosf	6.00
972	fbxsuzys	1.00
973	ifdyfsdt	3.00
974	qpytxrws	6.00
975	zlvjpyli	3.00
976	tlacical	3.00
977	yvfpfcur	5.00
978	eiyidszp	4.00
979	zympsvxw	10.00
980	csmddlbs	2.00
981	gwvvtoxf	4.00
982	bebdozpy	4.00
983	txzerjng	9.00
984	syustnwx	6.00
985	gyoixvpz	10.00
986	bqfolajy	4.00
987	rcnikcih	6.00
988	gyvaobul	5.00
989	pweqnbzv	7.00
990	irxpdfia	6.00
991	opktwsgz	3.00
992	cbuqwpud	8.00
993	rrsqobfi	10.00
994	cerpdzbp	7.00
995	vbhcugbr	6.00
996	rpfrpxha	7.00
997	puspaura	1.00
998	koinmoyq	6.00
999	gdowgvkh	3.00
1000	ciumgjgy	6.00
\.


--
-- Name: products_product_id_seq; Type: SEQUENCE SET; Schema: public; Owner: afra
--

SELECT pg_catalog.setval('public.products_product_id_seq', 1000, true);


--
-- Data for Name: users; Type: TABLE DATA; Schema: public; Owner: afra
--

COPY public.users (user_id, first_name, last_name) FROM stdin;
1	ehrxutsw	fxvwyxhw
2	zastzibl	lwjietzy
3	gcczjteh	jtsxqtdg
4	vbmljshd	fxyessqp
5	koyhapcn	ysuvxdld
6	jydwxjkq	zcfrjigl
7	geaazulm	qyvsnbgt
8	kjfqlxef	iukebedq
9	ahgvsptr	qqmtlccs
10	brwwecuu	gskqvzgu
11	rbygstrx	lnijdydi
12	cqvpuapc	ovedohgo
13	lawkloiq	pubpmcdr
14	uumjnaoy	rrffebke
15	qpjtmbfg	deybzoyr
16	knrwjyen	jgdtgnbd
17	qflojmqp	inwfwwsu
18	kzsrzfwn	dvdnudqv
19	xttprxhp	gnupuzih
20	ugtqwppe	dtjoetbi
21	qpjnmgtd	thzarnfd
22	bpoxzfxf	hrqesxxm
23	ssrhulib	miodrxld
24	inxxyvxl	jpahtmpo
25	bukfmqay	aanddcsi
26	hvyfxayj	yoyxyimk
27	ofapopca	kzagsywu
28	etpbustj	oemvwnus
29	chnmlimj	buhnwume
30	xkkcqnbo	zwxvxyju
31	ezhftoun	szsbpfnh
32	ajreyzly	ahhgncqu
33	ddmhopoa	synklttm
34	dmmplzto	hbhzgrnb
35	wspphxav	kpdmapnx
36	bcxmemdy	fdavlskp
37	zeknbrud	shaujbnu
38	mudnmhhg	ywwcqooi
39	txnbzlpz	rbkeyslz
40	gsxgkluy	jyqpqxyu
41	tvoxbekb	rhzxbocz
42	nebumqfu	dubansxg
43	xprqleti	ztdhfzpg
44	qqmdelnk	vhrnumsk
45	aoetshma	mhpfmgoe
46	benwjusm	jhuccbnw
47	jpbttilo	zgdvkzfa
48	teraunbk	eqgfmcwh
49	tqhexqno	jlfbajrt
50	sdyrkkhy	ycptzqae
51	vgildmjq	lmywjzmp
52	dwbgdauo	pizmfqxk
53	tqltuarr	kfxbxukj
54	hcpljerp	bilacxcf
55	vrclwpmg	apgbsstz
56	vukzehho	bowxgrka
57	xjkwjogp	bqqsgyer
58	waklvbmt	getwmmfc
59	ymwuvkyx	lahjtxlp
60	wiwvmfmy	wrvciwlt
61	ypplzacy	llqlrcpw
62	kqqhhidj	jlefbtre
63	hkbsepda	looezize
64	rttxqctl	ryqptidl
65	zwgsnvpp	eevsofua
66	ggfkyxga	ufultzfe
67	riqphrra	mgwselzv
68	hnsdxdat	cifuewhn
69	qhonaqob	qhirishb
70	wkhainqm	kfhjiwsq
71	ddfmzdfd	dwztzive
72	btlhoepi	dcsqentl
73	fjqnhcnm	hykccirm
74	odedyrgx	vuanjcsj
75	fhdkqayp	uqkdqsun
76	mwpcjhlw	zvclujdq
77	blxiigyx	ltcxfjdd
78	hljmzifh	boownfkk
79	qvnjsdos	yyzakorm
80	farwtwtm	xkomfkvn
81	zgnkalij	avxzqpbl
82	kamqnifu	raodmywe
83	vzytgzaj	uaycrmwy
84	xrqyqiow	yebvndrx
85	abohizhc	lxoahvzk
86	kpyzchmb	bdbhycny
87	moxvxcpl	wilgkusr
88	jcssiyhg	dsugfjpz
89	qmpwfpih	tfgnngjc
90	onamrsfu	perimhgu
91	kmkbzmou	boyuiaqh
92	dbjacnbc	nbhetxkf
93	ouvwxmtm	ijmtqccg
94	iwipsjkt	vqdhwhcw
95	tucgnlih	jlkximru
96	xomquzji	sjxfmkwd
97	suyohuev	jgshkjne
98	cfzcckre	hukhinxn
99	oebbrwry	tziuclxw
100	wjidenbe	panvicxm
\.


--
-- Name: users_user_id_seq; Type: SEQUENCE SET; Schema: public; Owner: afra
--

SELECT pg_catalog.setval('public.users_user_id_seq', 100, true);


--
-- Name: orders orders_pkey; Type: CONSTRAINT; Schema: public; Owner: afra
--

ALTER TABLE ONLY public.orders
    ADD CONSTRAINT orders_pkey PRIMARY KEY (order_id);


--
-- Name: orders_products orders_products_pkey; Type: CONSTRAINT; Schema: public; Owner: afra
--

ALTER TABLE ONLY public.orders_products
    ADD CONSTRAINT orders_products_pkey PRIMARY KEY (orders_product_id);


--
-- Name: products products_pkey; Type: CONSTRAINT; Schema: public; Owner: afra
--

ALTER TABLE ONLY public.products
    ADD CONSTRAINT products_pkey PRIMARY KEY (product_id);


--
-- Name: users users_pkey; Type: CONSTRAINT; Schema: public; Owner: afra
--

ALTER TABLE ONLY public.users
    ADD CONSTRAINT users_pkey PRIMARY KEY (user_id);


--
-- Name: orders_products orders_products_order_id_fkey; Type: FK CONSTRAINT; Schema: public; Owner: afra
--

ALTER TABLE ONLY public.orders_products
    ADD CONSTRAINT orders_products_order_id_fkey FOREIGN KEY (order_id) REFERENCES public.orders(order_id);


--
-- Name: orders_products orders_products_product_id_fkey; Type: FK CONSTRAINT; Schema: public; Owner: afra
--

ALTER TABLE ONLY public.orders_products
    ADD CONSTRAINT orders_products_product_id_fkey FOREIGN KEY (product_id) REFERENCES public.products(product_id);


--
-- Name: orders orders_user_id_fkey; Type: FK CONSTRAINT; Schema: public; Owner: afra
--

ALTER TABLE ONLY public.orders
    ADD CONSTRAINT orders_user_id_fkey FOREIGN KEY (user_id) REFERENCES public.users(user_id);


--
-- PostgreSQL database dump complete
--

